{
 "analysis":{
   "authors":"Sergei L Kosakovsky Pond",
   "contact":"spond@temple.edu",
   "info":"Fit an MG94xREV model with several selectable options frequency estimator and \nreport the fit results including dN/dS ratios, and synonymous and non-synonymous branch lengths. v0.2 adds LRT test for dN/dS != 1. \nv0.3 adds LRT test support for dN/dS != 1 for local models. v0.4 adds the lineage option",
   "requirements":"in-frame codon alignment and a phylogenetic tree",
   "version":"0.4"
  },
 "branch attributes":{
   "0":{
     "AjPh":{
       "Nucleotide GTR":0.01018134000298738,
       "Standard MG94":0.01081938263148031,
       "dN":0.001273852093652838,
       "dS":0.04439500284878872,
       "nonsynonymous":0.0009918653227132806,
       "synonymous":0.009827517308767042
      },
     "MolossusPhyllostomus":{
       "Nucleotide GTR":0.001321108811386221,
       "Standard MG94":0.001178411034130748,
       "dN":1.284299455260895e-10,
       "dS":0.005323375128590041,
       "nonsynonymous":1e-10,
       "synonymous":0.001178411034130748
      },
     "Myobl":{
       "Nucleotide GTR":0.001850898478406582,
       "Standard MG94":0.001319725777698719,
       "dN":1.284299455260895e-10,
       "dS":0.00596175288424957,
       "nonsynonymous":1e-10,
       "synonymous":0.001319725777698718
      },
     "Myodm":{
       "Nucleotide GTR":0.01126192905444738,
       "Standard MG94":0.01202730890884696,
       "dN":1.284299455260895e-10,
       "dS":0.05433238085423552,
       "nonsynonymous":1e-10,
       "synonymous":0.01202730890884696
      },
     "Myotis":{
       "Nucleotide GTR":0.002166860288324002,
       "Standard MG94":0.001781488531592631,
       "dN":1.284299455260895e-10,
       "dS":0.008047728225783382,
       "nonsynonymous":1e-10,
       "synonymous":0.001781488531592631
      },
     "Phyllostomidae":{
       "Nucleotide GTR":0.02086570824028142,
       "Standard MG94":0.02315179731771772,
       "dN":0.001308189216406572,
       "dS":0.0999848959997596,
       "nonsynonymous":0.001018601394750902,
       "synonymous":0.02213319592296681
      },
     "Phyllostomus":{
       "Nucleotide GTR":0.01205821259251705,
       "Standard MG94":0.01228909857865565,
       "dN":1.284299455260895e-10,
       "dS":0.05551499420120686,
       "nonsynonymous":1e-10,
       "synonymous":0.01228909857865564
      },
     "Pipistrellus":{
       "Nucleotide GTR":0.02071342776901722,
       "Standard MG94":0.02284214068499977,
       "dN":1.284299455260895e-10,
       "dS":0.1031874957755961,
       "nonsynonymous":1e-10,
       "synonymous":0.02284214068499976
      },
     "Pteropodidae":{
       "Nucleotide GTR":0.009142265701907347,
       "Standard MG94":0.009252053093369178,
       "dN":0.001294436734005994,
       "dS":0.03724231551599906,
       "nonsynonymous":0.001007893236038973,
       "synonymous":0.008244159857330209
      },
     "Pteropus":{
       "Nucleotide GTR":0.003180604546146714,
       "Standard MG94":0.003073556412251886,
       "dN":0.001293434921254657,
       "dS":0.009334987653348174,
       "nonsynonymous":0.00100711318996231,
       "synonymous":0.002066443222289575
      },
     "Vespertilionidae":{
       "Nucleotide GTR":0.01677678220697303,
       "Standard MG94":0.01752606484724552,
       "dN":0.002583018195896088,
       "dS":0.07008700499268659,
       "nonsynonymous":0.002011227354582478,
       "synonymous":0.01551483749266304
      },
     "Yangochiroptera":{
       "Nucleotide GTR":0.007965354671327814,
       "Standard MG94":0.007259669191645231,
       "dN":0.001293596048697795,
       "dS":0.02824484180645907,
       "nonsynonymous":0.001007238649365471,
       "synonymous":0.006252430542279759
      },
     "YangochiropteraAfterSaccopteryx":{
       "Nucleotide GTR":0.002133883868191104,
       "Standard MG94":0.001803923180462291,
       "dN":1.284299455260895e-10,
       "dS":0.008149074910728075,
       "nonsynonymous":1e-10,
       "synonymous":0.001803923180462291
      },
     "ajXP_036987125_1":{
       "Confidence Intervals":{
         "LB":0.007874253971786243,
         "MLE":0.02537074713381637,
         "UB":0.05898352633766486
        },
       "Lineage dN/dS":0.02537074713381637,
       "Nucleotide GTR":0.01658707584446999,
       "Standard MG94":0.01731922611999586,
       "dN":0.00128616579296224,
       "dS":0.07371419990677439,
       "nonsynonymous":0.001001453195120265,
       "original name":"ajXP_036987125.1",
       "synonymous":0.01631777292487559
      },
     "drXP_053769761_1":{
       "Confidence Intervals":{
         "LB":0.3305037512263005,
         "MLE":0.4236681436473922,
         "UB":0.5327760094849311
        },
       "Lineage dN/dS":0.4236681436473922,
       "Nucleotide GTR":0.11503203135779,
       "Standard MG94":0.1115426781267978,
       "dN":0.1003712342424256,
       "dS":0.1508373150937259,
       "nonsynonymous":0.07815251640205359,
       "original name":"drXP_053769761.1",
       "synonymous":0.03339016172474432
      },
     "mbXP_005872144_1":{
       "Confidence Intervals":{
         "LB":0.009256819280702006,
         "MLE":0.03723516494112342,
         "UB":0.09661993444877257
        },
       "Lineage dN/dS":0.03723516494112342,
       "Nucleotide GTR":0.001085516028450414,
       "Standard MG94":0.00106851627593172,
       "dN":1.284299455260895e-10,
       "dS":0.004826934578039142,
       "nonsynonymous":1e-10,
       "original name":"mbXP_005872144.1",
       "synonymous":0.00106851627593172
      },
     "mdXP_059556959_1":{
       "Confidence Intervals":{
         "LB":0.005960372946837154,
         "MLE":0.0239827003735983,
         "UB":0.06219018592801818
        },
       "Lineage dN/dS":0.0239827003735983,
       "Nucleotide GTR":0.006059797135548095,
       "Standard MG94":0.006102798392865709,
       "dN":1.284299455260895e-10,
       "dS":0.02756889085254102,
       "nonsynonymous":1e-10,
       "original name":"mdXP_059556959.1",
       "synonymous":0.006102798392865707
      },
     "mlXP_023612273_1":{
       "Confidence Intervals":{
         "LB":0.008385250549205484,
         "MLE":0.03371844088746706,
         "UB":0.08751112672900598
        },
       "Lineage dN/dS":0.03371844088746706,
       "Nucleotide GTR":0.003962504637638302,
       "Standard MG94":0.003969677036973815,
       "dN":1.284299455260895e-10,
       "dS":0.01793269020325276,
       "nonsynonymous":1e-10,
       "original name":"mlXP_023612273.1",
       "synonymous":0.003969677036973815
      },
     "mmXP_036173428_1":{
       "Confidence Intervals":{
         "LB":0.006410306223684092,
         "MLE":0.02578879169525804,
         "UB":0.06688839112053054
        },
       "Lineage dN/dS":0.02578879169525804,
       "Nucleotide GTR":0.002999473276523491,
       "Standard MG94":0.002972146762275828,
       "dN":1.284299455260895e-10,
       "dS":0.01342642905961035,
       "nonsynonymous":1e-10,
       "original name":"mmXP_036173428.1",
       "synonymous":0.002972146762275828
      },
     "moXP_036104716_1":{
       "Confidence Intervals":{
         "LB":0.01205323923769938,
         "MLE":0.04856246584320207,
         "UB":0.125840934485296
        },
       "Lineage dN/dS":0.04856246584320207,
       "Nucleotide GTR":0.01499225469008709,
       "Standard MG94":0.0148962329494695,
       "dN":0.002589579215282682,
       "dS":0.05818387739076199,
       "nonsynonymous":0.002016335991325815,
       "original name":"moXP_036104716.1",
       "synonymous":0.01287989695814366
      },
     "paXP_006926372_1":{
       "Confidence Intervals":{
         "LB":0.01156415700241946,
         "MLE":0.06958622959431603,
         "UB":0.2149936286600624
        },
       "Lineage dN/dS":0.06958622959431603,
       "Nucleotide GTR":0,
       "Standard MG94":0,
       "dN":1.284299455260895e-10,
       "dS":4.517417924991526e-10,
       "nonsynonymous":1e-10,
       "original name":"paXP_006926372.1",
       "synonymous":1e-10
      },