{
 "analysis":{
   "authors":"Sergei L Kosakovsky Pond",
   "contact":"spond@temple.edu",
   "info":"Fit an MG94xREV model with several selectable options frequency estimator and \nreport the fit results including dN/dS ratios, and synonymous and non-synonymous branch lengths. v0.2 adds LRT test for dN/dS != 1. \nv0.3 adds LRT test support for dN/dS != 1 for local models. v0.4 adds the lineage option",
   "requirements":"in-frame codon alignment and a phylogenetic tree",
   "version":"0.4"
  },
 "branch attributes":{
   "0":{
     "AjPh":{
       "Nucleotide GTR":0.007850659288919754,
       "Standard MG94":0.00560383283527973,
       "dN":0.00634173314877941,
       "dS":0.003566696862094724,
       "nonsynonymous":0.004655424792715981,
       "synonymous":0.0009484080425637528
      },
     "MolossusPhyllostomus":{
       "Nucleotide GTR":0.01188381030911227,
       "Standard MG94":0.01165726835386856,
       "dN":0.001754999221696161,
       "dS":0.03899465837290232,
       "nonsynonymous":0.001288333440749409,
       "synonymous":0.01036893491311916
      },
     "Myobl":{
       "Nucleotide GTR":0.02018651428108252,
       "Standard MG94":0.0004312030359975272,
       "dN":0.0005873952880773496,
       "dS":3.760719755658302e-10,
       "nonsynonymous":0.0004312030359975272,
       "synonymous":1e-10
      },
     "Myodm":{
       "Nucleotide GTR":0.005094940272113457,
       "Standard MG94":0.005559514370860805,
       "dN":0.0007707221870419652,
       "dS":0.01878002755847158,
       "nonsynonymous":0.0005657821125037461,
       "synonymous":0.004993732258357069
      },
     "Myotis":{
       "Nucleotide GTR":0.008625649944323745,
       "Standard MG94":0.006271030108152542,
       "dN":0.005353237345448464,
       "dS":0.008804798719749898,
       "nonsynonymous":0.00392977649399999,
       "synonymous":0.002341253614152551
      },
     "Phyllostomidae":{
       "Nucleotide GTR":0.04388648653774203,
       "Standard MG94":0.04796179783009388,
       "dN":0.02764455787106914,
       "dS":0.1040520035654236,
       "nonsynonymous":0.02029368897702945,
       "synonymous":0.02766810885306439
      },
     "Phyllostomus":{
       "Nucleotide GTR":0.0407017381999553,
       "Standard MG94":0.05043319346420191,
       "dN":0.01409101541970616,
       "dS":0.1507637623552923,
       "nonsynonymous":0.01034412218244616,
       "synonymous":0.04008907128175565
      },
     "Pipistrellus":{
       "Nucleotide GTR":0.03235726764036446,
       "Standard MG94":0.03847287968868936,
       "dN":0.01394513145756688,
       "dS":0.106187118792162,
       "nonsynonymous":0.01023702972076894,
       "synonymous":0.02823584996792039
      },
     "Pteropodidae":{
       "Nucleotide GTR":0.04708593641168742,
       "Standard MG94":0.05236394921447287,
       "dN":0.01957325095705178,
       "dS":0.1428898776955654,
       "nonsynonymous":0.01436859540471974,
       "synonymous":0.03799535380975311
      },
     "Pteropus":{
       "Nucleotide GTR":0.019029885779943,
       "Standard MG94":0.01622693065765992,
       "dN":0.0077313146196186,
       "dS":0.03968094569036812,
       "nonsynonymous":0.005675507454517764,
       "synonymous":0.01055142320314216
      },
     "Vespertilionidae":{
       "Nucleotide GTR":0.04780459676430047,
       "Standard MG94":0.0555214963539782,
       "dN":0.02212314180412723,
       "dS":0.147724993566232,
       "nonsynonymous":0.01624045358444768,
       "synonymous":0.0392810427695305
      },
     "Yangochiroptera":{
       "Nucleotide GTR":0.02265212062049231,
       "Standard MG94":0.02020204735152433,
       "dN":0.01719092413094464,
       "dS":0.02851491471330015,
       "nonsynonymous":0.01261974487594178,
       "synonymous":0.007582302475582552
      },
     "YangochiropteraAfterSaccopteryx":{
       "Nucleotide GTR":0.01069875094355641,
       "Standard MG94":0.01042665838851541,
       "dN":0.001075446681203779,
       "dS":0.03624273328823387,
       "nonsynonymous":0.0007894783689982012,
       "synonymous":0.009637180019517222
      },
     "ajXP_037002757_2":{
       "Confidence Intervals":{
         "LB":0.1505646141994471,
         "MLE":0.1957768345506486,
         "UB":0.2488781449330803
        },
       "Lineage dN/dS":0.1957768345506486,
       "Nucleotide GTR":0.0323591130949093,
       "Standard MG94":0.0329194650357677,
       "dN":0.008940622844778463,
       "dS":0.09911832839024441,
       "nonsynonymous":0.006563252706701414,
       "original name":"ajXP_037002757.2",
       "synonymous":0.02635621232906627
      },
     "drXP_024410640_3":{
       "Confidence Intervals":{
         "LB":0.1996547232868502,
         "MLE":0.2559135727684111,
         "UB":0.3218189885806504
        },
       "Lineage dN/dS":0.2559135727684111,
       "Nucleotide GTR":0.03173976427427135,
       "Standard MG94":0.03272367696272729,
       "dN":0.02143355512461938,
       "dS":0.06389253936498115,
       "nonsynonymous":0.01573423251692683,
       "original name":"drXP_024410640.3",
       "synonymous":0.0169894444458005
      },
     "mbXP_014399272_1":{
       "Confidence Intervals":{
         "LB":0.2610636850991022,
         "MLE":0.3121420203182601,
         "UB":0.3696774496898068
        },
       "Lineage dN/dS":0.3121420203182601,
       "Nucleotide GTR":0.07028483953434217,
       "Standard MG94":0.09244104823525238,
       "dN":0.08502184894720315,
       "dS":0.1129233782809364,
       "nonsynonymous":0.06241398277496816,
       "original name":"mbXP_014399272.1",
       "synonymous":0.03002706546028435
      },
     "mdXP_059547608_1":{
       "Confidence Intervals":{
         "LB":0.1169388423572773,
         "MLE":0.1551557009231137,
         "UB":0.2004708214660979
        },
       "Lineage dN/dS":0.1551557009231137,
       "Nucleotide GTR":0.01165886850767795,
       "Standard MG94":0.01232666468654128,
       "dN":0.006706683471678976,
       "dS":0.02784185785284025,
       "nonsynonymous":0.004923332435859772,
       "original name":"mdXP_059547608.1",
       "synonymous":0.007403332250681526
      },
     "mlXP_023610818_1":{
       "Confidence Intervals":{
         "LB":0.1232279522354195,
         "MLE":0.1375940272634042,
         "UB":0.1538818114469756
        },
       "Lineage dN/dS":0.1375940272634042,
       "Nucleotide GTR":1.125085462637056,
       "Standard MG94":819.8846790663735,
       "dN":0.8056357128070086,
       "dS":3081.132375498265,
       "nonsynonymous":0.5914119032304334,
       "original name":"mlXP_023610818.1",
       "synonymous":819.2932671631424
      },
     "mmXP_036163372_1":{
       "Confidence Intervals":{
         "LB":0.1107677972171697,
         "MLE":0.1486406796861852,
         "UB":0.1938808064512442
        },
       "Lineage dN/dS":0.1486406796861852,
       "Nucleotide GTR":0.005756656208973964,
       "Standard MG94":0.005453670787810817,
       "dN":0.002369469538276894,
       "dS":0.01396828610782515,
       "nonsynonymous":0.00173941207794318,
       "original name":"mmXP_036163372.1",
       "synonymous":0.00371425870986764
      },
     "moXP_036137387_1":{
       "Confidence Intervals":{
         "LB":0.1537392868889413,
         "MLE":0.1976995043648072,
         "UB":0.2495046246559054
        },
       "Lineage dN/dS":0.1976995043648072,
       "Nucleotide GTR":0.07469046527061955,
       "Standard MG94":0.08511510389624251,
       "dN":0.04619039485365679,
       "dS":0.19257531713336,
       "nonsynonymous":0.03390806650835543,
       "original name":"moXP_036137387.1",
       "synonymous":0.05120703738788704
      },
     "paXP_024901541_1":{
       "Confidence Intervals":{
         "LB":0.08594961404550577,
         "MLE":0.1280728218374084,
         "UB":0.1819439112200056
        },
       "Lineage dN/dS":0.1280728218374084,
       "Nucleotide GTR":0.001311114710003146,
       "Standard MG94":0.001288683112468008,
       "dN":1.362224379330943e-10,
       "dS":0.004846376039841668,
       "nonsynonymous":1e-10,