{
 "analysis":{
   "authors":"Sergei L Kosakovsky Pond",
   "contact":"spond@temple.edu",
   "info":"Fit an MG94xREV model with several selectable options frequency estimator and \nreport the fit results including dN/dS ratios, and synonymous and non-synonymous branch lengths. v0.2 adds LRT test for dN/dS != 1. \nv0.3 adds LRT test support for dN/dS != 1 for local models. v0.4 adds the lineage option",
   "requirements":"in-frame codon alignment and a phylogenetic tree",
   "version":"0.4"
  },
 "branch attributes":{
   "0":{
     "AjPh":{
       "Nucleotide GTR":0.007766686902357265,
       "Standard MG94":0.005608594767559705,
       "dN":0.00633422574522462,
       "dS":0.00360539005201156,
       "nonsynonymous":0.004649877203577651,
       "synonymous":0.0009587175639820551
      },
     "MolossusPhyllostomus":{
       "Nucleotide GTR":0.01168489998126557,
       "Standard MG94":0.01269159048329828,
       "dN":0.001754362449315998,
       "dS":0.0428853217972557,
       "nonsynonymous":0.001287855893995744,
       "synonymous":0.01140373458930254
      },
     "Myobl":{
       "Nucleotide GTR":0.09150141186739512,
       "Standard MG94":0.000424943217152064,
       "dN":0.0005788725483486267,
       "dS":3.76063836468844e-10,
       "nonsynonymous":0.000424943217152064,
       "synonymous":1e-10
      },
     "Myodm":{
       "Nucleotide GTR":0.004912659566864539,
       "Standard MG94":0.005938564595709771,
       "dN":0.0007698465019075175,
       "dS":0.02020752606171957,
       "nonsynonymous":0.0005651348473288148,
       "synonymous":0.005373429748380954
      },
     "Myotis":{
       "Nucleotide GTR":0.008795429466203238,
       "Standard MG94":0.006319411599338653,
       "dN":0.005346532712442421,
       "dS":0.009005178378699782,
       "nonsynonymous":0.00392482389761854,
       "synonymous":0.002394587701720115
      },
     "Phyllostomidae":{
       "Nucleotide GTR":0.04382917965525365,
       "Standard MG94":0.04717139160796355,
       "dN":0.02764350294622246,
       "dS":0.1010808302289306,
       "nonsynonymous":0.02029275547584913,
       "synonymous":0.02687863613211447
      },
     "Phyllostomus":{
       "Nucleotide GTR":0.04104102116562212,
       "Standard MG94":0.05043229797052581,
       "dN":0.0140843463059107,
       "dS":0.1507758478137034,
       "nonsynonymous":0.0103391453745583,
       "synonymous":0.04009315259596754
      },
     "Pipistrellus":{
       "Nucleotide GTR":0.03249842218995503,
       "Standard MG94":0.03833715461742664,
       "dN":0.01395211900620035,
       "dS":0.1056554194500719,
       "nonsynonymous":0.01024207894034141,
       "synonymous":0.02809507567708526
      },
     "Pteropodidae":{
       "Nucleotide GTR":0.04707805405022179,
       "Standard MG94":0.0520175495592369,
       "dN":0.01956793742392826,
       "dS":0.1415991937392293,
       "nonsynonymous":0.01436458216178265,
       "synonymous":0.0376529673974542
      },
     "Pteropus":{
       "Nucleotide GTR":0.01891775935115128,
       "Standard MG94":0.01624147933690533,
       "dN":0.007733225558068039,
       "dS":0.03972969113526902,
       "nonsynonymous":0.005676865757380658,
       "synonymous":0.01056461357952469
      },
     "Vespertilionidae":{
       "Nucleotide GTR":0.04793384415604491,
       "Standard MG94":0.05411696493566317,
       "dN":0.02211870047563425,
       "dS":0.1424526014074656,
       "nonsynonymous":0.01623706594163493,
       "synonymous":0.03787989899402822
      },
     "Yangochiroptera":{
       "Nucleotide GTR":0.02269370392682503,
       "Standard MG94":0.02025993379674845,
       "dN":0.01716560535487142,
       "dS":0.02880225560634082,
       "nonsynonymous":0.0126010597404745,
       "synonymous":0.007658874056273961
      },
     "YangochiropteraAfterSaccopteryx":{
       "Nucleotide GTR":0.01085791065805823,
       "Standard MG94":0.0108482787577307,
       "dN":0.001070598815596869,
       "dS":0.03784091712363,
       "nonsynonymous":0.0007859134213165905,
       "synonymous":0.01006236533641411
      },
     "ajXP_037002757_2":{
       "Confidence Intervals":{
         "LB":0.1515567759131209,
         "MLE":0.1971336208272921,
         "UB":0.2505084294552249
        },
       "Lineage dN/dS":0.1971336208272921,
       "Nucleotide GTR":0.0324810372212242,
       "Standard MG94":0.03288354839171265,
       "dN":0.008939010192586532,
       "dS":0.09898575916896812,
       "nonsynonymous":0.006562017425475008,
       "original name":"ajXP_037002757.2",
       "synonymous":0.02632153096623766
      },
     "drXP_024410640_3":{
       "Confidence Intervals":{
         "LB":0.2011035267516479,
         "MLE":0.2579160775264707,
         "UB":0.3241370634148784
        },
       "Lineage dN/dS":0.2579160775264707,
       "Nucleotide GTR":0.03186432324350349,
       "Standard MG94":0.0327288632562011,
       "dN":0.02142428554328761,
       "dS":0.06393671418707179,
       "nonsynonymous":0.01572730448165273,
       "original name":"drXP_024410640.3",
       "synonymous":0.01700155877454832
      },
     "mbXP_014399272_1":{
       "Confidence Intervals":{
         "LB":0.2625452525467281,
         "MLE":0.3143629103896219,
         "UB":0.3717801970879866
        },
       "Lineage dN/dS":0.3143629103896219,
       "Nucleotide GTR":0,
       "Standard MG94":0.09199417092663581,
       "dN":0.08504275194339504,
       "dS":0.1111845248607937,
       "nonsynonymous":0.06242883810846542,
       "original name":"mbXP_014399272.1",
       "synonymous":0.02956533281817038
      },
     "mdXP_059547608_1":{
       "Confidence Intervals":{
         "LB":0.1167465833932101,
         "MLE":0.1547701039123046,
         "UB":0.2001684098739882
        },
       "Lineage dN/dS":0.1547701039123046,
       "Nucleotide GTR":0.0117203441383234,
       "Standard MG94":0.0123274699683788,
       "dN":0.006707939527539683,
       "dS":0.02784096129489385,
       "nonsynonymous":0.004924215894199731,
       "original name":"mdXP_059547608.1",
       "synonymous":0.007403254074179082
      },
     "mlXP_023610818_1":{
       "Confidence Intervals":{
         "LB":0.1228434493051349,
         "MLE":0.137214248675688,
         "UB":0.1534178149187022
        },
       "Lineage dN/dS":0.137214248675688,
       "Nucleotide GTR":232.7302339426246,
       "Standard MG94":817.7025630361458,
       "dN":0.8054309407765722,
       "dS":3072.860125902585,
       "nonsynonymous":0.591256946185816,
       "original name":"mlXP_023610818.1",
       "synonymous":817.1113060899606
      },
     "mmXP_036163372_1":{
       "Confidence Intervals":{
         "LB":0.1106348400249594,
         "MLE":0.148509599148997,
         "UB":0.193673572790951
        },
       "Lineage dN/dS":0.148509599148997,
       "Nucleotide GTR":0.005737409954697853,
       "Standard MG94":0.005452364201425363,
       "dN":0.00236818921090856,
       "dS":0.01396665600365864,
       "nonsynonymous":0.001738458569125683,
       "original name":"mmXP_036163372.1",
       "synonymous":0.003713905632299676
      },
     "moXP_036137386_1":{
       "Confidence Intervals":{
         "LB":0.1509373062036575,
         "MLE":0.1941026957976357,
         "UB":0.244983192475294
        },
       "Lineage dN/dS":0.1941026957976357,
       "Nucleotide GTR":0.07578040215035914,
       "Standard MG94":0.08512175834587231,
       "dN":0.04618089783101018,
       "dS":0.1926233918371816,
       "nonsynonymous":0.03390082903613786,
       "original name":"moXP_036137386.1",
       "synonymous":0.05122092930973437
      },
     "paXP_024901541_1":{
       "Confidence Intervals":{
         "LB":0.08643155261912981,
         "MLE":0.1287603787371014,
         "UB":0.1829681443073434
        },
       "Lineage dN/dS":0.1287603787371014,
       "Nucleotide GTR":0.001310480324054147,
       "Standard MG94":0.001289185143790643,
       "dN":1.362235058670156e-10,
       "dS":0.004848159110925478,
       "nonsynonymous":1e-10,
       "original name":"paXP_024901541.1",