{
 "analysis":{
   "authors":"Sergei L Kosakovsky Pond",
   "contact":"spond@temple.edu",
   "info":"Fit an MG94xREV model with several selectable options frequency estimator and \nreport the fit results including dN/dS ratios, and synonymous and non-synonymous branch lengths. v0.2 adds LRT test for dN/dS != 1. \nv0.3 adds LRT test support for dN/dS != 1 for local models. v0.4 adds the lineage option",
   "requirements":"in-frame codon alignment and a phylogenetic tree",
   "version":"0.4"
  },
 "branch attributes":{
   "0":{
     "AjPh":{
       "Nucleotide GTR":0.007850659288919754,
       "Standard MG94":0.005596833887445525,
       "dN":0.006335769283028019,
       "dS":0.003556840342705732,
       "nonsynonymous":0.004651046757906239,
       "synonymous":0.0009457871295392812
      },
     "MolossusPhyllostomus":{
       "Nucleotide GTR":0.01188381030911227,
       "Standard MG94":0.01166140426235033,
       "dN":0.001754463867886564,
       "dS":0.03901169032747574,
       "nonsynonymous":0.00128794044102211,
       "synonymous":0.01037346382132823
      },
     "Myobl":{
       "Nucleotide GTR":0.02018651428108252,
       "Standard MG94":0.0004319436608969455,
       "dN":0.0005884041853712767,
       "dS":3.760719755658302e-10,
       "nonsynonymous":0.0004319436608969454,
       "synonymous":1e-10
      },
     "Myodm":{
       "Nucleotide GTR":0.005094940272113457,
       "Standard MG94":0.005561878083554733,
       "dN":0.0007711038774297126,
       "dS":0.01878786307930233,
       "nonsynonymous":0.0005660623089189175,
       "synonymous":0.004995815774635826
      },
     "Myotis":{
       "Nucleotide GTR":0.008625649944323745,
       "Standard MG94":0.006268506137236955,
       "dN":0.005355411725168792,
       "dS":0.00878930391941476,
       "nonsynonymous":0.003931372691919599,
       "synonymous":0.002337133445317363
      },
     "Phyllostomidae":{
       "Nucleotide GTR":0.04388648653774203,
       "Standard MG94":0.04796132924478434,
       "dN":0.0276236301702112,
       "dS":0.1041080168645918,
       "nonsynonymous":0.02027832608881847,
       "synonymous":0.02768300315596584
      },
     "Phyllostomus":{
       "Nucleotide GTR":0.0407017381999553,
       "Standard MG94":0.05044376399860368,
       "dN":0.01408179119691163,
       "dS":0.1508289806669446,
       "nonsynonymous":0.01033735074087274,
       "synonymous":0.04010641325773091
      },
     "Pipistrellus":{
       "Nucleotide GTR":0.03235726764036446,
       "Standard MG94":0.03845059654594988,
       "dN":0.0139470167034039,
       "dS":0.106098113501617,
       "nonsynonymous":0.01023841366739743,
       "synonymous":0.02821218287855242
      },
     "Pteropodidae":{
       "Nucleotide GTR":0.04708593641168742,
       "Standard MG94":0.05236848224575216,
       "dN":0.01955591557964559,
       "dS":0.1429547832747278,
       "nonsynonymous":0.01435586961764,
       "synonymous":0.0380126126281122
      },
     "Pteropus":{
       "Nucleotide GTR":0.019029885779943,
       "Standard MG94":0.01623606961731757,
       "dN":0.007736278714415251,
       "dS":0.03970161028192475,
       "nonsynonymous":0.005679151564013947,
       "synonymous":0.01055691805330363
      },
     "Vespertilionidae":{
       "Nucleotide GTR":0.04780459676430047,
       "Standard MG94":0.05553715717181171,
       "dN":0.02212184576967935,
       "dS":0.1477874675011525,
       "nonsynonymous":0.0162395021740431,
       "synonymous":0.03929765499776858
      },
     "Yangochiroptera":{
       "Nucleotide GTR":0.02265212062049231,
       "Standard MG94":0.02019472825311257,
       "dN":0.01717707161835706,
       "dS":0.02852563254047535,
       "nonsynonymous":0.01260957583712721,
       "synonymous":0.007585152415985338
      },
     "YangochiropteraAfterSaccopteryx":{
       "Nucleotide GTR":0.01069875094355641,
       "Standard MG94":0.01042065086578783,
       "dN":0.001076443453843412,
       "dS":0.03621738886891146,
       "nonsynonymous":0.0007902100932682673,
       "synonymous":0.009630440772519549
      },
     "ajXP_037002757_2":{
       "Confidence Intervals":{
         "LB":0.1506800768095268,
         "MLE":0.1960476407812332,
         "UB":0.2490692336461294
        },
       "Lineage dN/dS":0.1960476407812332,
       "Nucleotide GTR":0.0323591130949093,
       "Standard MG94":0.03293270749843978,
       "dN":0.008943133808152858,
       "dS":0.09916119751503559,
       "nonsynonymous":0.006565095988478258,
       "original name":"ajXP_037002757.2",
       "synonymous":0.02636761150996154
      },
     "drXP_024410640_3":{
       "Confidence Intervals":{
         "LB":0.1995721169797671,
         "MLE":0.2556019365034727,
         "UB":0.3216874107959792
        },
       "Lineage dN/dS":0.2556019365034727,
       "Nucleotide GTR":0.03173976427427135,
       "Standard MG94":0.03272842658262166,
       "dN":0.0214305485354541,
       "dS":0.06391870170445521,
       "nonsynonymous":0.01573202539950117,
       "original name":"drXP_024410640.3",
       "synonymous":0.01699640118312045
      },
     "mbXP_014399272_1":{
       "Confidence Intervals":{
         "LB":0.261246812160216,
         "MLE":0.3125611893428638,
         "UB":0.3699369665511437
        },
       "Lineage dN/dS":0.3125611893428638,
       "Nucleotide GTR":0.07028483953434217,
       "Standard MG94":0.09241958352830987,
       "dN":0.08503297745107453,
       "dS":0.1128119328529991,
       "nonsynonymous":0.06242215213681503,
       "original name":"mbXP_014399272.1",
       "synonymous":0.02999743139149484
      },
     "mdXP_059547608_1":{
       "Confidence Intervals":{
         "LB":0.1169530790128618,
         "MLE":0.1551499169177425,
         "UB":0.2004950342992512
        },
       "Lineage dN/dS":0.1551499169177425,
       "Nucleotide GTR":0.01165886850767795,
       "Standard MG94":0.01232541449332355,
       "dN":0.00671100498263131,
       "dS":0.02782522574584742,
       "nonsynonymous":0.004926504828762075,
       "original name":"mdXP_059547608.1",
       "synonymous":0.007398909664561459
      },
     "mlXP_023610818_1":{
       "Confidence Intervals":{
         "LB":0.1230359357428462,
         "MLE":0.1374661706517975,
         "UB":0.1536468032102367
        },
       "Lineage dN/dS":0.1374661706517975,
       "Nucleotide GTR":1.125085462637056,
       "Standard MG94":820.3303089903164,
       "dN":0.8053215293515124,
       "dS":3082.809132129426,
       "nonsynonymous":0.5911812632123399,
       "original name":"mlXP_023610818.1",
       "synonymous":819.7391277271045
      },
     "mmXP_036163372_1":{
       "Confidence Intervals":{
         "LB":0.1106702243102289,
         "MLE":0.1485431798961622,
         "UB":0.1937083291730362
        },
       "Lineage dN/dS":0.1485431798961622,
       "Nucleotide GTR":0.005756656208973964,
       "Standard MG94":0.005455197961418665,
       "dN":0.002369900354535294,
       "dS":0.01397284001682686,
       "nonsynonymous":0.001739728337338429,
       "original name":"mmXP_036163372.1",
       "synonymous":0.003715469624080233
      },
     "moXP_036137387_1":{
       "Confidence Intervals":{
         "LB":0.1537557637475037,
         "MLE":0.1978011610517537,
         "UB":0.2495300365021133
        },
       "Lineage dN/dS":0.1978011610517537,
       "Nucleotide GTR":0.07469046527061955,
       "Standard MG94":0.08505909465834068,
       "dN":0.04619153090283571,
       "dS":0.1923615457724716,
       "nonsynonymous":0.0339089004746213,
       "original name":"moXP_036137387.1",
       "synonymous":0.0511501941837193
      },
     "paXP_024901541_1":{
       "Confidence Intervals":{
         "LB":0.08587549437648029,
         "MLE":0.1278886324856173,
         "UB":0.1817886478196581
        },
       "Lineage dN/dS":0.1278886324856173,
       "Nucleotide GTR":0.001311114710003146,
       "Standard MG94":0.001287949996326261,
       "dN":1.362224379330943e-10,
       "dS":0.004843618995484206,
       "nonsynonymous":1e-10,