{
 "analysis":{
   "authors":"Sergei L Kosakovsky Pond",
   "contact":"spond@temple.edu",
   "info":"Fit an MG94xREV model with several selectable options frequency estimator and \nreport the fit results including dN/dS ratios, and synonymous and non-synonymous branch lengths. v0.2 adds LRT test for dN/dS != 1. \nv0.3 adds LRT test support for dN/dS != 1 for local models. v0.4 adds the lineage option",
   "requirements":"in-frame codon alignment and a phylogenetic tree",
   "version":"0.4"
  },
 "branch attributes":{
   "0":{
     "AjPh":{
       "Nucleotide GTR":0.01406747043847694,
       "Standard MG94":0.01519454972760354,
       "dN":0.008545835670591561,
       "dS":0.03645322938688453,
       "nonsynonymous":0.006509858455033654,
       "synonymous":0.008684691272569869
      },
     "MolossusPhyllostomus":{
       "Nucleotide GTR":0.009709497304070355,
       "Standard MG94":0.01214661530857822,
       "dN":0.002017645274220881,
       "dS":0.044533108003623,
       "nonsynonymous":0.001536957373618242,
       "synonymous":0.01060965793495999
      },
     "Myobl":{
       "Nucleotide GTR":0.1385100331139547,
       "Standard MG94":0.01184785444663622,
       "dN":0.01555330547498321,
       "dS":4.197412232950651e-10,
       "nonsynonymous":0.01184785444663622,
       "synonymous":1e-10
      },
     "Myodm":{
       "Nucleotide GTR":0.007558673831207694,
       "Standard MG94":0.00576024197074743,
       "dN":0.0009310150252206167,
       "dS":0.02120127128206976,
       "nonsynonymous":0.0007092081181191567,
       "synonymous":0.00505103385262827
      },
     "Myotis":{
       "Nucleotide GTR":0.01083769660530568,
       "Standard MG94":0.007933951918528736,
       "dN":0.004896871009565454,
       "dS":0.01764475156930882,
       "nonsynonymous":0.003730230532577301,
       "synonymous":0.004203721385951435
      },
     "Phyllostomidae":{
       "Nucleotide GTR":0.0326978643946854,
       "Standard MG94":0.03879443704446837,
       "dN":0.0158217732079363,
       "dS":0.112247513418859,
       "nonsynonymous":0.01205236188261263,
       "synonymous":0.02674207516185572
      },
     "Phyllostomus":{
       "Nucleotide GTR":0.02203298843436347,
       "Standard MG94":0.02976433076902072,
       "dN":0.01136704793219794,
       "dS":0.08858802796453104,
       "nonsynonymous":0.008658939387851493,
       "synonymous":0.02110539138116925
      },
     "Pipistrellus":{
       "Nucleotide GTR":0.04146065758411376,
       "Standard MG94":0.06362414425199955,
       "dN":0.01707798096893709,
       "dS":0.2124514161301821,
       "nonsynonymous":0.01300928815986034,
       "synonymous":0.05061485609213925
      },
     "Pteropodidae":{
       "Nucleotide GTR":0.0363788888135786,
       "Standard MG94":0.05005528037197281,
       "dN":0.01305212055971418,
       "dS":0.1683696362135167,
       "nonsynonymous":0.00994255689635702,
       "synonymous":0.04011272347561585
      },
     "Pteropus":{
       "Nucleotide GTR":0.0240823204820127,
       "Standard MG94":0.02343150161243733,
       "dN":0.007278512709277567,
       "dS":0.07507926593011641,
       "nonsynonymous":0.005544465085329752,
       "synonymous":0.01788703652710756
      },
     "Pteropusgv":{
       "Nucleotide GTR":0.001613631304899844,
       "Standard MG94":0.002066761453736549,
       "dN":1.312752916153441e-10,
       "dS":0.008675049808504661,
       "nonsynonymous":1e-10,
       "synonymous":0.002066761453736549
      },
     "Vespertilionidae":{
       "Nucleotide GTR":0.04382400177041072,
       "Standard MG94":0.07423550130709193,
       "dN":0.01570681270408761,
       "dS":0.2613758462248975,
       "nonsynonymous":0.01196478980226598,
       "synonymous":0.06227071150482599
      },
     "Yangochiroptera":{
       "Nucleotide GTR":0.02364928415007455,
       "Standard MG94":0.02263003011849736,
       "dN":0.01183086095495653,
       "dS":0.05715942570770627,
       "nonsynonymous":0.009012252655756956,
       "synonymous":0.01361777746274041
      },
     "YangochiropteraAfterSaccopteryx":{
       "Nucleotide GTR":0.01261603871540708,
       "Standard MG94":0.01143406643217339,
       "dN":0.00724543552099204,
       "dS":0.02482684614689984,
       "nonsynonymous":0.005519268273440392,
       "synonymous":0.005914798158732991
      },
     "ajXP_037012239_2":{
       "Confidence Intervals":{
         "LB":0.09036087563161922,
         "MLE":0.1207867060486282,
         "UB":0.1571183720611922
        },
       "Lineage dN/dS":0.1207867060486282,
       "Nucleotide GTR":0.0376433679173423,
       "Standard MG94":0.03852851441820953,
       "dN":0.01321683512206699,
       "dS":0.1194603874362192,
       "nonsynonymous":0.0100680295274409,
       "original name":"ajXP_037012239.2",
       "synonymous":0.02846048489076859
      },
     "drXP_053779900_1":{
       "Confidence Intervals":{
         "LB":0.09475029938530394,
         "MLE":0.1290206800578161,
         "UB":0.1705758164362617
        },
       "Lineage dN/dS":0.1290206800578161,
       "Nucleotide GTR":0.03321093721159295,
       "Standard MG94":0.03216067874499184,
       "dN":0.01427845327681919,
       "dS":0.08933752520930867,
       "nonsynonymous":0.01087672562073384,
       "original name":"drXP_053779900.1",
       "synonymous":0.02128395312425798
      },
     "mbXP_014388583_1":{
       "Confidence Intervals":{
         "LB":0.1318340891044854,
         "MLE":0.1579289630697522,
         "UB":0.1871804898510555
        },
       "Lineage dN/dS":0.1579289630697522,
       "Nucleotide GTR":0,
       "Standard MG94":0.1411726113961493,
       "dN":0.09429049286096683,
       "dS":0.2910740707071844,
       "nonsynonymous":0.07182653468198102,
       "original name":"mbXP_014388583.1",
       "synonymous":0.06934607671416833
      },
     "mdXP_059566682_1":{
       "Confidence Intervals":{
         "LB":0.04907797010137735,
         "MLE":0.06879460428602933,
         "UB":0.09298986569000393
        },
       "Lineage dN/dS":0.06879460428602933,
       "Nucleotide GTR":0.007445248741543637,
       "Standard MG94":0.008813498291548481,
       "dN":0.000998692419336085,
       "dS":0.03380065418549499,
       "nonsynonymous":0.0007607619126548207,
       "original name":"mdXP_059566682.1",
       "synonymous":0.008052736378893663
      },
     "mlXP_014309688_1":{
       "Confidence Intervals":{
         "LB":0.06690883415458915,
         "MLE":0.07511086472805019,
         "UB":0.084262058836229
        },
       "Lineage dN/dS":0.07511086472805019,
       "Nucleotide GTR":4402.792157506553,
       "Standard MG94":648.8485310370959,
       "dN":0.6297132570666616,
       "dS":2721.471308635771,
       "nonsynonymous":0.4796890940542064,
       "original name":"mlXP_014309688.1",
       "synonymous":648.368841943042
      },
     "mmXP_036151520_1":{
       "Confidence Intervals":{
         "LB":0.05076302401651404,
         "MLE":0.07111776350773011,
         "UB":0.09618770264431763
        },
       "Lineage dN/dS":0.07111776350773011,
       "Nucleotide GTR":0.005487682357634769,
       "Standard MG94":0.005579312057491618,
       "dN":0.0009980317949026065,
       "dS":0.02022755361166908,
       "nonsynonymous":0.0007602586767256909,
       "original name":"mmXP_036151520.1",
       "synonymous":0.004819053380765924
      },
     "moXP_036137039_1":{
       "Confidence Intervals":{
         "LB":0.06506914651740817,
         "MLE":0.09173017484406371,
         "UB":0.124850887546081
        },
       "Lineage dN/dS":0.09173017484406371,
       "Nucleotide GTR":0.05852171261651592,
       "Standard MG94":0.06342823109677703,
       "dN":0.01991295250879796,
       "dS":0.2025645151742366,
       "nonsynonymous":0.01516885033258646,
       "original name":"moXP_036137039.1",
       "synonymous":0.04825938076419051
      },
     "paXP_006911045_1":{
       "Confidence Intervals":{
         "LB":0.03550280886000583,
         "MLE":0.05798763727883099,