{
 "analysis":{
   "authors":"Sergei L Kosakovsky Pond",
   "contact":"spond@temple.edu",
   "info":"Fit an MG94xREV model with several selectable options frequency estimator and \nreport the fit results including dN/dS ratios, and synonymous and non-synonymous branch lengths. v0.2 adds LRT test for dN/dS != 1. \nv0.3 adds LRT test support for dN/dS != 1 for local models. v0.4 adds the lineage option",
   "requirements":"in-frame codon alignment and a phylogenetic tree",
   "version":"0.4"
  },
 "branch attributes":{
   "0":{
     "AjPh":{
       "Nucleotide GTR":0.009188876896924582,
       "Standard MG94":0.006260969240797443,
       "dN":0.008624204002630961,
       "dS":3.649321744040302e-10,
       "nonsynonymous":0.006260969240797443,
       "synonymous":1e-10
      },
     "MolossusPhyllostomus":{
       "Nucleotide GTR":0.02326422270498336,
       "Standard MG94":0.02582980014947182,
       "dN":0.007148486338405495,
       "dS":0.07532261103637013,
       "nonsynonymous":0.00518963292952762,
       "synonymous":0.02064016721994417
      },
     "Myodm":{
       "Nucleotide GTR":0.01305940493950891,
       "Standard MG94":0.01385361204454105,
       "dN":1.37745509855476e-10,
       "dS":0.05055628766764228,
       "nonsynonymous":1e-10,
       "synonymous":0.01385361204454105
      },
     "Phyllostomidae":{
       "Nucleotide GTR":0.03809189796830294,
       "Standard MG94":0.03852631395443441,
       "dN":0.01802618420569591,
       "dS":0.09283775345341483,
       "nonsynonymous":0.01308658570766421,
       "synonymous":0.02543972824677022
      },
     "Pipistrellus":{
       "Nucleotide GTR":0.05400680918362703,
       "Standard MG94":0.05549488192816133,
       "dN":0.03606422627041112,
       "dS":0.1069729404631983,
       "nonsynonymous":0.02618177994204681,
       "synonymous":0.02931310198611442
      },
     "Pteropodidae":{
       "Nucleotide GTR":0.06318529290010601,
       "Standard MG94":0.06196394439859887,
       "dN":0.04370384713469261,
       "dS":0.1103408171281565,
       "nonsynonymous":0.03172796498451901,
       "synonymous":0.03023597941407985
      },
     "Pteropus":{
       "Nucleotide GTR":0.00570218003739031,
       "Standard MG94":0.005970826538336586,
       "dN":1.37745509855476e-10,
       "dS":0.02178946711624459,
       "nonsynonymous":1e-10,
       "synonymous":0.005970826538336586
      },
     "Vespertilionidae":{
       "Nucleotide GTR":0.07980437142676834,
       "Standard MG94":0.08364732257503166,
       "dN":0.05791963887015959,
       "dS":0.1518082344381409,
       "nonsynonymous":0.04204829538975861,
       "synonymous":0.04159902718527314
      },
     "Yangochiroptera":{
       "Nucleotide GTR":0.02828769808061303,
       "Standard MG94":0.02951989605952645,
       "dN":0.04066233133600129,
       "dS":3.649321744040302e-10,
       "nonsynonymous":0.02951989605952646,
       "synonymous":1e-10
      },
     "YangochiropteraAfterSaccopteryx":{
       "Nucleotide GTR":0.008327360063341848,
       "Standard MG94":0.01059952298565044,
       "dN":1.37745509855476e-10,
       "dS":0.03868106970798913,
       "nonsynonymous":1e-10,
       "synonymous":0.01059952298565044
      },
     "ajXP_036983982_1":{
       "Confidence Intervals":{
         "LB":0.124108379820155,
         "MLE":0.3182428608165747,
         "UB":0.6361775020382222
        },
       "Lineage dN/dS":0.3182428608165747,
       "Nucleotide GTR":0.0127801670600018,
       "Standard MG94":0.01428976772870644,
       "dN":1.37745509855476e-10,
       "dS":0.05214796008965381,
       "nonsynonymous":1e-10,
       "original name":"ajXP_036983982.1",
       "synonymous":0.01428976772870644
      },
     "drXP_045038138_2":{
       "Confidence Intervals":{
         "LB":0.1346593915603268,
         "MLE":0.3431043811591521,
         "UB":0.6871345042441502
        },
       "Lineage dN/dS":0.3431043811591521,
       "Nucleotide GTR":0.01678045496886103,
       "Standard MG94":0.02020503399185512,
       "dN":0.008630225957964402,
       "dS":0.0508704245991342,
       "nonsynonymous":0.00626534103871649,
       "original name":"drXP_045038138.2",
       "synonymous":0.01393969295313864
      },
     "mbXP_014391581_1":{
       "Confidence Intervals":{
         "LB":0.2073348697840793,
         "MLE":0.2881383340113647,
         "UB":0.3990565621225634
        },
       "Lineage dN/dS":0.2881383340113647,
       "Nucleotide GTR":1.015793506369463,
       "Standard MG94":1.485792165281473,
       "dN":0.6569521550513487,
       "dS":3.681656026714728,
       "nonsynonymous":0.4769318112369904,
       "original name":"mbXP_014391581.1",
       "synonymous":1.008860354044483
      },
     "mdXP_059527031_1":{
       "Confidence Intervals":{
         "LB":0.4012584309742481,
         "MLE":0.6049710718305126,
         "UB":0.8710238923208669
        },
       "Lineage dN/dS":0.6049710718305126,
       "Nucleotide GTR":0.1787758841999539,
       "Standard MG94":0.1778412551863358,
       "dN":0.1891798714790384,
       "dS":0.1478016124947492,
       "nonsynonymous":0.1373401366603731,
       "original name":"mdXP_059527031.1",
       "synonymous":0.04050111852596269
      },
     "mlXP_006094976_1":{
       "Confidence Intervals":{
         "LB":0.2119563524719864,
         "MLE":0.4236980559478056,
         "UB":0.7459136670669843
        },
       "Lineage dN/dS":0.4236980559478056,
       "Nucleotide GTR":0,
       "Standard MG94":0,
       "dN":1.37745509855476e-10,
       "dS":3.649321744040302e-10,
       "nonsynonymous":1e-10,
       "original name":"mlXP_006094976.1",
       "synonymous":1e-10
      },
     "mmXP_036196336_1":{
       "Confidence Intervals":{
         "LB":0.1675554498206868,
         "MLE":0.3377308252247933,
         "UB":0.5931553610945611
        },
       "Lineage dN/dS":0.3377308252247933,
       "Nucleotide GTR":0,
       "Standard MG94":0,
       "dN":1.37745509855476e-10,
       "dS":3.649321744040302e-10,
       "nonsynonymous":1e-10,
       "original name":"mmXP_036196336.1",
       "synonymous":1e-10
      },
     "moXP_036125083_1":{
       "Confidence Intervals":{
         "LB":0.1435169969309298,
         "MLE":0.3188770569348808,
         "UB":0.5931762393946075
        },
       "Lineage dN/dS":0.3188770569348808,
       "Nucleotide GTR":0.06308882383484307,
       "Standard MG94":0.0665512858364897,
       "dN":0.03650463137400203,
       "dS":0.1461545408396238,
       "nonsynonymous":0.02650150368770864,
       "original name":"moXP_036125083.1",
       "synonymous":0.04004978214878106
      },
     "paXP_024902888_1":{
       "Confidence Intervals":{
         "LB":0.101269487672954,
         "MLE":0.3436038663629161,
         "UB":0.7886410440902585
        },
       "Lineage dN/dS":0.3436038663629161,
       "Nucleotide GTR":0,
       "Standard MG94":0,
       "dN":1.37745509855476e-10,
       "dS":3.649321744040302e-10,
       "nonsynonymous":1e-10,
       "original name":"paXP_024902888.1",
       "synonymous":1e-10
      },
     "pdXP_028377739_1":{
       "Confidence Intervals":{
         "LB":0.1835162299887047,
         "MLE":0.459898699212476,
         "UB":0.9154124306039292
        },
       "Lineage dN/dS":0.459898699212476,
       "Nucleotide GTR":0,
       "Standard MG94":0,
       "dN":1.37745509855476e-10,
       "dS":3.649321744040302e-10,
       "nonsynonymous":1e-10,
       "original name":"pdXP_028377739.1",
       "synonymous":1e-10
      },
     "pgXP_039715718_1":{
       "Confidence Intervals":{
         "LB":0.1009065996133149,
         "MLE":0.3406072741644279,
         "UB":0.7855632202035243
        },
       "Lineage dN/dS":0.3406072741644279,
       "Nucleotide GTR":0,
       "Standard MG94":0,
       "dN":1.37745509855476e-10,
       "dS":3.649321744040302e-10,
       "nonsynonymous":1e-10,
       "original name":"pgXP_039715718.1",
       "synonymous":1e-10
      },
     "phXP_045693444_1":{
       "Confidence Intervals":{
         "LB":0.1238119205649672,