{
 "analysis":{
   "authors":"Sergei L Kosakovsky Pond",
   "contact":"spond@temple.edu",
   "info":"Fit an MG94xREV model with several selectable options frequency estimator and \nreport the fit results including dN/dS ratios, and synonymous and non-synonymous branch lengths. v0.2 adds LRT test for dN/dS != 1. \nv0.3 adds LRT test support for dN/dS != 1 for local models. v0.4 adds the lineage option",
   "requirements":"in-frame codon alignment and a phylogenetic tree",
   "version":"0.4"
  },
 "branch attributes":{
   "0":{
     "AjPh":{
       "Nucleotide GTR":0.07689239350220899,
       "Standard MG94":0.0831013550465763,
       "dN":0.06823767801123394,
       "dS":0.1251905339002826,
       "nonsynonymous":0.0504288641814836,
       "synonymous":0.03267249086509277
      },
     "MolossusPhyllostomus":{
       "Nucleotide GTR":0.0109575423977934,
       "Standard MG94":0.01414405847148766,
       "dN":0.01913899357867803,
       "dS":3.83168012555896e-10,
       "nonsynonymous":0.01414405847148766,
       "synonymous":1e-10
      },
     "Myodm":{
       "Nucleotide GTR":0.0060282377966326,
       "Standard MG94":0.005583013524366326,
       "dN":0.002035524108472522,
       "dS":0.01562836879898359,
       "nonsynonymous":0.001504288712570161,
       "synonymous":0.00407872481179617
      },
     "Myotis":{
       "Nucleotide GTR":0.01049386479084761,
       "Standard MG94":0.01020868395121131,
       "dN":0.01381385243725144,
       "dS":3.83168012555896e-10,
       "nonsynonymous":0.01020868395121131,
       "synonymous":1e-10
      },
     "Phyllostomidae":{
       "Nucleotide GTR":0.01843296318501663,
       "Standard MG94":0.01511116010910027,
       "dN":0.02044762448327368,
       "dS":3.83168012555896e-10,
       "nonsynonymous":0.01511116010910027,
       "synonymous":1e-10
      },
     "Phyllostomus":{
       "Nucleotide GTR":0.03575236800997192,
       "Standard MG94":0.02795478264877505,
       "dN":0.03782693677962234,
       "dS":3.83168012555896e-10,
       "nonsynonymous":0.02795478264877505,
       "synonymous":1e-10
      },
     "Pteropodidae":{
       "Nucleotide GTR":0.09898969553950204,
       "Standard MG94":0.1080521169500337,
       "dN":0.06492338031605002,
       "dS":0.2301789033169525,
       "nonsynonymous":0.0479795389230843,
       "synonymous":0.06007257802694954
      },
     "Pteropus":{
       "Nucleotide GTR":0.004412989857697711,
       "Standard MG94":0.004382183083310302,
       "dN":0.004720412789260424,
       "dS":0.003424424747097706,
       "nonsynonymous":0.003488469455114853,
       "synonymous":0.0008937136281954527
      },
     "Pteropusgv":{
       "Nucleotide GTR":0.009384714409405191,
       "Standard MG94":0.008296476016875528,
       "dN":0.009033424355554501,
       "dS":0.006209674052674571,
       "nonsynonymous":0.006675862121875948,
       "synonymous":0.001620613894999576
      },
     "Vespertilionidae":{
       "Nucleotide GTR":0.05079568451941553,
       "Standard MG94":0.05564147489002797,
       "dN":0.02700806697919086,
       "dS":0.1367221269981684,
       "nonsynonymous":0.01995944441828464,
       "synonymous":0.0356820304717434
      },
     "Yangochiroptera":{
       "Nucleotide GTR":0.006358787697327934,
       "Standard MG94":0.007858052481479409,
       "dN":1.35314723261781e-10,
       "dS":0.03010954351888392,
       "nonsynonymous":1e-10,
       "synonymous":0.007858052481479409
      },
     "ajXP_053512654_1":{
       "Confidence Intervals":{
         "LB":0.3409080417202343,
         "MLE":0.4708946606429786,
         "UB":0.6375531164082466
        },
       "Lineage dN/dS":0.4708946606429786,
       "Nucleotide GTR":0.3860111286890748,
       "Standard MG94":0.4170302327969229,
       "dN":0.3074551823024889,
       "dS":0.7273117255391295,
       "nonsynonymous":0.2272148772071783,
       "original name":"ajXP_053512654.1",
       "synonymous":0.1898153555897441
      },
     "drXP_053771846_1":{
       "Confidence Intervals":{
         "LB":0.2256868526618118,
         "MLE":0.4050747496300959,
         "UB":0.6650866489806941
        },
       "Lineage dN/dS":0.4050747496300959,
       "Nucleotide GTR":0.1143200157460635,
       "Standard MG94":0.1147090607990299,
       "dN":0.07527137885085558,
       "dS":0.2263839609697913,
       "nonsynonymous":0.05562689486881256,
       "original name":"drXP_053771846.1",
       "synonymous":0.05908216593021754
      },
     "mbXP_014383607_1":{
       "Confidence Intervals":{
         "LB":0.3635470708480749,
         "MLE":0.5732573633189818,
         "UB":0.8538237747146825
        },
       "Lineage dN/dS":0.5732573633189818,
       "Nucleotide GTR":0.103928671990441,
       "Standard MG94":0.1056591768119794,
       "dN":0.09367784269859816,
       "dS":0.1395864824985224,
       "nonsynonymous":0.06922960077106184,
       "original name":"mbXP_014383607.1",
       "synonymous":0.03642957604091748
      },
     "mdXP_059521748_1":{
       "Confidence Intervals":{
         "LB":0.3535272830945745,
         "MLE":0.6499847947347743,
         "UB":1.081471236338567
        },
       "Lineage dN/dS":0.6499847947347743,
       "Nucleotide GTR":0.0186602382879737,
       "Standard MG94":0.01867178986515499,
       "dN":0.02526568078405575,
       "dS":3.83168012555896e-10,
       "nonsynonymous":0.01867178986515499,
       "original name":"mdXP_059521748.1",
       "synonymous":1e-10
      },
     "mlXP_023602881_1":{
       "Confidence Intervals":{
         "LB":0.2712793747297902,
         "MLE":0.3601532571019632,
         "UB":0.4720898406070569
        },
       "Lineage dN/dS":0.3601532571019632,
       "Nucleotide GTR":0.712946146536109,
       "Standard MG94":0.8627820200470958,
       "dN":0.5552549022192278,
       "dS":1.733600447670695,
       "nonsynonymous":0.4103433010353403,
       "original name":"mlXP_023602881.1",
       "synonymous":0.4524387190117547
      },
     "mmXP_036162439_1":{
       "Confidence Intervals":{
         "LB":0.3465266647718911,
         "MLE":0.4552438847491452,
         "UB":0.5927491250792798
        },
       "Lineage dN/dS":0.4552438847491452,
       "Nucleotide GTR":0.6625924405572935,
       "Standard MG94":0.7222534353542311,
       "dN":0.5566959792506396,
       "dS":1.19105919344087,
       "nonsynonymous":0.4114082827288874,
       "original name":"mmXP_036162439.1",
       "synonymous":0.3108451526253433
      },
     "moXP_036131609_1":{
       "Confidence Intervals":{
         "LB":0.3638243874556203,
         "MLE":0.7086104797638807,
         "UB":1.225761661552643
        },
       "Lineage dN/dS":0.7086104797638807,
       "Nucleotide GTR":0.07123351594384736,
       "Standard MG94":0.06697744051352629,
       "dN":0.05763953560968601,
       "dS":0.09341940024409016,
       "nonsynonymous":0.04259664744550826,
       "original name":"moXP_036131609.1",
       "synonymous":0.02438079306801798
      },
     "pdXP_035869418_1":{
       "Confidence Intervals":{
         "LB":0.5546459858563718,
         "MLE":0.7375324645337602,
         "UB":0.9751537801293082
        },
       "Lineage dN/dS":0.7375324645337602,
       "Nucleotide GTR":0.6042569642118183,
       "Standard MG94":0.620405963525159,
       "dN":0.5552739574806425,
       "dS":0.8048389705792005,
       "nonsynonymous":0.4103573832142454,
       "original name":"pdXP_035869418.1",
       "synonymous":0.210048580310913
      },
     "pgXP_039735801_1":{
       "Confidence Intervals":{
         "LB":0.1609662253448252,
         "MLE":0.3053136937550124,
         "UB":0.5196590591405095
        },
       "Lineage dN/dS":0.3053136937550124,
       "Nucleotide GTR":0.004481796255559578,
       "Standard MG94":0.004409864579241216,
       "dN":1.35314723261781e-10,
       "dS":0.01689719046468499,
       "nonsynonymous":1e-10,
       "original name":"pgXP_039735801.1",
       "synonymous":0.004409864579241216
      },