{
 "analysis":{
   "authors":"Sergei L Kosakovsky Pond",
   "contact":"spond@temple.edu",
   "info":"Fit an MG94xREV model with several selectable options frequency estimator and \nreport the fit results including dN/dS ratios, and synonymous and non-synonymous branch lengths. v0.2 adds LRT test for dN/dS != 1. \nv0.3 adds LRT test support for dN/dS != 1 for local models. v0.4 adds the lineage option",
   "requirements":"in-frame codon alignment and a phylogenetic tree",
   "version":"0.4"
  },
 "branch attributes":{
   "0":{
     "AjPh":{
       "Nucleotide GTR":0.01145543439111475,
       "Standard MG94":0.01603653694122823,
       "dN":0.00136361654259485,
       "dS":0.06096334404469368,
       "nonsynonymous":0.00102790633346597,
       "synonymous":0.01500863060776225
      },
     "MolossusPhyllostomus":{
       "Nucleotide GTR":0.003294948446764548,
       "Standard MG94":0.001113424671936694,
       "dN":0.0014770648376751,
       "dS":4.06188583341936e-10,
       "nonsynonymous":0.001113424671936694,
       "synonymous":1e-10
      },
     "Myobl":{
       "Nucleotide GTR":0.005974005205466816,
       "Standard MG94":0.00721107746166058,
       "dN":0.0005006343960192915,
       "dS":0.02775768802031487,
       "nonsynonymous":0.0003773826807937432,
       "synonymous":0.006833694780866848
      },
     "Myodm":{
       "Nucleotide GTR":0.00281106967106458,
       "Standard MG94":0.002918520698691011,
       "dN":0.00249897136215715,
       "dS":0.004203132868644533,
       "nonsynonymous":0.001883746940634333,
       "synonymous":0.001034773758056678
      },
     "Myotis":{
       "Nucleotide GTR":0.002448742406469111,
       "Standard MG94":0.0003735447231432969,
       "dN":0.0004955429763329464,
       "dS":4.06188583341936e-10,
       "nonsynonymous":0.0003735447231432967,
       "synonymous":1e-10
      },
     "Phyllostomidae":{
       "Nucleotide GTR":0.02191572849291253,
       "Standard MG94":0.02982448368158924,
       "dN":0.002613855226659192,
       "dS":0.1131403214661774,
       "nonsynonymous":0.001970347424161748,
       "synonymous":0.02785413625742752
      },
     "Phyllostomus":{
       "Nucleotide GTR":0.009502639101180496,
       "Standard MG94":0.01383127130023355,
       "dN":1.326596109196942e-10,
       "dS":0.05618104495259843,
       "nonsynonymous":1e-10,
       "synonymous":0.01383127130023355
      },
     "Pipistrellus":{
       "Nucleotide GTR":0.03172781332762876,
       "Standard MG94":0.04204163092628187,
       "dN":0.008178844506070655,
       "dS":0.1457256169464322,
       "nonsynonymous":0.00616528606511724,
       "synonymous":0.03587634486116466
      },
     "Pteropodidae":{
       "Nucleotide GTR":0.03078143255076967,
       "Standard MG94":0.03717695606591031,
       "dN":0.004992232272433801,
       "dS":0.135722905901671,
       "nonsynonymous":0.003763189291619331,
       "synonymous":0.03341376677429098
      },
     "Pteropus":{
       "Nucleotide GTR":0.01467964738528033,
       "Standard MG94":0.0148372800310114,
       "dN":1.326596109196942e-10,
       "dS":0.06026733756444117,
       "nonsynonymous":1e-10,
       "synonymous":0.0148372800310114
      },
     "Vespertilionidae":{
       "Nucleotide GTR":0.03302967068758002,
       "Standard MG94":0.04046350830367716,
       "dN":0.01382611722796097,
       "dS":0.1220241586776638,
       "nonsynonymous":0.01042225070020041,
       "synonymous":0.03004125760347675
      },
     "Yangochiroptera":{
       "Nucleotide GTR":0.01443579885074964,
       "Standard MG94":0.01740028136474447,
       "dN":0.008041421922115469,
       "dS":0.04605604050909319,
       "nonsynonymous":0.006061695693486815,
       "synonymous":0.01133858567125765
      },
     "YangochiropteraAfterSaccopteryx":{
       "Nucleotide GTR":0.00461217131358323,
       "Standard MG94":0.003902128222676346,
       "dN":1.326596109196942e-10,
       "dS":0.01584999934787492,
       "nonsynonymous":1e-10,
       "synonymous":0.003902128222676346
      },
     "ajXP_037012039_2":{
       "Confidence Intervals":{
         "LB":0.03449877703382731,
         "MLE":0.0586239521419583,
         "UB":0.0915650172544093
        },
       "Lineage dN/dS":0.0586239521419583,
       "Nucleotide GTR":0.01929604085955283,
       "Standard MG94":0.01997955576931195,
       "dN":0.01101827061306521,
       "dS":0.04741798783845511,
       "nonsynonymous":0.008305670834309281,
       "original name":"ajXP_037012039.2",
       "synonymous":0.01167388493500269
      },
     "drXP_053773757_1":{
       "Confidence Intervals":{
         "LB":0.0150810989272945,
         "MLE":0.0339507713895163,
         "UB":0.06283951604837816
        },
       "Lineage dN/dS":0.0339507713895163,
       "Nucleotide GTR":0.0186354963454084,
       "Standard MG94":0.01808720945743396,
       "dN":0.001371923627675307,
       "dS":0.06926750634112729,
       "nonsynonymous":0.001034168288421865,
       "original name":"drXP_053773757.1",
       "synonymous":0.01705304116901208
      },
     "mbXP_005863827_1":{
       "Confidence Intervals":{
         "LB":0.1901530263879181,
         "MLE":0.2290362636056854,
         "UB":0.2734723659033287
        },
       "Lineage dN/dS":0.2290362636056854,
       "Nucleotide GTR":0.2069867562898658,
       "Standard MG94":0.2213019617681922,
       "dN":0.1766070706319919,
       "dS":0.3581526157643452,
       "nonsynonymous":0.1331279877934373,
       "original name":"mbXP_005863827.1",
       "synonymous":0.08817397397475511
      },
     "mdXP_059532519_1":{
       "Confidence Intervals":{
         "LB":0.06703112509199623,
         "MLE":0.1053937335438571,
         "UB":0.1562468759271002
        },
       "Lineage dN/dS":0.1053937335438571,
       "Nucleotide GTR":0.007335361315868712,
       "Standard MG94":0.007379283039557437,
       "dN":0.004110144052201045,
       "dS":0.0173890133924229,
       "nonsynonymous":0.003098263309915125,
       "original name":"mdXP_059532519.1",
       "synonymous":0.004281019729642315
      },
     "mlXP_023616189_1":{
       "Confidence Intervals":{
         "LB":0.05275635383014854,
         "MLE":0.08622937699782374,
         "UB":0.1314122663973126
        },
       "Lineage dN/dS":0.08622937699782374,
       "Nucleotide GTR":0.002216481665084594,
       "Standard MG94":0.002032490005943887,
       "dN":0.002050876514643977,
       "dS":0.001976192615429031,
       "nonsynonymous":0.001545969040935511,
       "original name":"mlXP_023616189.1",
       "synonymous":0.000486520965008374
      },
     "mmXP_036209432_1":{
       "Confidence Intervals":{
         "LB":0.06816901977374151,
         "MLE":0.1073111538334572,
         "UB":0.158945704778155
        },
       "Lineage dN/dS":0.1073111538334572,
       "Nucleotide GTR":0.006331567968626604,
       "Standard MG94":0.006723891924490123,
       "dN":0.004144006186173507,
       "dS":0.01462320751848244,
       "nonsynonymous":0.003123788889055381,
       "original name":"mmXP_036209432.1",
       "synonymous":0.003600103035434749
      },
     "moXP_036132246_1":{
       "Confidence Intervals":{
         "LB":0.04284489439840376,
         "MLE":0.09037041326678993,
         "UB":0.1639827317710131
        },
       "Lineage dN/dS":0.09037041326678993,
       "Nucleotide GTR":0.01274822496152044,
       "Standard MG94":0.01045994396666131,
       "dN":0.00275429710172148,
       "dS":0.03405375493975295,
       "nonsynonymous":0.002076213764405505,
       "original name":"moXP_036132246.1",
       "synonymous":0.008383730202255824
      },
     "paXP_024900246_1":{
       "Confidence Intervals":{
         "LB":0.1021349318619765,
         "MLE":0.1427691270110394,
         "UB":0.1930175108415766
        },
       "Lineage dN/dS":0.1427691270110394,
       "Nucleotide GTR":0.06743983867861375,
       "Standard MG94":0.06406483063421003,
       "dN":0.05294285451961477,
       "dS":0.09811905173911814,
       "nonsynonymous":0.03990879677135781,