{
 "analysis":{
   "authors":"Sergei L Kosakovsky Pond",
   "contact":"spond@temple.edu",
   "info":"Fit an MG94xREV model with several selectable options frequency estimator and \nreport the fit results including dN/dS ratios, and synonymous and non-synonymous branch lengths. v0.2 adds LRT test for dN/dS != 1. \nv0.3 adds LRT test support for dN/dS != 1 for local models. v0.4 adds the lineage option",
   "requirements":"in-frame codon alignment and a phylogenetic tree",
   "version":"0.4"
  },
 "branch attributes":{
   "0":{
     "AjPh":{
       "Nucleotide GTR":0.007517094098349372,
       "Standard MG94":0.006860887138050924,
       "dN":0.007027906009261133,
       "dS":0.006333969223277216,
       "nonsynonymous":0.005336407659056255,
       "synonymous":0.001524479478994664
      },
     "MolossusPhyllostomus":{
       "Nucleotide GTR":0.008683789427982239,
       "Standard MG94":0.0115804499269681,
       "dN":1.316973225861838e-10,
       "dS":0.04811492344750387,
       "nonsynonymous":1e-10,
       "synonymous":0.0115804499269681
      },
     "Myobl":{
       "Nucleotide GTR":0.001329348268166919,
       "Standard MG94":0.001147151296420261,
       "dN":0.0001403203187897955,
       "dS":0.004323542535437166,
       "nonsynonymous":0.0001065475865676531,
       "synonymous":0.001040603709852609
      },
     "Myodm":{
       "Nucleotide GTR":0.002242116494698849,
       "Standard MG94":0.002728738800473635,
       "dN":0.001723447407073323,
       "dS":0.005900272896664142,
       "nonsynonymous":0.001308642706798755,
       "synonymous":0.00142009609367488
      },
     "Myotis":{
       "Nucleotide GTR":0.006457023372432909,
       "Standard MG94":0.00571426203358216,
       "dN":0.0009188227198732871,
       "dS":0.02084310864411296,
       "nonsynonymous":0.0006976776002959379,
       "synonymous":0.005016584433286221
      },
     "Phyllostomidae":{
       "Nucleotide GTR":0.01826347040605143,
       "Standard MG94":0.01722732339116808,
       "dN":0.002948814039433003,
       "dS":0.06227374430862054,
       "nonsynonymous":0.002239084274096215,
       "synonymous":0.01498823911707185
      },
     "Phyllostomus":{
       "Nucleotide GTR":0.004645085896384732,
       "Standard MG94":0.0049631491403325,
       "dN":0.001063711080009494,
       "dS":0.01726525462485913,
       "nonsynonymous":0.0008076937777633204,
       "synonymous":0.00415545536256918
      },
     "Pipistrellus":{
       "Nucleotide GTR":0.02657834063000872,
       "Standard MG94":0.03417887900082064,
       "dN":0.006426182517822563,
       "dS":0.1217342124443303,
       "nonsynonymous":0.004879508855327882,
       "synonymous":0.02929937014549277
      },
     "Pteropodidae":{
       "Nucleotide GTR":0.03030079244267423,
       "Standard MG94":0.03356484319794029,
       "dN":0.008466093144342877,
       "dS":0.1127473987130156,
       "nonsynonymous":0.006428447426334427,
       "synonymous":0.02713639577160589
      },
     "Pteropus":{
       "Nucleotide GTR":0.005500297690243457,
       "Standard MG94":0.004601851611015953,
       "dN":0.001874039544297639,
       "dS":0.01320766385052451,
       "nonsynonymous":0.001422989858484976,
       "synonymous":0.003178861752530974
      },
     "Vespertilionidae":{
       "Nucleotide GTR":0.02864854606938746,
       "Standard MG94":0.03576184890445246,
       "dN":0.008641011010307016,
       "dS":0.1213237692225013,
       "nonsynonymous":0.006561265514454383,
       "synonymous":0.02920058338999808
      },
     "Yangochiroptera":{
       "Nucleotide GTR":0.008674024669672889,
       "Standard MG94":0.009813791087784825,
       "dN":1.316973225861838e-10,
       "dS":0.04077473758760835,
       "nonsynonymous":1e-10,
       "synonymous":0.009813791087784825
      },
     "YangochiropteraAfterSaccopteryx":{
       "Nucleotide GTR":0.004018413605168487,
       "Standard MG94":0.004299550037175683,
       "dN":0.0009327632423850583,
       "dS":0.01492122568702426,
       "nonsynonymous":0.0007082628743455668,
       "synonymous":0.003591287162830121
      },
     "ajXP_053523895_1":{
       "Confidence Intervals":{
         "LB":0.05608824031076407,
         "MLE":0.09254991225095349,
         "UB":0.1423433448457058
        },
       "Lineage dN/dS":0.09254991225095349,
       "Nucleotide GTR":0.01727038990086986,
       "Standard MG94":0.01825770066970582,
       "dN":0.00599215011588272,
       "dS":0.0569535574584725,
       "nonsynonymous":0.004549940726366256,
       "original name":"ajXP_053523895.1",
       "synonymous":0.01370775994333953
      },
     "drXP_045038263_2":{
       "Confidence Intervals":{
         "LB":0.01637159857564037,
         "MLE":0.03814082451404394,
         "UB":0.07383480926222111
        },
       "Lineage dN/dS":0.03814082451404394,
       "Nucleotide GTR":0.01330821418214776,
       "Standard MG94":0.01327700410877138,
       "dN":0.002657437377789046,
       "dS":0.04678004431700393,
       "nonsynonymous":0.002017837056672127,
       "original name":"drXP_045038263.2",
       "synonymous":0.01125916705209924
      },
     "mbXP_014405159_1":{
       "Confidence Intervals":{
         "LB":0.0213998271398472,
         "MLE":0.0402026489850944,
         "UB":0.06779743134415563
        },
       "Lineage dN/dS":0.0402026489850944,
       "Nucleotide GTR":0.006302059502131635,
       "Standard MG94":0.006928361150983564,
       "dN":0.000973131184194426,
       "dS":0.02571616239380814,
       "nonsynonymous":0.000738914933944539,
       "original name":"mbXP_014405159.1",
       "synonymous":0.006189446217039029
      },
     "mdXP_059530861_1":{
       "Confidence Intervals":{
         "LB":0.02598176518756302,
         "MLE":0.04613724643564312,
         "UB":0.07481356071711009
        },
       "Lineage dN/dS":0.04613724643564312,
       "Nucleotide GTR":0.005343018538101601,
       "Standard MG94":0.006255900824195203,
       "dN":0.000934240691685375,
       "dS":0.02304489023502146,
       "nonsynonymous":0.0007093847265376261,
       "original name":"mdXP_059530861.1",
       "synonymous":0.005546516097657577
      },
     "mlXP_023604012_1":{
       "Confidence Intervals":{
         "LB":0.2616834967762093,
         "MLE":0.3157768066227128,
         "UB":0.3761422182146915
        },
       "Lineage dN/dS":0.3157768066227128,
       "Nucleotide GTR":0.126900465794797,
       "Standard MG94":0.1283278477711933,
       "dN":0.1254257041439699,
       "dS":0.1374836482945115,
       "nonsynonymous":0.09523785425621717,
       "original name":"mlXP_023604012.1",
       "synonymous":0.03308999351497629
      },
     "mmXP_036198707_1":{
       "Confidence Intervals":{
         "LB":0.02289030753290179,
         "MLE":0.04164369337153978,
         "UB":0.06863153641934751
        },
       "Lineage dN/dS":0.04164369337153978,
       "Nucleotide GTR":0.006841751457711965,
       "Standard MG94":0.00711597030552246,
       "dN":1.316973225861838e-10,
       "dS":0.02956572228749009,
       "nonsynonymous":1e-10,
       "original name":"mmXP_036198707.1",
       "synonymous":0.00711597030552246
      },
     "moXP_036129261_1":{
       "Confidence Intervals":{
         "LB":0.0143498111412951,
         "MLE":0.03141629521833995,
         "UB":0.05858318978098074
        },
       "Lineage dN/dS":0.03141629521833995,
       "Nucleotide GTR":0.03226489639327969,
       "Standard MG94":0.03504099671442296,
       "dN":0.00655523250576457,
       "dS":0.1249090419766269,
       "nonsynonymous":0.004977498689447369,
       "original name":"moXP_036129261.1",
       "synonymous":0.03006349802497559
      },
     "paXP_024896273_1":{
       "Confidence Intervals":{
         "LB":0.03900173275285748,
         "MLE":0.07529898663850855,
         "UB":0.129167425621926
        },
       "Lineage dN/dS":0.07529898663850855,
       "Nucleotide GTR":0.0007066645481352439,
       "Standard MG94":0.0006924883164607323,
       "dN":1.316973225861838e-10,
       "dS":0.002877178567752096,