{
 "analysis":{
   "authors":"Sergei L Kosakovsky Pond",
   "contact":"spond@temple.edu",
   "info":"Fit an MG94xREV model with several selectable options frequency estimator and \nreport the fit results including dN/dS ratios, and synonymous and non-synonymous branch lengths. v0.2 adds LRT test for dN/dS != 1. \nv0.3 adds LRT test support for dN/dS != 1 for local models. v0.4 adds the lineage option",
   "requirements":"in-frame codon alignment and a phylogenetic tree",
   "version":"0.4"
  },
 "branch attributes":{
   "0":{
     "AjPh":{
       "Nucleotide GTR":0.001289311785660166,
       "Standard MG94":0.001323424582559831,
       "dN":1.32745890431435e-10,
       "dS":0.005364922813706986,
       "nonsynonymous":1e-10,
       "synonymous":0.001323424582559831
      },
     "MolossusPhyllostomus":{
       "Nucleotide GTR":0.001586942128993311,
       "Standard MG94":0.002134387491569112,
       "dN":1.32745890431435e-10,
       "dS":0.008652419108508037,
       "nonsynonymous":1e-10,
       "synonymous":0.002134387491569112
      },
     "Myotis":{
       "Nucleotide GTR":0.002722275228849861,
       "Standard MG94":0.002766673321105161,
       "dN":0.001715107530435568,
       "dS":0.005977964193990147,
       "nonsynonymous":0.001292023071193638,
       "synonymous":0.001474650249911521
      },
     "Phyllostomidae":{
       "Nucleotide GTR":0.006728705170596433,
       "Standard MG94":0.006718738186321498,
       "dN":0.001710670808571476,
       "dS":0.02201246607634842,
       "nonsynonymous":0.001288680804363627,
       "synonymous":0.005430057381957877
      },
     "Pipistrellus":{
       "Nucleotide GTR":0.0389073390926429,
       "Standard MG94":0.04278029884707248,
       "dN":0.01207716751922775,
       "dS":0.1365420836796839,
       "nonsynonymous":0.009097959627959833,
       "synonymous":0.03368233921911268
      },
     "Pteropodidae":{
       "Nucleotide GTR":0.006517317001950217,
       "Standard MG94":0.006823415707530203,
       "dN":1.32745890431435e-10,
       "dS":0.02766088757844303,
       "nonsynonymous":1e-10,
       "synonymous":0.006823415707530203
      },
     "Pteropus":{
       "Nucleotide GTR":0.001283212756804595,
       "Standard MG94":0.001292702814016061,
       "dN":1.32745890431435e-10,
       "dS":0.005240382345659237,
       "nonsynonymous":1e-10,
       "synonymous":0.001292702814016061
      },
     "Vespertilionidae":{
       "Nucleotide GTR":0.00347910549496871,
       "Standard MG94":0.003486403273448393,
       "dN":0.001704954287422925,
       "dS":0.008926624817448122,
       "nonsynonymous":0.001284374440430272,
       "synonymous":0.002202028833018125
      },
     "Yangochiroptera":{
       "Nucleotide GTR":0.001522966464325623,
       "Standard MG94":0.001286850615396044,
       "dN":0.00170824130792988,
       "dS":4.053818316817038e-10,
       "nonsynonymous":0.001286850615396044,
       "synonymous":1e-10
      },
     "ajXP_053517926_1":{
       "Confidence Intervals":{
         "LB":0.01798410285916291,
         "MLE":0.1085328663440103,
         "UB":0.3343005047768776
        },
       "Lineage dN/dS":0.1085328663440103,
       "Nucleotide GTR":0.001289882154445857,
       "Standard MG94":0.001328581213779545,
       "dN":1.32745890431435e-10,
       "dS":0.005385826859798533,
       "nonsynonymous":1e-10,
       "original name":"ajXP_053517926.1",
       "synonymous":0.001328581213779545
      },
     "drXP_024431534_1":{
       "Confidence Intervals":{
         "LB":0.02665919423659664,
         "MLE":0.1603846790507445,
         "UB":0.4958586171916414
        },
       "Lineage dN/dS":0.1603846790507445,
       "Nucleotide GTR":0,
       "Standard MG94":0,
       "dN":1.32745890431435e-10,
       "dS":4.053818316817038e-10,
       "nonsynonymous":1e-10,
       "original name":"drXP_024431534.1",
       "synonymous":1e-10
      },
     "mbXP_005869330_1":{
       "Confidence Intervals":{
         "LB":0.4447929697817367,
         "MLE":0.6649047633437128,
         "UB":0.9485866799669612
        },
       "Lineage dN/dS":0.6649047633437128,
       "Nucleotide GTR":0.0430412880367605,
       "Standard MG94":0.04329913298820182,
       "dN":0.03975238216129019,
       "dS":0.0541302656286106,
       "nonsynonymous":0.02994622434795661,
       "original name":"mbXP_005869330.1",
       "synonymous":0.01335290864024523
      },
     "mdXP_059539103_1":{
       "Confidence Intervals":{
         "LB":0.04998824421817156,
         "MLE":0.2066017116875623,
         "UB":0.5532834516760647
        },
       "Lineage dN/dS":0.2066017116875623,
       "Nucleotide GTR":0.001296637076088965,
       "Standard MG94":0.001370634446939278,
       "dN":1.32745890431435e-10,
       "dS":0.005556303026662836,
       "nonsynonymous":1e-10,
       "original name":"mdXP_059539103.1",
       "synonymous":0.001370634446939278
      },
     "mlXP_023615498_1":{
       "Confidence Intervals":{
         "LB":0.06364982398512557,
         "MLE":0.266315573993489,
         "UB":0.7110728423771309
        },
       "Lineage dN/dS":0.266315573993489,
       "Nucleotide GTR":0,
       "Standard MG94":0,
       "dN":1.32745890431435e-10,
       "dS":4.053818316817038e-10,
       "nonsynonymous":1e-10,
       "original name":"mlXP_023615498.1",
       "synonymous":1e-10
      },
     "mmXP_036154503_1":{
       "Confidence Intervals":{
         "LB":0.06355971700390295,
         "MLE":0.2649831272647712,
         "UB":0.7100365099970088
        },
       "Lineage dN/dS":0.2649831272647712,
       "Nucleotide GTR":0,
       "Standard MG94":0,
       "dN":1.32745890431435e-10,
       "dS":4.053818316817038e-10,
       "nonsynonymous":1e-10,
       "original name":"mmXP_036154503.1",
       "synonymous":1e-10
      },
     "moXP_036107339_1":{
       "Confidence Intervals":{
         "LB":0.04999620111556151,
         "MLE":0.3011261369180749,
         "UB":0.9297026670691403
        },
       "Lineage dN/dS":0.3011261369180749,
       "Nucleotide GTR":0.002428159775137528,
       "Standard MG94":0.002276525282280111,
       "dN":0.001706710561645497,
       "dS":0.004016635913346076,
       "nonsynonymous":0.001285697475152374,
       "original name":"moXP_036107339.1",
       "synonymous":0.0009908278071277361
      },
     "paXP_006904563_1":{
       "Confidence Intervals":{
         "LB":0,
         "MLE":0,
         "UB":0.106660070714631
        },
       "Lineage dN/dS":0,
       "Nucleotide GTR":0,
       "Standard MG94":0,
       "dN":1.32745890431435e-10,
       "dS":4.053818316817038e-10,
       "nonsynonymous":1e-10,
       "original name":"paXP_006904563.1",
       "synonymous":1e-10
      },
     "pdXP_028388683_1":{
       "Confidence Intervals":{
         "LB":0.02146991016512663,
         "MLE":0.1292933405545647,
         "UB":0.3991944502754035
        },
       "Lineage dN/dS":0.1292933405545647,
       "Nucleotide GTR":0,
       "Standard MG94":0,
       "dN":1.32745890431435e-10,
       "dS":4.053818316817038e-10,
       "nonsynonymous":1e-10,
       "original name":"pdXP_028388683.1",
       "synonymous":1e-10
      },
     "pgXP_039718178_1":{
       "Confidence Intervals":{
         "LB":0,
         "MLE":0,
         "UB":0.1065985965091607
        },
       "Lineage dN/dS":0,
       "Nucleotide GTR":0,
       "Standard MG94":0,
       "dN":1.32745890431435e-10,
       "dS":4.053818316817038e-10,
       "nonsynonymous":1e-10,
       "original name":"pgXP_039718178.1",
       "synonymous":1e-10
      },
     "phXP_045685631_1":{
       "Confidence Intervals":{
         "LB":0.02146508211379394,
         "MLE":0.1292949194173782,
         "UB":0.3991049966997331
        },
       "Lineage dN/dS":0.1292949194173782,
       "Nucleotide GTR":0,
       "Standard MG94":0,
       "dN":1.32745890431435e-10,
       "dS":4.053818316817038e-10,
       "nonsynonymous":1e-10,
       "original name":"phXP_045685631.1",
       "synonymous":1e-10
      },