{
 "analysis":{
   "authors":"Sergei L Kosakovsky Pond",
   "contact":"spond@temple.edu",
   "info":"Fit an MG94xREV model with several selectable options frequency estimator and \nreport the fit results including dN/dS ratios, and synonymous and non-synonymous branch lengths. v0.2 adds LRT test for dN/dS != 1. \nv0.3 adds LRT test support for dN/dS != 1 for local models. v0.4 adds the lineage option",
   "requirements":"in-frame codon alignment and a phylogenetic tree",
   "version":"0.4"
  },
 "branch attributes":{
   "0":{
     "AjPh":{
       "Nucleotide GTR":0.5059696508834096,
       "Standard MG94":0.5700817471151534,
       "dN":0.3629699975436243,
       "dS":1.32674533435256,
       "nonsynonymous":0.2849690896949764,
       "synonymous":0.2851126574201761
      },
     "MolossusPhyllostomus":{
       "Nucleotide GTR":0.006229677737845644,
       "Standard MG94":0.006027183349719138,
       "dN":0.004673612602965682,
       "dS":0.01097232865864989,
       "nonsynonymous":0.00366927056800068,
       "synonymous":0.002357912781718455
      },
     "Myobl":{
       "Nucleotide GTR":0.002370521198749409,
       "Standard MG94":0.002556676308566281,
       "dN":1.273717082551438e-10,
       "dS":0.01189725631451394,
       "nonsynonymous":1e-10,
       "synonymous":0.002556676308566281
      },
     "Myodm":{
       "Nucleotide GTR":0.007273251673323831,
       "Standard MG94":0.007222830449801342,
       "dN":0.003689798757833854,
       "dS":0.02013043438534876,
       "nonsynonymous":0.002896874673646254,
       "synonymous":0.004325955776155091
      },
     "Myotis":{
       "Nucleotide GTR":0.01406648284376629,
       "Standard MG94":0.01368566317952981,
       "dN":0.009297494466420831,
       "dS":0.0297174309895801,
       "nonsynonymous":0.007299497348183962,
       "synonymous":0.006386165831345874
      },
     "Phyllostomidae":{
       "Nucleotide GTR":0.02653131943888737,
       "Standard MG94":0.02328630957846427,
       "dN":0.01744888028426364,
       "dS":0.0446128166411122,
       "nonsynonymous":0.01369918055060629,
       "synonymous":0.009587129027857971
      },
     "Phyllostomus":{
       "Nucleotide GTR":0.01287814487325622,
       "Standard MG94":0.01718935182478296,
       "dN":0.00497643615204483,
       "dS":0.06180810765432839,
       "nonsynonymous":0.003907018458193491,
       "synonymous":0.01328233336658946
      },
     "Pipistrellus":{
       "Nucleotide GTR":0.02644990441739879,
       "Standard MG94":0.02661366867095627,
       "dN":0.02056462923033039,
       "dS":0.0487132737969504,
       "nonsynonymous":0.01614536659046489,
       "synonymous":0.0104683020804914
      },
     "Pteropus":{
       "Nucleotide GTR":0.05413029090607677,
       "Standard MG94":0.05635053734219909,
       "dN":0.03604769285407908,
       "dS":0.1305250985309575,
       "nonsynonymous":0.028301177198527,
       "synonymous":0.02804936014367211
      },
     "Pteropusgv":{
       "Nucleotide GTR":0.00215968001132219,
       "Standard MG94":0.002102194346829815,
       "dN":0.001345609140948955,
       "dS":0.004866308295540647,
       "nonsynonymous":0.001056442721372243,
       "synonymous":0.001045751625457574
      },
     "Vespertilionidae":{
       "Nucleotide GTR":0.03067499910921649,
       "Standard MG94":0.03174771373567988,
       "dN":0.02023640713933776,
       "dS":0.07380320581180495,
       "nonsynonymous":0.01588767821092683,
       "synonymous":0.015860035524753
      },
     "Yangochiroptera":{
       "Nucleotide GTR":0.01566131267663715,
       "Standard MG94":0.01542403841915242,
       "dN":0.00661761488886852,
       "dS":0.04759749083284665,
       "nonsynonymous":0.00519551396422547,
       "synonymous":0.01022852445492694
      },
     "YangochiropteraAfterSaccopteryx":{
       "Nucleotide GTR":0.002202938892109495,
       "Standard MG94":0.002309483500795542,
       "dN":0.002141632605354481,
       "dS":0.002922711195159552,
       "nonsynonymous":0.001681403692148404,
       "synonymous":0.000628079808647138
      },
     "ajXP_037020213_2":{
       "Confidence Intervals":{
         "LB":0.2806450490274162,
         "MLE":0.3274086794532128,
         "UB":0.3805980551019846
        },
       "Lineage dN/dS":0.3274086794532128,
       "Nucleotide GTR":0.01358025606095688,
       "Standard MG94":0.01012351545965976,
       "dN":0.009942951160802497,
       "dS":0.01078319039545167,
       "nonsynonymous":0.007806247790039325,
       "original name":"ajXP_037020213.2",
       "synonymous":0.002317267669620438
      },
     "drXP_024411640_2":{
       "Confidence Intervals":{
         "LB":0.4759785710229653,
         "MLE":0.6047854176793458,
         "UB":0.7563647492463449
        },
       "Lineage dN/dS":0.6047854176793458,
       "Nucleotide GTR":0.0980246739930271,
       "Standard MG94":0.100097941942826,
       "dN":0.08774489235202906,
       "dS":0.1452286640579702,
       "nonsynonymous":0.06888884003680275,
       "original name":"drXP_024411640.2",
       "synonymous":0.03120910190602323
      },
     "mbXP_005881222_1":{
       "Confidence Intervals":{
         "LB":0.2116420554878114,
         "MLE":0.3106437352939194,
         "UB":0.4348786080216988
        },
       "Lineage dN/dS":0.3106437352939194,
       "Nucleotide GTR":0.003212191745561277,
       "Standard MG94":0.003161010384509424,
       "dN":0.002695163401206434,
       "dS":0.004862939175217802,
       "nonsynonymous":0.002115982770528315,
       "original name":"mbXP_005881222.1",
       "synonymous":0.001045027613981111
      },
     "mdXP_059523517_1":{
       "Confidence Intervals":{
         "LB":0.2182276093469069,
         "MLE":0.311661575275118,
         "UB":0.4285301705757202
        },
       "Lineage dN/dS":0.311661575275118,
       "Nucleotide GTR":0.007980639714548342,
       "Standard MG94":0.007793139610475923,
       "dN":0.004879720106803286,
       "dS":0.01843704782590548,
       "nonsynonymous":0.003831086332789467,
       "original name":"mdXP_059523517.1",
       "synonymous":0.00396205327768647
      },
     "mlXP_023611825_1":{
       "Confidence Intervals":{
         "LB":0.1908569712214353,
         "MLE":0.2801605494284336,
         "UB":0.3925870482306014
        },
       "Lineage dN/dS":0.2801605494284336,
       "Nucleotide GTR":0.006434149235006192,
       "Standard MG94":0.006441842493364582,
       "dN":0.002694976711012151,
       "dS":0.02013066946545654,
       "nonsynonymous":0.00211583619936519,
       "original name":"mlXP_023611825.1",
       "synonymous":0.004326006293999399
      },
     "mmXP_036201257_1":{
       "Confidence Intervals":{
         "LB":0.2155611068923789,
         "MLE":0.3065959390992145,
         "UB":0.4191763306550477
        },
       "Lineage dN/dS":0.3065959390992145,
       "Nucleotide GTR":0.01045656109067532,
       "Standard MG94":0.01073543470707679,
       "dN":0.006272455560016066,
       "dS":0.02704051550605115,
       "nonsynonymous":0.004924528096499609,
       "original name":"mmXP_036201257.1",
       "synonymous":0.005810906610577179
      },
     "moXP_036131952_1":{
       "Confidence Intervals":{
         "LB":0.303759605383075,
         "MLE":0.4154627912498216,
         "UB":0.551270417258965
        },
       "Lineage dN/dS":0.4154627912498216,
       "Nucleotide GTR":0.07322484841147438,
       "Standard MG94":0.07351274510092014,
       "dN":0.05416645591860496,
       "dS":0.1441926201090122,
       "nonsynonymous":0.0425262852015,
       "original name":"moXP_036131952.1",
       "synonymous":0.03098645989942015
      },
     "paXP_024901073_1":{
       "Confidence Intervals":{
         "LB":0.1890314323283625,
         "MLE":0.2958700873872957,
         "UB":0.435312527470258
        },
       "Lineage dN/dS":0.2958700873872957,
       "Nucleotide GTR":0.002131761920069927,
       "Standard MG94":0.002262324757855491,
       "dN":1.273717082551438e-10,
       "dS":0.01052751864625794,
       "nonsynonymous":1e-10,