{
 "analysis":{
   "authors":"Sergei L Kosakovsky Pond",
   "contact":"spond@temple.edu",
   "info":"Fit an MG94xREV model with several selectable options frequency estimator and \nreport the fit results including dN/dS ratios, and synonymous and non-synonymous branch lengths. v0.2 adds LRT test for dN/dS != 1. \nv0.3 adds LRT test support for dN/dS != 1 for local models. v0.4 adds the lineage option",
   "requirements":"in-frame codon alignment and a phylogenetic tree",
   "version":"0.4"
  },
 "branch attributes":{
   "0":{
     "AjPh":{
       "Nucleotide GTR":0.02046758005168631,
       "Standard MG94":0.02337044373238092,
       "dN":0.004135144394070533,
       "dS":0.0890369252629427,
       "nonsynonymous":0.003198288424583499,
       "synonymous":0.02017215530779743
      },
     "MolossusPhyllostomus":{
       "Nucleotide GTR":0.01224193091503227,
       "Standard MG94":0.01373498970592633,
       "dN":0.002063532306647898,
       "dS":0.0535796278508598,
       "nonsynonymous":0.001596019597180115,
       "synonymous":0.01213897010874622
      },
     "Myobl":{
       "Nucleotide GTR":0.002842977162423832,
       "Standard MG94":0.001548638934180604,
       "dN":0.002002272702453418,
       "dS":4.413852853320339e-10,
       "nonsynonymous":0.001548638934180604,
       "synonymous":1e-10
      },
     "Myodm":{
       "Nucleotide GTR":0.008416249231908821,
       "Standard MG94":0.01035449531321112,
       "dN":1.292924166027658e-10,
       "dS":0.04570321868290898,
       "nonsynonymous":1e-10,
       "synonymous":0.01035449531321112
      },
     "Myotis":{
       "Nucleotide GTR":0.006228986429223512,
       "Standard MG94":0,
       "dN":1.292924166027658e-10,
       "dS":4.413852853320339e-10,
       "nonsynonymous":1e-10,
       "synonymous":1e-10
      },
     "Phyllostomidae":{
       "Nucleotide GTR":0.02759274826966769,
       "Standard MG94":0.02972676329359405,
       "dN":0.006259502157206697,
       "dS":0.1098405396836635,
       "nonsynonymous":0.00484135289731509,
       "synonymous":0.02488541039627895
      },
     "Phyllostomus":{
       "Nucleotide GTR":0.01375726011405716,
       "Standard MG94":0.01639128684901183,
       "dN":1.292924166027658e-10,
       "dS":0.07234872822810302,
       "nonsynonymous":1e-10,
       "synonymous":0.01639128684901183
      },
     "Pipistrellus":{
       "Nucleotide GTR":0.05919346997605838,
       "Standard MG94":0.08785569433369263,
       "dN":0.01245088881405649,
       "dS":0.3452766048109679,
       "nonsynonymous":0.00963002250341583,
       "synonymous":0.07822567183027686
      },
     "Pteropodidae":{
       "Nucleotide GTR":0.01937990787173039,
       "Standard MG94":0.01837763692901445,
       "dN":0.002074176469069787,
       "dS":0.07403525193919183,
       "nonsynonymous":0.001604252224198443,
       "synonymous":0.016773384704816
      },
     "Pteropus":{
       "Nucleotide GTR":0.009625431341050358,
       "Standard MG94":0.008000110594348488,
       "dN":1.292924166027658e-10,
       "dS":0.03531131097374334,
       "nonsynonymous":1e-10,
       "synonymous":0.008000110594348487
      },
     "Pteropusgv":{
       "Nucleotide GTR":0.001582544551588136,
       "Standard MG94":0.001326105529275424,
       "dN":1.292924166027658e-10,
       "dS":0.005853234674196204,
       "nonsynonymous":1e-10,
       "synonymous":0.001326105529275423
      },
     "Vespertilionidae":{
       "Nucleotide GTR":0.04982743032192511,
       "Standard MG94":0.06777354780212423,
       "dN":0.006216620010925375,
       "dS":0.2779198413837423,
       "nonsynonymous":0.004808186105783092,
       "synonymous":0.06296536169634108
      },
     "Yangochiroptera":{
       "Nucleotide GTR":0.0364017448325645,
       "Standard MG94":0.04224026387267268,
       "dN":1.292924166027658e-10,
       "dS":0.1864423092194002,
       "nonsynonymous":1e-10,
       "synonymous":0.04224026387267266
      },
     "YangochiropteraAfterSaccopteryx":{
       "Nucleotide GTR":0.002439631812575325,
       "Standard MG94":0,
       "dN":1.292924166027658e-10,
       "dS":4.413852853320339e-10,
       "nonsynonymous":1e-10,
       "synonymous":1e-10
      },
     "ajXP_037001012_1":{
       "Confidence Intervals":{
         "LB":0.01348060434547453,
         "MLE":0.0313979960213741,
         "UB":0.06081816816150165
        },
       "Lineage dN/dS":0.0313979960213741,
       "Nucleotide GTR":0.02077882452867618,
       "Standard MG94":0.02171785847448464,
       "dN":0.004142000465278938,
       "dS":0.0817192514887647,
       "nonsynonymous":0.003203591188186,
       "original name":"ajXP_037001012.1",
       "synonymous":0.01851426728629865
      },
     "drXP_045060778_1":{
       "Confidence Intervals":{
         "LB":0.01488778308825431,
         "MLE":0.03754589760955508,
         "UB":0.07614698626388065
        },
       "Lineage dN/dS":0.03754589760955508,
       "Nucleotide GTR":0.0157258530030208,
       "Standard MG94":0.01469362987097692,
       "dN":0.006251070454527966,
       "dS":0.0435152854241477,
       "nonsynonymous":0.004834831476414871,
       "original name":"drXP_045060778.1",
       "synonymous":0.009858798394562055
      },
     "mbXP_014397758_1":{
       "Confidence Intervals":{
         "LB":0.01682986003377407,
         "MLE":0.03511427042727187,
         "UB":0.06333014247790057
        },
       "Lineage dN/dS":0.03511427042727187,
       "Nucleotide GTR":0.01289095983506997,
       "Standard MG94":0.01339948018837925,
       "dN":0.008342578404236436,
       "dS":0.03066299877313586,
       "nonsynonymous":0.006452488570824636,
       "original name":"mbXP_014397758.1",
       "synonymous":0.006946991617554603
      },
     "mdXP_059550994_1":{
       "Confidence Intervals":{
         "LB":0.004467253012744672,
         "MLE":0.01441237711633817,
         "UB":0.03349899298693037
        },
       "Lineage dN/dS":0.01441237711633817,
       "Nucleotide GTR":0.003215630744967766,
       "Standard MG94":0.003432792874923985,
       "dN":1.292924166027658e-10,
       "dS":0.01515184262584096,
       "nonsynonymous":1e-10,
       "original name":"mdXP_059550994.1",
       "synonymous":0.003432792874923985
      },
     "mlXP_006106703_1":{
       "Confidence Intervals":{
         "LB":0.05245836919353412,
         "MLE":0.08075084351253643,
         "UB":0.1175915350870057
        },
       "Lineage dN/dS":0.08075084351253643,
       "Nucleotide GTR":0.06105551070166898,
       "Standard MG94":0.06288781078668257,
       "dN":0.0470567349990093,
       "dS":0.1169327740355616,
       "nonsynonymous":0.03639558779660298,
       "original name":"mlXP_006106703.1",
       "synonymous":0.02649222299007962
      },
     "mmXP_036165248_1":{
       "Confidence Intervals":{
         "LB":0.006580706175318528,
         "MLE":0.01839215940096004,
         "UB":0.03953437818464771
        },
       "Lineage dN/dS":0.01839215940096004,
       "Nucleotide GTR":0.003170540595702772,
       "Standard MG94":0.003245253938421659,
       "dN":0.002065325448341573,
       "dS":0.007273356180995498,
       "nonsynonymous":0.001597406485708298,
       "original name":"mmXP_036165248.1",
       "synonymous":0.001647847452713356
      },
     "moXP_036135519_1":{
       "Confidence Intervals":{
         "LB":0.01336443626297294,
         "MLE":0.03729769782350122,
         "UB":0.08032450225155231
        },
       "Lineage dN/dS":0.03729769782350122,
       "Nucleotide GTR":0.01676034941694323,
       "Standard MG94":0.01710703872592493,
       "dN":0.008314855248052642,
       "dS":0.04712225937877522,
       "nonsynonymous":0.006431046357188108,
       "original name":"moXP_036135519.1",
       "synonymous":0.01067599236873683
      },
     "paXP_015445321_1":{
       "Confidence Intervals":{
         "LB":0.001027134437969372,
         "MLE":0.01805102163126768,
         "UB":0.07933758190904576
        },
       "Lineage dN/dS":0.01805102163126768,
       "Nucleotide GTR":0.001600344827812477,