{
 "analysis":{
   "authors":"Sergei L Kosakovsky Pond",
   "contact":"spond@temple.edu",
   "info":"Fit an MG94xREV model with several selectable options frequency estimator and \nreport the fit results including dN/dS ratios, and synonymous and non-synonymous branch lengths. v0.2 adds LRT test for dN/dS != 1. \nv0.3 adds LRT test support for dN/dS != 1 for local models. v0.4 adds the lineage option",
   "requirements":"in-frame codon alignment and a phylogenetic tree",
   "version":"0.4"
  },
 "branch attributes":{
   "0":{
     "AjPh":{
       "Nucleotide GTR":0.00200346162381857,
       "Standard MG94":0.002625178241655946,
       "dN":1.308321196941851e-10,
       "dS":0.01113960497486252,
       "nonsynonymous":1e-10,
       "synonymous":0.002625178241655946
      },
     "MolossusPhyllostomus":{
       "Nucleotide GTR":0.007411158636741104,
       "Standard MG94":0.00662848192255251,
       "dN":1.308321196941851e-10,
       "dS":0.02812710734402373,
       "nonsynonymous":1e-10,
       "synonymous":0.00662848192255251
      },
     "Myobl":{
       "Nucleotide GTR":0.001454636349648512,
       "Standard MG94":0.001558897598338993,
       "dN":1.308321196941851e-10,
       "dS":0.006614980714911094,
       "nonsynonymous":1e-10,
       "synonymous":0.001558897598338994
      },
     "Myodm":{
       "Nucleotide GTR":0.001543351515959549,
       "Standard MG94":0.001615950266120737,
       "dN":1.308321196941851e-10,
       "dS":0.006857076345510938,
       "nonsynonymous":1e-10,
       "synonymous":0.001615950266120737
      },
     "Phyllostomidae":{
       "Nucleotide GTR":0.01495741922394726,
       "Standard MG94":0.0183797808413603,
       "dN":1.308321196941851e-10,
       "dS":0.07799222728897418,
       "nonsynonymous":1e-10,
       "synonymous":0.0183797808413603
      },
     "Phyllostomus":{
       "Nucleotide GTR":0.01100238004886394,
       "Standard MG94":0.01187507317577346,
       "dN":0.00593570060137789,
       "dS":0.03113866138607655,
       "nonsynonymous":0.004536883309123444,
       "synonymous":0.007338189866650021
      },
     "Pipistrellus":{
       "Nucleotide GTR":0.01376132208245693,
       "Standard MG94":0.01493660357395452,
       "dN":1.308321196941851e-10,
       "dS":0.06338154904674838,
       "nonsynonymous":1e-10,
       "synonymous":0.01493660357395451
      },
     "Pteropodidae":{
       "Nucleotide GTR":0.003372739510061992,
       "Standard MG94":0.003124974988775411,
       "dN":0.001965279602820235,
       "dS":0.006886297263915308,
       "nonsynonymous":0.001502138471358561,
       "synonymous":0.001622836517416852
      },
     "Pteropus":{
       "Nucleotide GTR":0.005387813824176468,
       "Standard MG94":0.005633324418198642,
       "dN":1.308321196941851e-10,
       "dS":0.02390428494272295,
       "nonsynonymous":1e-10,
       "synonymous":0.005633324418198644
      },
     "Vespertilionidae":{
       "Nucleotide GTR":0.01630956440426595,
       "Standard MG94":0.01880997965267714,
       "dN":1.308321196941851e-10,
       "dS":0.07981772040890123,
       "nonsynonymous":1e-10,
       "synonymous":0.01880997965267715
      },
     "Yangochiroptera":{
       "Nucleotide GTR":0.003137697659777444,
       "Standard MG94":0,
       "dN":1.308321196941851e-10,
       "dS":4.24337090644014e-10,
       "nonsynonymous":1e-10,
       "synonymous":1e-10
      },
     "YangochiropteraAfterSaccopteryx":{
       "Nucleotide GTR":0.001720036907351786,
       "Standard MG94":0.001739198077837223,
       "dN":1.308321196941851e-10,
       "dS":0.007380062524031086,
       "nonsynonymous":1e-10,
       "synonymous":0.001739198077837223
      },
     "ajXP_036990121_2":{
       "Confidence Intervals":{
         "LB":0.009413657976204269,
         "MLE":0.03786882059377702,
         "UB":0.09830998007259885
        },
       "Lineage dN/dS":0.03786882059377702,
       "Nucleotide GTR":0.01989973488125921,
       "Standard MG94":0.02028318596510721,
       "dN":0.005939318534590082,
       "dS":0.06680566827508067,
       "nonsynonymous":0.004539648634045679,
       "original name":"ajXP_036990121.2",
       "synonymous":0.01574353733106151
      },
     "drXP_045048695_1":{
       "Confidence Intervals":{
         "LB":0,
         "MLE":0,
         "UB":0.02824001608796996
        },
       "Lineage dN/dS":0,
       "Nucleotide GTR":0.01180370512556208,
       "Standard MG94":0.01274488443004224,
       "dN":1.308321196941851e-10,
       "dS":0.05408127179638317,
       "nonsynonymous":1e-10,
       "original name":"drXP_045048695.1",
       "synonymous":0.01274488443004224
      },
     "mbXP_005883061_1":{
       "Confidence Intervals":{
         "LB":0,
         "MLE":0,
         "UB":0.02650090926842479
        },
       "Lineage dN/dS":0,
       "Nucleotide GTR":0.006070623649145664,
       "Standard MG94":0.006287087672439463,
       "dN":1.308321196941851e-10,
       "dS":0.02667844491546807,
       "nonsynonymous":1e-10,
       "original name":"mbXP_005883061.1",
       "synonymous":0.006287087672439463
      },
     "mdXP_059532815_1":{
       "Confidence Intervals":{
         "LB":0,
         "MLE":0,
         "UB":0.02904353766979774
        },
       "Lineage dN/dS":0,
       "Nucleotide GTR":0.003018465216932291,
       "Standard MG94":0.00315601146104306,
       "dN":1.308321196941851e-10,
       "dS":0.01339212721418176,
       "nonsynonymous":1e-10,
       "original name":"mdXP_059532815.1",
       "synonymous":0.00315601146104306
      },
     "mlXP_023618314_1":{
       "Confidence Intervals":{
         "LB":0.2168148904538996,
         "MLE":0.2964744058362702,
         "UB":0.3931822885240835
        },
       "Lineage dN/dS":0.2964744058362702,
       "Nucleotide GTR":0.1249757913506006,
       "Standard MG94":0.1263000258928647,
       "dN":0.105914122461951,
       "dS":0.1924190719821882,
       "nonsynonymous":0.08095422034705323,
       "original name":"mlXP_023618314.1",
       "synonymous":0.04534580554581145
      },
     "mmXP_036209309_1":{
       "Confidence Intervals":{
         "LB":0,
         "MLE":0,
         "UB":0.02902740260810902
        },
       "Lineage dN/dS":0,
       "Nucleotide GTR":0.003022580960297671,
       "Standard MG94":0.003162589713568168,
       "dN":1.308321196941851e-10,
       "dS":0.01342004117956202,
       "nonsynonymous":1e-10,
       "original name":"mmXP_036209309.1",
       "synonymous":0.003162589713568168
      },
     "moXP_036132562_1":{
       "Confidence Intervals":{
         "LB":0.0007992886516714146,
         "MLE":0.01398883207854286,
         "UB":0.06173083927303918
        },
       "Lineage dN/dS":0.01398883207854286,
       "Nucleotide GTR":0.02539785983063396,
       "Standard MG94":0.02757801194919388,
       "dN":0.001965246932807722,
       "dS":0.1106497088368286,
       "nonsynonymous":0.001502113500416724,
       "original name":"moXP_036132562.1",
       "synonymous":0.02607589844877717
      },
     "paXP_024904910_1":{
       "Confidence Intervals":{
         "LB":0.002680333517515926,
         "MLE":0.0470780978892889,
         "UB":0.2069063900550543
        },
       "Lineage dN/dS":0.0470780978892889,
       "Nucleotide GTR":0.002999031840636645,
       "Standard MG94":0.002987578044696034,
       "dN":1.308321196941851e-10,
       "dS":0.01267740175558247,
       "nonsynonymous":1e-10,
       "original name":"paXP_024904910.1",
       "synonymous":0.002987578044696035
      },
     "pdXP_028383423_1":{
       "Confidence Intervals":{
         "LB":0.01916571076502794,
         "MLE":0.06179049511105383,
         "UB":0.1436220428483053
        },
       "Lineage dN/dS":0.06179049511105383,
       "Nucleotide GTR":0.00304177921482029,
       "Standard MG94":0.00309613753313805,
       "dN":0.001969839503944498,
       "dS":0.006749139793005292,
       "nonsynonymous":0.001505623778433706,
       "original name":"pdXP_028383423.1",
       "synonymous":0.001590513754704346
      },