{
 "analysis":{
   "authors":"Sergei L Kosakovsky Pond",
   "contact":"spond@temple.edu",
   "info":"Fit an MG94xREV model with several selectable options frequency estimator and \nreport the fit results including dN/dS ratios, and synonymous and non-synonymous branch lengths. v0.2 adds LRT test for dN/dS != 1. \nv0.3 adds LRT test support for dN/dS != 1 for local models. v0.4 adds the lineage option",
   "requirements":"in-frame codon alignment and a phylogenetic tree",
   "version":"0.4"
  },
 "branch attributes":{
   "0":{
     "MolossusPhyllostomus":{
       "Nucleotide GTR":0.002481347120798268,
       "Standard MG94":0.006567874952688287,
       "dN":1.327391437370112e-10,
       "dS":0.02662910503691739,
       "nonsynonymous":1e-10,
       "synonymous":0.006567874952688291
      },
     "Myotis":{
       "Nucleotide GTR":0.00241929946914259,
       "Standard MG94":0.002095003745195503,
       "dN":1.327391437370112e-10,
       "dS":0.008494082969821433,
       "nonsynonymous":1e-10,
       "synonymous":0.002095003745195503
      },
     "Phyllostomidae":{
       "Nucleotide GTR":0.00199593646363441,
       "Standard MG94":0,
       "dN":1.327391437370112e-10,
       "dS":4.054447630130024e-10,
       "nonsynonymous":1e-10,
       "synonymous":1e-10
      },
     "Phyllostomus":{
       "Nucleotide GTR":0.001822857145742773,
       "Standard MG94":0.00425398139818291,
       "dN":1.327391437370112e-10,
       "dS":0.0172475447984799,
       "nonsynonymous":1e-10,
       "synonymous":0.00425398139818291
      },
     "Pipistrellus":{
       "Nucleotide GTR":0.007513148448842656,
       "Standard MG94":0.0112385477730716,
       "dN":1.327391437370112e-10,
       "dS":0.04556610338463321,
       "nonsynonymous":1e-10,
       "synonymous":0.0112385477730716
      },
     "Pteropodidae":{
       "Nucleotide GTR":0.01424698461857137,
       "Standard MG94":0.01514679757990227,
       "dN":1.327391437370112e-10,
       "dS":0.06141189755189395,
       "nonsynonymous":1e-10,
       "synonymous":0.01514679757990227
      },
     "Pteropus":{
       "Nucleotide GTR":0.00778494570669134,
       "Standard MG94":0.007119194376373125,
       "dN":0.002165089886710857,
       "dS":0.02225124709423855,
       "nonsynonymous":0.001631086223518536,
       "synonymous":0.005488108152854588
      },
     "Vespertilionidae":{
       "Nucleotide GTR":0.01368910528404963,
       "Standard MG94":0.01862470542838371,
       "dN":0.002170441341121445,
       "dS":0.0688833933752554,
       "nonsynonymous":0.001635117780646244,
       "synonymous":0.01698958764773744
      },
     "Yangochiroptera":{
       "Nucleotide GTR":0.006034406145818608,
       "Standard MG94":0.01029165140090469,
       "dN":0.002162343941562948,
       "dS":0.0351221953046894,
       "nonsynonymous":0.001629017545756572,
       "synonymous":0.008662633855148117
      },
     "YangochiropteraAfterSaccopteryx":{
       "Nucleotide GTR":0.004599503038758702,
       "Standard MG94":0.008023371117816747,
       "dN":1.327391437370112e-10,
       "dS":0.03253033801428579,
       "nonsynonymous":1e-10,
       "synonymous":0.008023371117816747
      },
     "ajXP_037002657_1":{
       "Confidence Intervals":{
         "LB":0.0004225243053662573,
         "MLE":0.00743132750748735,
         "UB":0.03262573900733209
        },
       "Lineage dN/dS":0.00743132750748735,
       "Nucleotide GTR":0.009581125052544704,
       "Standard MG94":0.009184778594650094,
       "dN":1.327391437370112e-10,
       "dS":0.03723920380634806,
       "nonsynonymous":1e-10,
       "original name":"ajXP_037002657.1",
       "synonymous":0.009184778594650096
      },
     "drXP_053781253_1":{
       "Confidence Intervals":{
         "LB":0.0004052086124461635,
         "MLE":0.00712159776588173,
         "UB":0.03128819124950638
        },
       "Lineage dN/dS":0.00712159776588173,
       "Nucleotide GTR":0.0115145050939346,
       "Standard MG94":0.01040079977756032,
       "dN":1.327391437370112e-10,
       "dS":0.04216949800958632,
       "nonsynonymous":1e-10,
       "original name":"drXP_053781253.1",
       "synonymous":0.01040079977756032
      },
     "mbXP_005875028_2":{
       "Confidence Intervals":{
         "LB":0.04740171891377626,
         "MLE":0.07158773458243665,
         "UB":0.1031043667994717
        },
       "Lineage dN/dS":0.07158773458243665,
       "Nucleotide GTR":0.07496698294637355,
       "Standard MG94":0.08107508351917306,
       "dN":0.05866480856611183,
       "dS":0.1495260947401131,
       "nonsynonymous":0.04419556049144118,
       "original name":"mbXP_005875028.2",
       "synonymous":0.03687952302773186
      },
     "mdXP_059516341_1":{
       "Confidence Intervals":{
         "LB":0.001404858024684663,
         "MLE":0.008447546490288189,
         "UB":0.02611907499735002
        },
       "Lineage dN/dS":0.008447546490288189,
       "Nucleotide GTR":0.003295916474279316,
       "Standard MG94":0.003978507165449387,
       "dN":1.327391437370112e-10,
       "dS":0.01613064894841158,
       "nonsynonymous":1e-10,
       "original name":"mdXP_059516341.1",
       "synonymous":0.003978507165449385
      },
     "mlXP_023619242_1":{
       "Confidence Intervals":{
         "LB":0.0253244645402548,
         "MLE":0.04734938938984259,
         "UB":0.07957555470405736
        },
       "Lineage dN/dS":0.04734938938984259,
       "Nucleotide GTR":0.02705595556396795,
       "Standard MG94":0.02897079445766211,
       "dN":0.0231374878859244,
       "dS":0.04678832389152825,
       "nonsynonymous":0.01743079489179578,
       "original name":"mlXP_023619242.1",
       "synonymous":0.01153999956586633
      },
     "mmXP_036191014_1":{
       "Confidence Intervals":{
         "LB":0.001538004023263288,
         "MLE":0.00926714272911172,
         "UB":0.02859705376197051
        },
       "Lineage dN/dS":0.00926714272911172,
       "Nucleotide GTR":0,
       "Standard MG94":0,
       "dN":1.327391437370112e-10,
       "dS":4.054447630130024e-10,
       "nonsynonymous":1e-10,
       "original name":"mmXP_036191014.1",
       "synonymous":1e-10
      },
     "moXP_036119128_1":{
       "Confidence Intervals":{
         "LB":0.0002896351189683576,
         "MLE":0.005085170094262704,
         "UB":0.02236313422372407
        },
       "Lineage dN/dS":0.005085170094262704,
       "Nucleotide GTR":0.01214468245562025,
       "Standard MG94":0.01474269608479799,
       "dN":1.327391437370112e-10,
       "dS":0.05977348920273639,
       "nonsynonymous":1e-10,
       "original name":"moXP_036119128.1",
       "synonymous":0.01474269608479799
      },
     "paXP_024901437_1":{
       "Confidence Intervals":{
         "LB":0.1450589757256573,
         "MLE":0.2797483950263079,
         "UB":0.4789749872889045
        },
       "Lineage dN/dS":0.2797483950263079,
       "Nucleotide GTR":0.0216795590348531,
       "Standard MG94":0.02131618424318915,
       "dN":0.0236954740033023,
       "dS":0.01404876827401899,
       "nonsynonymous":0.01785115779430433,
       "original name":"paXP_024901437.1",
       "synonymous":0.003465026448884838
      },
     "pdXP_028372231_1":{
       "Confidence Intervals":{
         "LB":0.0003684469858654559,
         "MLE":0.006464168264608619,
         "UB":0.02844373260739531
        },
       "Lineage dN/dS":0.006464168264608619,
       "Nucleotide GTR":0.008112913383318302,
       "Standard MG94":0.00872106242080589,
       "dN":1.327391437370112e-10,
       "dS":0.03535909086425246,
       "nonsynonymous":1e-10,
       "original name":"pdXP_028372231.1",
       "synonymous":0.008721062420805892
      },
     "pgXP_039743542_1":{
       "Confidence Intervals":{
         "LB":0.0005227352614712945,
         "MLE":0.009158516032924018,
         "UB":0.04044460112298304
        },
       "Lineage dN/dS":0.009158516032924018,
       "Nucleotide GTR":0.001648785329398001,
       "Standard MG94":0.001872917852703363,
       "dN":1.327391437370112e-10,