{
 "analysis":{
   "authors":"Sergei L Kosakovsky Pond",
   "contact":"spond@temple.edu",
   "info":"Fit an MG94xREV model with several selectable options frequency estimator and \nreport the fit results including dN/dS ratios, and synonymous and non-synonymous branch lengths. v0.2 adds LRT test for dN/dS != 1. \nv0.3 adds LRT test support for dN/dS != 1 for local models. v0.4 adds the lineage option",
   "requirements":"in-frame codon alignment and a phylogenetic tree",
   "version":"0.4"
  },
 "branch attributes":{
   "0":{
     "AjPh":{
       "Nucleotide GTR":0.003014889247615323,
       "Standard MG94":0.003297977555227983,
       "dN":0.001638307325740978,
       "dS":0.008981370860687928,
       "nonsynonymous":0.001268019109883614,
       "synonymous":0.00202995844534437
      },
     "MolossusPhyllostomus":{
       "Nucleotide GTR":0.002661966038255763,
       "Standard MG94":0.002011003433293311,
       "dN":0.001170935859117816,
       "dS":0.004887740234602776,
       "nonsynonymous":0.0009062823699075155,
       "synonymous":0.001104721063385797
      },
     "Myobl":{
       "Nucleotide GTR":0.01285910716402327,
       "Standard MG94":0.01034717159099475,
       "dN":0.009210613308649043,
       "dS":0.01423921449107448,
       "nonsynonymous":0.007128841765895794,
       "synonymous":0.003218329825098949
      },
     "Myodm":{
       "Nucleotide GTR":123.5819653566626,
       "Standard MG94":1193.810035719884,
       "dN":0.2926722034042193,
       "dS":5280.904250729352,
       "nonsynonymous":0.2265227903320556,
       "synonymous":1193.583512929554
      },
     "Myotis":{
       "Nucleotide GTR":0.002477084632255958,
       "Standard MG94":0.005095155700911647,
       "dN":0.005503282555101991,
       "dS":0.003697561534508638,
       "nonsynonymous":0.004259437370093123,
       "synonymous":0.0008357183308185298
      },
     "Phyllostomidae":{
       "Nucleotide GTR":0.0341199766073098,
       "Standard MG94":0.04035100376957977,
       "dN":0.006013468165064742,
       "dS":0.1579368449285276,
       "nonsynonymous":0.00465431145315187,
       "synonymous":0.03569669231642796
      },
     "Phyllostomus":{
       "Nucleotide GTR":0.0115777221951204,
       "Standard MG94":0.0155786556652237,
       "dN":0.004151108312642609,
       "dS":0.05471127669293279,
       "nonsynonymous":0.003212879894342705,
       "synonymous":0.01236577577088101
      },
     "Pipistrellus":{
       "Nucleotide GTR":0.02777556964544289,
       "Standard MG94":0.02949396017861675,
       "dN":0.01689311066080708,
       "dS":0.07264445027011143,
       "nonsynonymous":0.0130749504727959,
       "synonymous":0.01641900970582087
      },
     "Pteropodidae":{
       "Nucleotide GTR":0.02255577826749567,
       "Standard MG94":0.02433117643297767,
       "dN":0.00757238610897208,
       "dS":0.08172016554830348,
       "nonsynonymous":0.005860884672081311,
       "synonymous":0.01847029176089634
      },
     "Pteropus":{
       "Nucleotide GTR":0.01129229331359385,
       "Standard MG94":0.01230798408315681,
       "dN":0.003770678336700725,
       "dS":0.041543229413231,
       "nonsynonymous":0.002918434235773307,
       "synonymous":0.009389549847383495
      },
     "Pteropusgv":{
       "Nucleotide GTR":0.0007456317243016572,
       "Standard MG94":0.0007647761756670561,
       "dN":1.292021005812247e-10,
       "dS":0.00338368426941824,
       "nonsynonymous":1e-10,
       "synonymous":0.0007647761756670563
      },
     "Vespertilionidae":{
       "Nucleotide GTR":0.02488158249103701,
       "Standard MG94":0.02520868548811157,
       "dN":0.01575478017606104,
       "dS":0.0575827446272986,
       "nonsynonymous":0.01219390405046594,
       "synonymous":0.01301478143764567
      },
     "Yangochiroptera":{
       "Nucleotide GTR":0.007968564846372376,
       "Standard MG94":0.007920644450549925,
       "dN":0.003110343716873377,
       "dS":0.02439309210991209,
       "nonsynonymous":0.002407347638220491,
       "synonymous":0.005513296812329429
      },
     "YangochiropteraAfterSaccopteryx":{
       "Nucleotide GTR":0.004012532662736074,
       "Standard MG94":0.004969073818167146,
       "dN":0.003274838230875988,
       "dS":0.0107708331216758,
       "nonsynonymous":0.002534663303571612,
       "synonymous":0.002434410514595536
      },
     "ajXP_036994512_1":{
       "Confidence Intervals":{
         "LB":0.3002971238451768,
         "MLE":0.3763413017047021,
         "UB":0.4639064323260803
        },
       "Lineage dN/dS":0.3763413017047021,
       "Nucleotide GTR":0.079134231975827,
       "Standard MG94":0.07545367727624339,
       "dN":0.07411455112959207,
       "dS":0.08003939583757308,
       "nonsynonymous":0.05736327102746979,
       "original name":"ajXP_036994512.1",
       "synonymous":0.01809040624877365
      },
     "drXP_045053573_1":{
       "Confidence Intervals":{
         "LB":0.3256230018679998,
         "MLE":0.410053889617698,
         "UB":0.5075216620894586
        },
       "Lineage dN/dS":0.410053889617698,
       "Nucleotide GTR":0.07583433463411603,
       "Standard MG94":0.0718253585019491,
       "dN":0.07457367270713913,
       "dS":0.06241400058423469,
       "nonsynonymous":0.05771862250819779,
       "original name":"drXP_045053573.1",
       "synonymous":0.01410673599375132
      },
     "mbXP_005866503_1":{
       "Confidence Intervals":{
         "LB":0.3209965275907614,
         "MLE":0.4489938401716206,
         "UB":0.6077424264554403
        },
       "Lineage dN/dS":0.4489938401716206,
       "Nucleotide GTR":0.00310940576647499,
       "Standard MG94":0.003210102637117308,
       "dN":0.003168762252417314,
       "dS":0.003351669113080249,
       "nonsynonymous":0.002452562487887127,
       "original name":"mbXP_005866503.1",
       "synonymous":0.0007575401492301804
      },
     "mdXP_059533970_1":{
       "Confidence Intervals":{
         "LB":0.0853046724787957,
         "MLE":0.09741431465447196,
         "UB":0.1108605659285412
        },
       "Lineage dN/dS":0.09741431465447196,
       "Nucleotide GTR":0,
       "Standard MG94":0.002748065871948216,
       "dN":0.003437856092615325,
       "dS":0.0003859405215869329,
       "nonsynonymous":0.002660836067796024,
       "original name":"mdXP_059533970.1",
       "synonymous":8.722980415219128e-05
      },
     "mlXP_014320125_1":{
       "Confidence Intervals":{
         "LB":0.3034222535746509,
         "MLE":0.4254502162830577,
         "UB":0.575750742590322
        },
       "Lineage dN/dS":0.4254502162830577,
       "Nucleotide GTR":0.002104234790313697,
       "Standard MG94":0.002023781689112616,
       "dN":0.002614768453511691,
       "dS":4.424411189936597e-10,
       "nonsynonymous":0.002023781689112616,
       "original name":"mlXP_014320125.1",
       "synonymous":1e-10
      },
     "mmXP_036211667_1":{
       "Confidence Intervals":{
         "LB":0.08509910958369372,
         "MLE":0.09725179880852247,
         "UB":0.1107680336677563
        },
       "Lineage dN/dS":0.09725179880852247,
       "Nucleotide GTR":0.01680200714182422,
       "Standard MG94":0.01254127244947666,
       "dN":0.0004171341074978488,
       "dS":0.05405930745608835,
       "nonsynonymous":0.0003228539672507967,
       "original name":"mmXP_036211667.1",
       "synonymous":0.01221841848222589
      },
     "moXP_036134736_1":{
       "Confidence Intervals":{
         "LB":0.1399019488966195,
         "MLE":0.2219549025154385,
         "UB":0.3303713971721936
        },
       "Lineage dN/dS":0.2219549025154385,
       "Nucleotide GTR":0.02911708829499617,
       "Standard MG94":0.02967051473474445,
       "dN":0.01422374844935249,
       "dS":0.08256659405077622,
       "nonsynonymous":0.01100891424006727,
       "original name":"moXP_036134736.1",
       "synonymous":0.01866160049467722
      },
     "paXP_006913445_2":{
       "Confidence Intervals":{
         "LB":0.06753768361446127,
         "MLE":0.1249280354645094,