{
 "analysis":{
   "authors":"Sergei L Kosakovsky Pond",
   "contact":"spond@temple.edu",
   "info":"Fit an MG94xREV model with several selectable options frequency estimator and \nreport the fit results including dN/dS ratios, and synonymous and non-synonymous branch lengths. v0.2 adds LRT test for dN/dS != 1. \nv0.3 adds LRT test support for dN/dS != 1 for local models. v0.4 adds the lineage option",
   "requirements":"in-frame codon alignment and a phylogenetic tree",
   "version":"0.4"
  },
 "branch attributes":{
   "0":{
     "AjPh":{
       "Nucleotide GTR":0.009130504204137746,
       "Standard MG94":0.01277661414379368,
       "dN":1.313342037739197e-10,
       "dS":0.05355190952381543,
       "nonsynonymous":1e-10,
       "synonymous":0.01277661414379368
      },
     "Myobl":{
       "Nucleotide GTR":0.0014939232444728,
       "Standard MG94":0.001554690425231635,
       "dN":0.002041840291127334,
       "dS":4.191400704530833e-10,
       "nonsynonymous":0.001554690425231635,
       "synonymous":1e-10
      },
     "Myodm":{
       "Nucleotide GTR":0.01138459498950611,
       "Standard MG94":0.01116703837878971,
       "dN":0.00376349152665434,
       "dS":0.03479472301872159,
       "nonsynonymous":0.002865583692982873,
       "synonymous":0.008301454685806845
      },
     "Myotis":{
       "Nucleotide GTR":0.01053726996914488,
       "Standard MG94":0.01130555592851027,
       "dN":1.313342037739197e-10,
       "dS":0.04738611508387068,
       "nonsynonymous":1e-10,
       "synonymous":0.01130555592851027
      },
     "Phyllostomidae":{
       "Nucleotide GTR":0.1061898824752009,
       "Standard MG94":0.1412372447296605,
       "dN":0.02013660055657259,
       "dS":0.5277179258627911,
       "nonsynonymous":0.01533233535358084,
       "synonymous":0.1259049093760797
      },
     "Phyllostomus":{
       "Nucleotide GTR":0.01920519841662482,
       "Standard MG94":0.02156060564632819,
       "dN":0.006118379725190654,
       "dS":0.07084293633057077,
       "nonsynonymous":0.004658633889251659,
       "synonymous":0.01690197175707652
      },
     "Pipistrellus":{
       "Nucleotide GTR":0.01563522510409267,
       "Standard MG94":0.01542021305911751,
       "dN":0.005885889286158899,
       "dS":0.04584806066536263,
       "nonsynonymous":0.004481611885576236,
       "synonymous":0.01093860117354126
      },
     "Pteropodidae":{
       "Nucleotide GTR":0.02153764145637699,
       "Standard MG94":0.02172620357577027,
       "dN":0.001978457676127696,
       "dS":0.08474917375278535,
       "nonsynonymous":0.00150642987072388,
       "synonymous":0.02021977370504637
      },
     "Pteropus":{
       "Nucleotide GTR":0.004936704680348475,
       "Standard MG94":0.004474438493544367,
       "dN":0.001980199443998924,
       "dS":0.012434554753532,
       "nonsynonymous":0.001507756081125419,
       "synonymous":0.002966682412418947
      },
     "Pteropusgv":{
       "Nucleotide GTR":0.001514976804119157,
       "Standard MG94":0.00148566901029262,
       "dN":1.313342037739197e-10,
       "dS":0.006227034136440108,
       "nonsynonymous":1e-10,
       "synonymous":0.001485669010292619
      },
     "Vespertilionidae":{
       "Nucleotide GTR":0.01802897956128124,
       "Standard MG94":0.01907350493924664,
       "dN":0.004025047052174375,
       "dS":0.06709916404215147,
       "nonsynonymous":0.003064736326496592,
       "synonymous":0.01600876861275001
      },
     "Yangochiroptera":{
       "Nucleotide GTR":0.01349429556893742,
       "Standard MG94":0.01358141045609509,
       "dN":1.313342037739197e-10,
       "dS":0.05692513335419937,
       "nonsynonymous":1e-10,
       "synonymous":0.01358141045609509
      },
     "YangochiropteraAfterSaccopteryx":{
       "Nucleotide GTR":0.002940448241061585,
       "Standard MG94":0.00111766204347893,
       "dN":1.313342037739197e-10,
       "dS":0.004684569476464957,
       "nonsynonymous":1e-10,
       "synonymous":0.00111766204347893
      },
     "ajXP_053521618_1":{
       "Confidence Intervals":{
         "LB":0.0160854002704257,
         "MLE":0.03221170866196284,
         "UB":0.05657097819780533
        },
       "Lineage dN/dS":0.03221170866196284,
       "Nucleotide GTR":0.01279283283798368,
       "Standard MG94":0.01420037164842267,
       "dN":1.313342037739197e-10,
       "dS":0.05951944773179844,
       "nonsynonymous":1e-10,
       "original name":"ajXP_053521618.1",
       "synonymous":0.01420037164842267
      },
     "drXP_045057025_1":{
       "Confidence Intervals":{
         "LB":0.02295615892153904,
         "MLE":0.04296905385989398,
         "UB":0.07226420801157961
        },
       "Lineage dN/dS":0.04296905385989398,
       "Nucleotide GTR":0.01526009472611101,
       "Standard MG94":0.01357394745314564,
       "dN":0.003964605554656217,
       "dS":0.04424120795806238,
       "nonsynonymous":0.00301871518670105,
       "original name":"drXP_045057025.1",
       "synonymous":0.01055523226644458
      },
     "mbXP_005861452_1":{
       "Confidence Intervals":{
         "LB":0.01583051398971857,
         "MLE":0.05118329162087124,
         "UB":0.1188714215920882
        },
       "Lineage dN/dS":0.05118329162087124,
       "Nucleotide GTR":0.00376240276260003,
       "Standard MG94":0.002900461450845235,
       "dN":0.001987279008187458,
       "dS":0.005814792541708442,
       "nonsynonymous":0.001513146576506745,
       "original name":"mbXP_005861452.1",
       "synonymous":0.001387314874338488
      },
     "mdXP_059537179_1":{
       "Confidence Intervals":{
         "LB":0.2535322299991757,
         "MLE":0.3360635533407917,
         "UB":0.4356647054465753
        },
       "Lineage dN/dS":0.3360635533407917,
       "Nucleotide GTR":0.1442343333359324,
       "Standard MG94":0.1404996746905788,
       "dN":0.1247274627175334,
       "dS":0.1908351230933649,
       "nonsynonymous":0.09496951984590453,
       "original name":"mdXP_059537179.1",
       "synonymous":0.04553015484467409
      },
     "mlXP_023604729_1":{
       "Confidence Intervals":{
         "LB":0.01876664540978736,
         "MLE":0.05240923093994779,
         "UB":0.1127996449679678
        },
       "Lineage dN/dS":0.05240923093994779,
       "Nucleotide GTR":0.01301114479831724,
       "Standard MG94":0.0136649607598953,
       "dN":0.003966874354539711,
       "dS":0.04461544054654798,
       "nonsynonymous":0.0030204426878533,
       "original name":"mlXP_023604729.1",
       "synonymous":0.01064451807204199
      },
     "mmXP_036157125_1":{
       "Confidence Intervals":{
         "LB":0.03199027364663987,
         "MLE":0.0745859682744615,
         "UB":0.1442771114470889
        },
       "Lineage dN/dS":0.0745859682744615,
       "Nucleotide GTR":0.007693454812204243,
       "Standard MG94":0.007065076373130432,
       "dN":0.00611370450667598,
       "dS":0.01010128521800398,
       "nonsynonymous":0.004655074101793152,
       "original name":"mmXP_036157125.1",
       "synonymous":0.002410002271337279
      },
     "moXP_036105905_1":{
       "Confidence Intervals":{
         "LB":0.02176132325518488,
         "MLE":0.06072977382068469,
         "UB":0.1307774885237413
        },
       "Lineage dN/dS":0.06072977382068469,
       "Nucleotide GTR":0.03527181164554696,
       "Standard MG94":0.03805958911335537,
       "dN":0.00996096843062484,
       "dS":0.127733546956566,
       "nonsynonymous":0.007584443461333023,
       "original name":"moXP_036105905.1",
       "synonymous":0.03047514565202229
      },
     "paXP_006916498_1":{
       "Confidence Intervals":{
         "LB":0.007752698271266545,
         "MLE":0.04674833608243513,
         "UB":0.1442596814750512
        },
       "Lineage dN/dS":0.04674833608243513,
       "Nucleotide GTR":0,
       "Standard MG94":0,
       "dN":1.313342037739197e-10,
       "dS":4.191400704530833e-10,
       "nonsynonymous":1e-10,
       "original name":"paXP_006916498.1",
       "synonymous":1e-10
      },