{
 "analysis":{
   "authors":"Sergei L Kosakovsky Pond",
   "contact":"spond@temple.edu",
   "info":"Fit an MG94xREV model with several selectable options frequency estimator and \nreport the fit results including dN/dS ratios, and synonymous and non-synonymous branch lengths. v0.2 adds LRT test for dN/dS != 1. \nv0.3 adds LRT test support for dN/dS != 1 for local models. v0.4 adds the lineage option",
   "requirements":"in-frame codon alignment and a phylogenetic tree",
   "version":"0.4"
  },
 "branch attributes":{
   "0":{
     "AjPh":{
       "Nucleotide GTR":0.001878697054633453,
       "Standard MG94":0.001624758424047419,
       "dN":1.324524824380863e-10,
       "dS":0.006631335123217267,
       "nonsynonymous":1e-10,
       "synonymous":0.001624758424047419
      },
     "MolossusPhyllostomus":{
       "Nucleotide GTR":0.0033765928512521,
       "Standard MG94":0.003110383325674562,
       "dN":1.324524824380863e-10,
       "dS":0.01269480674107468,
       "nonsynonymous":1e-10,
       "synonymous":0.003110383325674561
      },
     "Myodm":{
       "Nucleotide GTR":0.003899090010185636,
       "Standard MG94":0.004103219445307942,
       "dN":1.324524824380863e-10,
       "dS":0.0167469962446211,
       "nonsynonymous":1e-10,
       "synonymous":0.004103219445307942
      },
     "Myotis":{
       "Nucleotide GTR":0.007622676231571174,
       "Standard MG94":0.007476283756356485,
       "dN":1.324524824380863e-10,
       "dS":0.03051391661116172,
       "nonsynonymous":1e-10,
       "synonymous":0.007476283756356485
      },
     "Phyllostomidae":{
       "Nucleotide GTR":0.01721930223654212,
       "Standard MG94":0.01874128036764089,
       "dN":0.002384652378094271,
       "dS":0.0691430578610952,
       "nonsynonymous":0.001800383302901819,
       "synonymous":0.01694089706473908
      },
     "Phyllostomus":{
       "Nucleotide GTR":0.01012343673419021,
       "Standard MG94":0.01106704426815271,
       "dN":0.001191671708053952,
       "dS":0.04149729742040149,
       "nonsynonymous":0.0008996975263268376,
       "synonymous":0.01016734674182587
      },
     "Pipistrellus":{
       "Nucleotide GTR":0.02526315312487318,
       "Standard MG94":0.02777570342623253,
       "dN":0.004794159467790007,
       "dS":0.098591684922524,
       "nonsynonymous":0.003619531608273927,
       "synonymous":0.02415617181795857
      },
     "Pteropodidae":{
       "Nucleotide GTR":0.01715624348841719,
       "Standard MG94":0.01769921659347707,
       "dN":0.001191762256124245,
       "dS":0.06856575467371837,
       "nonsynonymous":0.0008997658890095342,
       "synonymous":0.01679945070446753
      },
     "Pteropus":{
       "Nucleotide GTR":0.005125834811222136,
       "Standard MG94":0.005135929233811699,
       "dN":1.324524824380863e-10,
       "dS":0.02096192727143532,
       "nonsynonymous":1e-10,
       "synonymous":0.005135929233811698
      },
     "Vespertilionidae":{
       "Nucleotide GTR":0.009118198007991222,
       "Standard MG94":0.009227374603742058,
       "dN":0.001191772132449163,
       "dS":0.03398850801356181,
       "nonsynonymous":0.000899773345513736,
       "synonymous":0.008327601258228318
      },
     "Yangochiroptera":{
       "Nucleotide GTR":0.006467806566383212,
       "Standard MG94":0.006408052580477588,
       "dN":1.324524824380863e-10,
       "dS":0.02615400758624033,
       "nonsynonymous":1e-10,
       "synonymous":0.006408052580477588
      },
     "YangochiropteraAfterSaccopteryx":{
       "Nucleotide GTR":0.003273209764943413,
       "Standard MG94":0.003428909030854214,
       "dN":1.324524824380863e-10,
       "dS":0.0139948465901641,
       "nonsynonymous":1e-10,
       "synonymous":0.003428909030854213
      },
     "ajXP_036996508_2":{
       "Confidence Intervals":{
         "LB":0.005731932701984729,
         "MLE":0.02304800173924154,
         "UB":0.0598028011877095
        },
       "Lineage dN/dS":0.02304800173924154,
       "Nucleotide GTR":0.01071916985868434,
       "Standard MG94":0.01135189457442149,
       "dN":0.001190687085654604,
       "dS":0.04266292758446222,
       "nonsynonymous":0.0008989541484895753,
       "original name":"ajXP_036996508.2",
       "synonymous":0.01045294042593192
      },
     "drXP_024428789_2":{
       "Confidence Intervals":{
         "LB":0.002808838696125689,
         "MLE":0.0169049798820045,
         "UB":0.05218933695925984
        },
       "Lineage dN/dS":0.0169049798820045,
       "Nucleotide GTR":0.008206194340294366,
       "Standard MG94":0.008639233250588657,
       "dN":1.324524824380863e-10,
       "dS":0.03526041166758894,
       "nonsynonymous":1e-10,
       "original name":"drXP_024428789.2",
       "synonymous":0.008639233250588655
      },
     "mbXP_005861965_1":{
       "Confidence Intervals":{
         "LB":0.0005520896477512794,
         "MLE":0.009714992635161056,
         "UB":0.04317460620742809
        },
       "Lineage dN/dS":0.009714992635161056,
       "Nucleotide GTR":0.002417958308568199,
       "Standard MG94":0.002303300592902289,
       "dN":1.324524824380863e-10,
       "dS":0.009400756380133914,
       "nonsynonymous":1e-10,
       "original name":"mbXP_005861965.1",
       "synonymous":0.002303300592902288
      },
     "mdXP_059526825_1":{
       "Confidence Intervals":{
         "LB":0.002749395591913368,
         "MLE":0.01660442456821615,
         "UB":0.05170810910554065
        },
       "Lineage dN/dS":0.01660442456821615,
       "Nucleotide GTR":0.004502656065425492,
       "Standard MG94":0.004535824468655547,
       "dN":0.001192966641513275,
       "dS":0.01483660140773826,
       "nonsynonymous":0.0009006751852090922,
       "original name":"mdXP_059526825.1",
       "synonymous":0.003635149283446451
      },
     "mlXP_023620139_1":{
       "Confidence Intervals":{
         "LB":0.3588039484650929,
         "MLE":0.4228348404611368,
         "UB":0.4952250685445226
        },
       "Lineage dN/dS":0.4228348404611368,
       "Nucleotide GTR":0.292082797904744,
       "Standard MG94":0.2939384091384307,
       "dN":0.2535543761691293,
       "dS":0.4183789139483385,
       "nonsynonymous":0.1914304447163917,
       "original name":"mlXP_023620139.1",
       "synonymous":0.102507964422039
      },
     "mmXP_036197616_1":{
       "Confidence Intervals":{
         "LB":0.0004948119590488378,
         "MLE":0.008688195468566617,
         "UB":0.03859509959480937
        },
       "Lineage dN/dS":0.008688195468566617,
       "Nucleotide GTR":0.001788177125312939,
       "Standard MG94":0.001786616498386518,
       "dN":1.324524824380863e-10,
       "dS":0.007291947259430977,
       "nonsynonymous":1e-10,
       "original name":"mmXP_036197616.1",
       "synonymous":0.001786616498386519
      },
     "moXP_036124875_1":{
       "Confidence Intervals":{
         "LB":0.008272654294918105,
         "MLE":0.03328249320584246,
         "UB":0.08632882622149723
        },
       "Lineage dN/dS":0.03328249320584246,
       "Nucleotide GTR":0.01683997693785701,
       "Standard MG94":0.017017867794338,
       "dN":0.003579515282059634,
       "dS":0.05842718844620608,
       "nonsynonymous":0.002702490143008716,
       "original name":"moXP_036124875.1",
       "synonymous":0.01431537765132928
      },
     "paXP_024897428_1":{
       "Confidence Intervals":{
         "LB":0.109345876883865,
         "MLE":0.1827932128925173,
         "UB":0.2833245437968609
        },
       "Lineage dN/dS":0.1827932128925173,
       "Nucleotide GTR":0.02371471450473423,
       "Standard MG94":0.02356690254996422,
       "dN":0.02079702260989884,
       "dS":0.03210208917351388,
       "nonsynonymous":0.01570149704035952,
       "original name":"paXP_024897428.1",
       "synonymous":0.007865405509604682
      },
     "pdXP_028376577_1":{
       "Confidence Intervals":{
         "LB":0.005074595320771282,
         "MLE":0.02042668767501367,
         "UB":0.05294395585862803
        },
       "Lineage dN/dS":0.02042668767501367,