{
 "analysis":{
   "authors":"Sergei L Kosakovsky Pond",
   "contact":"spond@temple.edu",
   "info":"Fit an MG94xREV model with several selectable options frequency estimator and \nreport the fit results including dN/dS ratios, and synonymous and non-synonymous branch lengths. v0.2 adds LRT test for dN/dS != 1. \nv0.3 adds LRT test support for dN/dS != 1 for local models. v0.4 adds the lineage option",
   "requirements":"in-frame codon alignment and a phylogenetic tree",
   "version":"0.4"
  },
 "branch attributes":{
   "0":{
     "AjPh":{
       "Nucleotide GTR":0.01812260032925321,
       "Standard MG94":0.01861541586917342,
       "dN":0.005509895223476672,
       "dS":0.06381649232143044,
       "nonsynonymous":0.004271441099913464,
       "synonymous":0.01434397476925996
      },
     "MolossusPhyllostomus":{
       "Nucleotide GTR":0.0145807884165713,
       "Standard MG94":0.0142250577848506,
       "dN":0.01834944603216367,
       "dS":4.449010357867695e-10,
       "nonsynonymous":0.01422505778485059,
       "synonymous":1e-10
      },
     "Myobl":{
       "Nucleotide GTR":0.002467189165939006,
       "Standard MG94":0.002136451261624135,
       "dN":0.001084532799516239,
       "dS":0.005764528933066544,
       "nonsynonymous":0.0008407633514190155,
       "synonymous":0.001295687910205124
      },
     "Myodm":{
       "Nucleotide GTR":0.00251091547792407,
       "Standard MG94":0.003838710778925395,
       "dN":0.004951699833936124,
       "dS":4.449010357867695e-10,
       "nonsynonymous":0.003838710778925392,
       "synonymous":1e-10
      },
     "Myotis":{
       "Nucleotide GTR":0.0241027669316526,
       "Standard MG94":0.02434401414770324,
       "dN":0.02414634013003874,
       "dS":0.02502579388210936,
       "nonsynonymous":0.01871898928394821,
       "synonymous":0.005625024863755011
      },
     "Phyllostomidae":{
       "Nucleotide GTR":0.06465765806046465,
       "Standard MG94":0.06481933910818551,
       "dN":0.0604959462257272,
       "dS":0.0797307659409159,
       "nonsynonymous":0.04689832757358239,
       "synonymous":0.01792101153460316
      },
     "Phyllostomus":{
       "Nucleotide GTR":0.02378609483959553,
       "Standard MG94":0.02353800699704316,
       "dN":0.02448976882574855,
       "dS":0.02025537059161515,
       "nonsynonymous":0.01898522582497974,
       "synonymous":0.004552781172063414
      },
     "Pipistrellus":{
       "Nucleotide GTR":0.04778356854692369,
       "Standard MG94":0.04804132285382279,
       "dN":0.02898435382290278,
       "dS":0.1137690064310299,
       "nonsynonymous":0.02246956705203217,
       "synonymous":0.02557175580179065
      },
     "Pteropodidae":{
       "Nucleotide GTR":0.03995229805963347,
       "Standard MG94":0.04038075107598441,
       "dN":0.03024518391867821,
       "dS":0.07533842718439712,
       "nonsynonymous":0.02344700151723871,
       "synonymous":0.0169337495587457
      },
     "Pteropus":{
       "Nucleotide GTR":0.02938197338909026,
       "Standard MG94":0.03051660148360521,
       "dN":0.03621598934146374,
       "dS":0.01085935372834585,
       "nonsynonymous":0.02807575445137883,
       "synonymous":0.002440847032226395
      },
     "Pteropusgv":{
       "Nucleotide GTR":0.001725853474991114,
       "Standard MG94":0.001208486844871591,
       "dN":1.289938242058002e-10,
       "dS":0.005376570490180562,
       "nonsynonymous":1e-10,
       "synonymous":0.001208486844871592
      },
     "Vespertilionidae":{
       "Nucleotide GTR":0.03852449101011931,
       "Standard MG94":0.03813462911732151,
       "dN":0.03898619724364477,
       "dS":0.03519756182920259,
       "nonsynonymous":0.03022330525021504,
       "synonymous":0.007911323867106471
      },
     "Yangochiroptera":{
       "Nucleotide GTR":0.01159687406822175,
       "Standard MG94":0.01127465398898953,
       "dN":0.006870916682543968,
       "dS":0.02646318957224868,
       "nonsynonymous":0.005326547007073705,
       "synonymous":0.005948106981915829
      },
     "YangochiropteraAfterSaccopteryx":{
       "Nucleotide GTR":0.008117652669920664,
       "Standard MG94":0.008762821175106014,
       "dN":0.002573779082941056,
       "dS":0.03010889145626211,
       "nonsynonymous":0.001995273106125437,
       "synonymous":0.006767548068980579
      },
     "ajXP_053513724_1":{
       "Confidence Intervals":{
         "LB":0.4315988205259982,
         "MLE":0.5688969258891546,
         "UB":0.7291651144340231
        },
       "Lineage dN/dS":0.5688969258891546,
       "Nucleotide GTR":0.03088894183117595,
       "Standard MG94":0.03095441000215449,
       "dN":0.02804263532201537,
       "dS":0.04099715103373116,
       "nonsynonymous":0.02173951775960638,
       "original name":"ajXP_053513724.1",
       "synonymous":0.009214892242548098
      },
     "drXP_024416671_2":{
       "Confidence Intervals":{
         "LB":0.5681059677510314,
         "MLE":0.7522920070249721,
         "UB":0.9730583447604275
        },
       "Lineage dN/dS":0.7522920070249721,
       "Nucleotide GTR":0.02975142461081317,
       "Standard MG94":0.02976670218822768,
       "dN":0.02823271128687702,
       "dS":0.03505745269586066,
       "nonsynonymous":0.02188687052322272,
       "original name":"drXP_024416671.2",
       "synonymous":0.007879831665004906
      },
     "mbXP_014385872_1":{
       "Confidence Intervals":{
         "LB":0.8006380415276504,
         "MLE":0.980773826001434,
         "UB":1.189876447731773
        },
       "Lineage dN/dS":0.980773826001434,
       "Nucleotide GTR":0.1003594775205584,
       "Standard MG94":0.1002594232096198,
       "dN":0.09450116072435692,
       "dS":0.1201197301646123,
       "nonsynonymous":0.07326022102700609,
       "original name":"mbXP_014385872.1",
       "synonymous":0.02699920218261367
      },
     "mdXP_059543308_1":{
       "Confidence Intervals":{
         "LB":0.9092001142490552,
         "MLE":1.18317938187979,
         "UB":1.510119263301157
        },
       "Lineage dN/dS":1.18317938187979,
       "Nucleotide GTR":0.01674604671690983,
       "Standard MG94":0.01609731011115694,
       "dN":0.01651881780404801,
       "dS":0.0146435257124547,
       "nonsynonymous":0.01280589819377201,
       "original name":"mdXP_059543308.1",
       "synonymous":0.003291411917384925
      },
     "mlXP_023606248_1":{
       "Confidence Intervals":{
         "LB":0.7590747548769663,
         "MLE":0.9951975621873432,
         "UB":1.276813847265303
        },
       "Lineage dN/dS":0.9951975621873432,
       "Nucleotide GTR":0.01738470904716188,
       "Standard MG94":0.0177966850507287,
       "dN":0.01657323394935172,
       "dS":0.02201638057172252,
       "nonsynonymous":0.01284808327173116,
       "original name":"mlXP_023606248.1",
       "synonymous":0.004948601778997532
      },
     "mmXP_036206078_1":{
       "Confidence Intervals":{
         "LB":0.9606063833561048,
         "MLE":1.173992556068752,
         "UB":1.418466734540469
        },
       "Lineage dN/dS":1.173992556068752,
       "Nucleotide GTR":0.09241807078088592,
       "Standard MG94":0.0925933722015914,
       "dN":0.09249882415565286,
       "dS":0.0929194693913498,
       "nonsynonymous":0.07170794782243044,
       "original name":"mmXP_036206078.1",
       "synonymous":0.02088542437916101
      },
     "moXP_036098392_1":{
       "Confidence Intervals":{
         "LB":0.4047879751641616,
         "MLE":0.5420465032174142,
         "UB":0.706737208582097
        },
       "Lineage dN/dS":0.5420465032174142,
       "Nucleotide GTR":0.09112819307233841,
       "Standard MG94":0.08995058470191314,
       "dN":0.0684064255956488,
       "dS":0.1642566126109688,
       "nonsynonymous":0.05303077571102268,
       "original name":"moXP_036098392.1",
       "synonymous":0.03691980899089053
      },
     "paXP_006926960_2":{
       "Confidence Intervals":{
         "LB":0.8053150743656896,
         "MLE":1.120383889860644,
         "UB":1.511663450053454
        },