{
 "analysis":{
   "authors":"Sergei L Kosakovsky Pond",
   "contact":"spond@temple.edu",
   "info":"Fit an MG94xREV model with several selectable options frequency estimator and \nreport the fit results including dN/dS ratios, and synonymous and non-synonymous branch lengths. v0.2 adds LRT test for dN/dS != 1. \nv0.3 adds LRT test support for dN/dS != 1 for local models. v0.4 adds the lineage option",
   "requirements":"in-frame codon alignment and a phylogenetic tree",
   "version":"0.4"
  },
 "branch attributes":{
   "0":{
     "AjPh":{
       "Nucleotide GTR":0.01118990808054753,
       "Standard MG94":0.01135223984856441,
       "dN":0.01042073521923189,
       "dS":0.01452907989529722,
       "nonsynonymous":0.008057992104148431,
       "synonymous":0.003294247744415995
      },
     "MolossusPhyllostomus":{
       "Nucleotide GTR":0.01877960484102552,
       "Standard MG94":0.0183544302467813,
       "dN":0.01785158321544569,
       "dS":0.02006935955171926,
       "nonsynonymous":0.01380400840922749,
       "synonymous":0.004550421837553828
      },
     "Myobl":{
       "Nucleotide GTR":0.004899219682161744,
       "Standard MG94":0.005019591208905185,
       "dN":0.005916878578738774,
       "dS":0.001959447050569225,
       "nonsynonymous":0.004575316411522487,
       "synonymous":0.0004442747973827006
      },
     "Myodm":{
       "Nucleotide GTR":0.01845486739483364,
       "Standard MG94":0.01891582030119396,
       "dN":0.01331464108332811,
       "dS":0.03801830233715946,
       "nonsynonymous":0.01029574885666623,
       "synonymous":0.008620071444527687
      },
     "Myotis":{
       "Nucleotide GTR":0.07049616488159272,
       "Standard MG94":0.07080968577882056,
       "dN":0.06837308410590456,
       "dS":0.07911956801526437,
       "nonsynonymous":0.05287052787262606,
       "synonymous":0.01793915790619449
      },
     "Phyllostomidae":{
       "Nucleotide GTR":0.05976242181043806,
       "Standard MG94":0.06033213746845249,
       "dN":0.04540477875343243,
       "dS":0.1112409890882248,
       "nonsynonymous":0.03510993619821898,
       "synonymous":0.02522220127023346
      },
     "Phyllostomus":{
       "Nucleotide GTR":0.02687497437022748,
       "Standard MG94":0.02806236632822166,
       "dN":0.02713496855958826,
       "dS":0.03122520017560291,
       "nonsynonymous":0.02098252741283979,
       "synonymous":0.007079838915381885
      },
     "Pipistrellus":{
       "Nucleotide GTR":0.04612947586048111,
       "Standard MG94":0.04664078919531271,
       "dN":0.04009401595778848,
       "dS":0.06896816228925838,
       "nonsynonymous":0.03100330804060818,
       "synonymous":0.01563748115470446
      },
     "Pteropodidae":{
       "Nucleotide GTR":0.07492908599228125,
       "Standard MG94":0.07663548853003195,
       "dN":0.07013040352174692,
       "dS":0.09882068644636281,
       "nonsynonymous":0.05422940185602704,
       "synonymous":0.02240608667400486
      },
     "Pteropus":{
       "Nucleotide GTR":0.01982731331948704,
       "Standard MG94":0.01928727023299468,
       "dN":0.01695493056462461,
       "dS":0.02724157322596074,
       "nonsynonymous":0.01311065810059038,
       "synonymous":0.006176612132404309
      },
     "Pteropusgv":{
       "Nucleotide GTR":0.00310822003979102,
       "Standard MG94":0.002860174478089436,
       "dN":0.001752403403312013,
       "dS":0.006638160547237378,
       "nonsynonymous":0.001355072601893812,
       "synonymous":0.001505101876195625
      },
     "Vespertilionidae":{
       "Nucleotide GTR":0.05474839591762416,
       "Standard MG94":0.05652015300292943,
       "dN":0.04625909072951793,
       "dS":0.09151488359868681,
       "nonsynonymous":0.03577054593572306,
       "synonymous":0.02074960706720645
      },
     "Yangochiroptera":{
       "Nucleotide GTR":0.01544001268026766,
       "Standard MG94":0.01721298826147515,
       "dN":0.01419424282608404,
       "dS":0.02750823649541465,
       "nonsynonymous":0.01097591429113976,
       "synonymous":0.006237073970335384
      },
     "YangochiropteraAfterSaccopteryx":{
       "Nucleotide GTR":0.01737490040190957,
       "Standard MG94":0.01738031418898507,
       "dN":0.02247652390937813,
       "dS":4.410439354455091e-10,
       "nonsynonymous":0.01738031418898507,
       "synonymous":1e-10
      },
     "ajXP_037023594_2":{
       "Confidence Intervals":{
         "LB":0.4083817455986484,
         "MLE":0.5094366914813453,
         "UB":0.6242707575953392
        },
       "Lineage dN/dS":0.5094366914813453,
       "Nucleotide GTR":0.02930450675852115,
       "Standard MG94":0.02934388417988104,
       "dN":0.01548510473304047,
       "dS":0.07660841101009951,
       "nonsynonymous":0.01197409290665664,
       "original name":"ajXP_037023594.2",
       "synonymous":0.0173697912732244
      },
     "drXP_024410706_2":{
       "Confidence Intervals":{
         "LB":0.6114840256553339,
         "MLE":0.7559609241212529,
         "UB":0.9201320578097205
        },
       "Lineage dN/dS":0.7559609241212529,
       "Nucleotide GTR":0.02781971808731946,
       "Standard MG94":0.02755899007896182,
       "dN":0.02789095845449197,
       "dS":0.02642683206661929,
       "nonsynonymous":0.02156710810468075,
       "original name":"drXP_024410706.2",
       "synonymous":0.005991881974281067
      },
     "mbXP_005869650_1":{
       "Confidence Intervals":{
         "LB":0.7765778180691145,
         "MLE":0.9179559744884234,
         "UB":1.076852965998547
        },
       "Lineage dN/dS":0.9179559744884234,
       "Nucleotide GTR":0.006883918909825733,
       "Standard MG94":0.006661408815864827,
       "dN":0.007205451317381335,
       "dS":0.004805984858196684,
       "nonsynonymous":0.005571724892801223,
       "original name":"mbXP_005869650.1",
       "synonymous":0.001089683923063593
      },
     "mdXP_059512037_1":{
       "Confidence Intervals":{
         "LB":0.7031022766579458,
         "MLE":0.8269043094389015,
         "UB":0.9630194981360475
        },
       "Lineage dN/dS":0.8269043094389015,
       "Nucleotide GTR":0.009484854289855561,
       "Standard MG94":0.00951803569286601,
       "dN":0.01034760184741905,
       "dS":0.00668885063225434,
       "nonsynonymous":0.008001440611358364,
       "original name":"mdXP_059512037.1",
       "synonymous":0.001516595081507644
      },
     "mlXP_006090572_2":{
       "Confidence Intervals":{
         "LB":0.7881790040821047,
         "MLE":0.9195402725583178,
         "UB":1.064206361509974
        },
       "Lineage dN/dS":0.9195402725583178,
       "Nucleotide GTR":0.03600050069218147,
       "Standard MG94":0.03637082468574471,
       "dN":0.03502319915854232,
       "dS":0.04096681981878409,
       "nonsynonymous":0.02708222177651244,
       "original name":"mlXP_006090572.2",
       "synonymous":0.00928860290923228
      },
     "mmXP_036182960_1":{
       "Confidence Intervals":{
         "LB":0.6721934222721666,
         "MLE":0.7954278528796963,
         "UB":0.9296565410400672
        },
       "Lineage dN/dS":0.7954278528796963,
       "Nucleotide GTR":0.00273178512329171,
       "Standard MG94":0.002685477544549263,
       "dN":0.002515853369964852,
       "dS":0.003263970505018891,
       "nonsynonymous":0.001945421907751563,
       "original name":"mmXP_036182960.1",
       "synonymous":0.0007400556367976981
      },
     "moXP_036102222_1":{
       "Confidence Intervals":{
         "LB":0.7340573748279527,
         "MLE":0.871306479497734,
         "UB":1.025635166988756
        },
       "Lineage dN/dS":0.871306479497734,
       "Nucleotide GTR":0.1304038757122016,
       "Standard MG94":0.1311323956239529,
       "dN":0.1184341649148127,
       "dS":0.1744389413663551,
       "nonsynonymous":0.09158102050071269,
       "original name":"moXP_036102222.1",
       "synonymous":0.03955137512324031
      },
     "paXP_006910730_1":{
       "Confidence Intervals":{
         "LB":0.6798140518014135,
         "MLE":0.8569716529939038,