{
 "analysis":{
   "authors":"Sergei L Kosakovsky Pond",
   "contact":"spond@temple.edu",
   "info":"Fit an MG94xREV model with several selectable options frequency estimator and \nreport the fit results including dN/dS ratios, and synonymous and non-synonymous branch lengths. v0.2 adds LRT test for dN/dS != 1. \nv0.3 adds LRT test support for dN/dS != 1 for local models. v0.4 adds the lineage option",
   "requirements":"in-frame codon alignment and a phylogenetic tree",
   "version":"0.4"
  },
 "branch attributes":{
   "0":{
     "AjPh":{
       "Nucleotide GTR":0.01118990808054753,
       "Standard MG94":0.01135223985463959,
       "dN":0.01042073523613327,
       "dS":0.01452907986445027,
       "nonsynonymous":0.008057992117217685,
       "synonymous":0.003294247737421917
      },
     "MolossusPhyllostomus":{
       "Nucleotide GTR":0.01877960484102552,
       "Standard MG94":0.01835443042505125,
       "dN":0.0178515832410905,
       "dS":0.02006936025050791,
       "nonsynonymous":0.01380400842905773,
       "synonymous":0.00455042199599352
      },
     "Myobl":{
       "Nucleotide GTR":0.004899219682161744,
       "Standard MG94":0.005019591720907765,
       "dN":0.005916879229644145,
       "dS":0.001959447088852268,
       "nonsynonymous":0.004575316914844971,
       "synonymous":0.000444274806062798
      },
     "Myodm":{
       "Nucleotide GTR":0.01845486739483364,
       "Standard MG94":0.01891582045910755,
       "dN":0.01331464108401835,
       "dS":0.03801830303127393,
       "nonsynonymous":0.01029574885719997,
       "synonymous":0.008620071601907581
      },
     "Myotis":{
       "Nucleotide GTR":0.07049616488159272,
       "Standard MG94":0.07080968577104012,
       "dN":0.06837308419877704,
       "dS":0.07911956766421324,
       "nonsynonymous":0.05287052794444112,
       "synonymous":0.01793915782659899
      },
     "Phyllostomidae":{
       "Nucleotide GTR":0.05976242181043806,
       "Standard MG94":0.06033213766864538,
       "dN":0.04540477881838491,
       "dS":0.1112409897496473,
       "nonsynonymous":0.03510993624844447,
       "synonymous":0.02522220142020094
      },
     "Phyllostomus":{
       "Nucleotide GTR":0.02687497437022748,
       "Standard MG94":0.02806236632042644,
       "dN":0.02713496859033559,
       "dS":0.03122520003636065,
       "nonsynonymous":0.02098252743661563,
       "synonymous":0.007079838883810821
      },
     "Pipistrellus":{
       "Nucleotide GTR":0.04612947586048111,
       "Standard MG94":0.04664078917103475,
       "dN":0.04009401601137708,
       "dS":0.06896816199942152,
       "nonsynonymous":0.03100330808204637,
       "synonymous":0.01563748108898836
      },
     "Pteropodidae":{
       "Nucleotide GTR":0.07492908599228125,
       "Standard MG94":0.07663548849947981,
       "dN":0.07013040361082587,
       "dS":0.09882068600781597,
       "nonsynonymous":0.05422940192490869,
       "synonymous":0.02240608657457104
      },
     "Pteropus":{
       "Nucleotide GTR":0.01982731331948704,
       "Standard MG94":0.0192872704035175,
       "dN":0.01695493058141063,
       "dS":0.02724157392079354,
       "nonsynonymous":0.01311065811357043,
       "synonymous":0.006176612289947071
      },
     "Pteropusgv":{
       "Nucleotide GTR":0.00310822003979102,
       "Standard MG94":0.002860174452674375,
       "dN":0.001752403375684449,
       "dS":0.006638160529367928,
       "nonsynonymous":0.001355072580530378,
       "synonymous":0.001505101872143999
      },
     "Vespertilionidae":{
       "Nucleotide GTR":0.05474839591762416,
       "Standard MG94":0.05652015295394044,
       "dN":0.04625909077990451,
       "dS":0.09151488321078298,
       "nonsynonymous":0.03577054597468526,
       "synonymous":0.02074960697925516
      },
     "Yangochiroptera":{
       "Nucleotide GTR":0.01544001268026766,
       "Standard MG94":0.01721298874394173,
       "dN":0.01419424348515655,
       "dS":0.02750823637557754,
       "nonsynonymous":0.01097591480077761,
       "synonymous":0.006237073943164146
      },
     "YangochiropteraAfterSaccopteryx":{
       "Nucleotide GTR":0.01737490040190957,
       "Standard MG94":0.01738031421216052,
       "dN":0.02247652393934902,
       "dS":4.410439354455091e-10,
       "nonsynonymous":0.01738031421216052,
       "synonymous":1e-10
      },
     "ajXP_037023594_2":{
       "Confidence Intervals":{
         "LB":0.4089493838253289,
         "MLE":0.5104800526787714,
         "UB":0.6251218938980919
        },
       "Lineage dN/dS":0.5104800526787714,
       "Nucleotide GTR":0.02930450675852115,
       "Standard MG94":0.02934388410019098,
       "dN":0.0154851047180144,
       "dS":0.07660841070987692,
       "nonsynonymous":0.01197409289503751,
       "original name":"ajXP_037023594.2",
       "synonymous":0.0173697912051535
      },
     "drXP_024410706_2":{
       "Confidence Intervals":{
         "LB":0.6129817967766968,
         "MLE":0.7588606565538317,
         "UB":0.9223932254735304
        },
       "Lineage dN/dS":0.7588606565538317,
       "Nucleotide GTR":0.02781971808731946,
       "Standard MG94":0.02755899061476845,
       "dN":0.02789095891409899,
       "dS":0.0264268328623,
       "nonsynonymous":0.02156710846007888,
       "original name":"drXP_024410706.2",
       "synonymous":0.005991882154689559
      },
     "mbXP_005869650_1":{
       "Confidence Intervals":{
         "LB":0.7761512739168382,
         "MLE":0.9170676613298636,
         "UB":1.076259403039834
        },
       "Lineage dN/dS":0.9170676613298636,
       "Nucleotide GTR":0.006883918909825733,
       "Standard MG94":0.006661408804647503,
       "dN":0.007205451312645477,
       "dS":0.004805984824874761,
       "nonsynonymous":0.005571724889139148,
       "original name":"mbXP_005869650.1",
       "synonymous":0.001089683915508354
      },
     "mdXP_059512037_1":{
       "Confidence Intervals":{
         "LB":0.7025369981945193,
         "MLE":0.8262809616008245,
         "UB":0.9622492126470678
        },
       "Lineage dN/dS":0.8262809616008245,
       "Nucleotide GTR":0.009484854289855561,
       "Standard MG94":0.009518035859606299,
       "dN":0.0103476018553293,
       "dS":0.006688851340674836,
       "nonsynonymous":0.008001440617475089,
       "original name":"mdXP_059512037.1",
       "synonymous":0.00151659524213121
      },
     "mlXP_006090572_2":{
       "Confidence Intervals":{
         "LB":0.7897073553464763,
         "MLE":0.9222786115871849,
         "UB":1.066268524197596
        },
       "Lineage dN/dS":0.9222786115871849,
       "Nucleotide GTR":0.03600050069218147,
       "Standard MG94":0.03637082469246209,
       "dN":0.03502319919890672,
       "dS":0.04096681971075044,
       "nonsynonymous":0.02708222180772483,
       "original name":"mlXP_006090572.2",
       "synonymous":0.009288602884737292
      },
     "mmXP_036182960_1":{
       "Confidence Intervals":{
         "LB":0.6711866500426131,
         "MLE":0.7933973229030058,
         "UB":0.9282510908121248
        },
       "Lineage dN/dS":0.7933973229030058,
       "Nucleotide GTR":0.00273178512329171,
       "Standard MG94":0.00268547753476263,
       "dN":0.002515853356610929,
       "dS":0.0032639705073983,
       "nonsynonymous":0.001945421897425439,
       "original name":"mmXP_036182960.1",
       "synonymous":0.0007400556373371928
      },
     "moXP_036102222_1":{
       "Confidence Intervals":{
         "LB":0.7332961695034457,
         "MLE":0.8704054515252539,
         "UB":1.024580540400176
        },
       "Lineage dN/dS":0.8704054515252539,
       "Nucleotide GTR":0.1304038757122016,
       "Standard MG94":0.1311323955674646,
       "dN":0.1184341650666315,
       "dS":0.1744389405994478,
       "nonsynonymous":0.09158102061810884,
       "original name":"moXP_036102222.1",
       "synonymous":0.03955137494935573
      },
     "paXP_006910730_1":{
       "Confidence Intervals":{
         "LB":0.6804792221116195,
         "MLE":0.8577079211275085,