{
 "analysis":{
   "authors":"Sergei L Kosakovsky Pond",
   "contact":"spond@temple.edu",
   "info":"Fit an MG94xREV model with several selectable options frequency estimator and \nreport the fit results including dN/dS ratios, and synonymous and non-synonymous branch lengths. v0.2 adds LRT test for dN/dS != 1. \nv0.3 adds LRT test support for dN/dS != 1 for local models. v0.4 adds the lineage option",
   "requirements":"in-frame codon alignment and a phylogenetic tree",
   "version":"0.4"
  },
 "branch attributes":{
   "0":{
     "AjPh":{
       "Nucleotide GTR":0.01118990808054753,
       "Standard MG94":0.01135223908983373,
       "dN":0.01042073445213457,
       "dS":0.0145290791651004,
       "nonsynonymous":0.008057991510978753,
       "synonymous":0.00329424757885498
      },
     "MolossusPhyllostomus":{
       "Nucleotide GTR":0.01877960484102552,
       "Standard MG94":0.01835442968845012,
       "dN":0.01785158249868142,
       "dS":0.02006935953371445,
       "nonsynonymous":0.01380400785497861,
       "synonymous":0.004550421833471513
      },
     "Myobl":{
       "Nucleotide GTR":0.004899219682161744,
       "Standard MG94":0.005019591518886603,
       "dN":0.00591687888476747,
       "dS":0.001959447374031162,
       "nonsynonymous":0.004575316648163834,
       "synonymous":0.0004442748707227722
      },
     "Myodm":{
       "Nucleotide GTR":0.01845486739483364,
       "Standard MG94":0.01891581997312976,
       "dN":0.01331464062031701,
       "dS":0.03801830246932366,
       "nonsynonymous":0.01029574849863585,
       "synonymous":0.008620071474493908
      },
     "Myotis":{
       "Nucleotide GTR":0.07049616488159272,
       "Standard MG94":0.07080968523468385,
       "dN":0.06837308343044506,
       "dS":0.07911956791899616,
       "nonsynonymous":0.05287052735031672,
       "synonymous":0.01793915788436714
      },
     "Phyllostomidae":{
       "Nucleotide GTR":0.05976242181043806,
       "Standard MG94":0.06033213652090449,
       "dN":0.04540477760647265,
       "dS":0.1112409888207587,
       "nonsynonymous":0.03510993531131487,
       "synonymous":0.02522220120958958
      },
     "Phyllostomus":{
       "Nucleotide GTR":0.02687497437022748,
       "Standard MG94":0.02806236641980464,
       "dN":0.02713496892011947,
       "dS":0.03122519934995418,
       "nonsynonymous":0.02098252769162604,
       "synonymous":0.0070798387281786
      },
     "Pipistrellus":{
       "Nucleotide GTR":0.04612947586048111,
       "Standard MG94":0.046640788820309,
       "dN":0.0400940158580422,
       "dS":0.06896816097550618,
       "nonsynonymous":0.03100330796347785,
       "synonymous":0.01563748085683114
      },
     "Pteropodidae":{
       "Nucleotide GTR":0.07492908599228125,
       "Standard MG94":0.07663548876371604,
       "dN":0.07013040382835617,
       "dS":0.09882068643134005,
       "nonsynonymous":0.05422940209311731,
       "synonymous":0.02240608667059868
      },
     "Pteropus":{
       "Nucleotide GTR":0.01982731331948704,
       "Standard MG94":0.0192872697723024,
       "dN":0.01695492999240429,
       "dS":0.02724157314562808,
       "nonsynonymous":0.01311065765811231,
       "synonymous":0.0061766121141901
      },
     "Pteropusgv":{
       "Nucleotide GTR":0.00310822003979102,
       "Standard MG94":0.002860174650059761,
       "dN":0.001752403608339878,
       "dS":0.006638160606466968,
       "nonsynonymous":0.001355072760434729,
       "synonymous":0.001505101889625033
      },
     "Vespertilionidae":{
       "Nucleotide GTR":0.05474839591762416,
       "Standard MG94":0.05652015312321301,
       "dN":0.04625909094960251,
       "dS":0.09151488337860486,
       "nonsynonymous":0.03577054610590681,
       "synonymous":0.02074960701730622
      },
     "Yangochiroptera":{
       "Nucleotide GTR":0.01544001268026766,
       "Standard MG94":0.01721298829815457,
       "dN":0.01419424284392087,
       "dS":0.0275082365963557,
       "nonsynonymous":0.01097591430493236,
       "synonymous":0.006237073993222232
      },
     "YangochiropteraAfterSaccopteryx":{
       "Nucleotide GTR":0.01737490040190957,
       "Standard MG94":0.01738031387377725,
       "dN":0.02247652350174592,
       "dS":4.410439354455091e-10,
       "nonsynonymous":0.01738031387377726,
       "synonymous":1e-10
      },
     "ajXP_037023594_2":{
       "Confidence Intervals":{
         "LB":0.408949393939583,
         "MLE":0.5104800996186841,
         "UB":0.6251219107123199
        },
       "Lineage dN/dS":0.5104800996186841,
       "Nucleotide GTR":0.02930450675852115,
       "Standard MG94":0.02934388445241056,
       "dN":0.01548510511116215,
       "dS":0.07660841092251315,
       "nonsynonymous":0.01197409319904499,
       "original name":"ajXP_037023594.2",
       "synonymous":0.01736979125336553
      },
     "drXP_024410706_2":{
       "Confidence Intervals":{
         "LB":0.612981808187308,
         "MLE":0.7588606677953602,
         "UB":0.9223932424041449
        },
       "Lineage dN/dS":0.7588606677953602,
       "Nucleotide GTR":0.02781971808731946,
       "Standard MG94":0.02755899034263646,
       "dN":0.0278909587761511,
       "dS":0.02642683213254131,
       "nonsynonymous":0.02156710835340857,
       "original name":"drXP_024410706.2",
       "synonymous":0.005991881989227884
      },
     "mbXP_005869650_1":{
       "Confidence Intervals":{
         "LB":0.7761512855134575,
         "MLE":0.9170676761060936,
         "UB":1.07625941900843
        },
       "Lineage dN/dS":0.9170676761060936,
       "Nucleotide GTR":0.006883918909825733,
       "Standard MG94":0.006661408727236528,
       "dN":0.007205451172319953,
       "dS":0.004805984962030043,
       "nonsynonymous":0.005571724780630301,
       "original name":"mbXP_005869650.1",
       "synonymous":0.001089683946606227
      },
     "mdXP_059512037_1":{
       "Confidence Intervals":{
         "LB":0.7025374091403469,
         "MLE":0.8262808420342763,
         "UB":0.9622497680105329
        },
       "Lineage dN/dS":0.8262808420342763,
       "Nucleotide GTR":0.009484854289855561,
       "Standard MG94":0.009518035415006258,
       "dN":0.01034760153005366,
       "dS":0.006688850489126152,
       "nonsynonymous":0.008001440365950746,
       "original name":"mdXP_059512037.1",
       "synonymous":0.001516595049055506
      },
     "mlXP_006090572_2":{
       "Confidence Intervals":{
         "LB":0.7897073605550678,
         "MLE":0.9222786264035161,
         "UB":1.066268531174777
        },
       "Lineage dN/dS":0.9222786264035161,
       "Nucleotide GTR":0.03600050069218147,
       "Standard MG94":0.03637082497500173,
       "dN":0.03502319949264004,
       "dS":0.04096681995511466,
       "nonsynonymous":0.02708222203485859,
       "original name":"mlXP_006090572.2",
       "synonymous":0.009288602940143159
      },
     "mmXP_036182960_1":{
       "Confidence Intervals":{
         "LB":0.6711861155039699,
         "MLE":0.7933965165299599,
         "UB":0.92825035369366
        },
       "Lineage dN/dS":0.7933965165299599,
       "Nucleotide GTR":0.00273178512329171,
       "Standard MG94":0.0026854776133817,
       "dN":0.002515853639537951,
       "dS":0.003263969889237475,
       "nonsynonymous":0.001945422116203065,
       "original name":"mmXP_036182960.1",
       "synonymous":0.0007400554971786338
      },
     "moXP_036102222_1":{
       "Confidence Intervals":{
         "LB":0.7332961591337606,
         "MLE":0.8704054651923103,
         "UB":1.024580525838292
        },
       "Lineage dN/dS":0.8704054651923103,
       "Nucleotide GTR":0.1304038757122016,
       "Standard MG94":0.1311323951908297,
       "dN":0.1184341643824664,
       "dS":0.1744389412716257,
       "nonsynonymous":0.09158102008906781,
       "original name":"moXP_036102222.1",
       "synonymous":0.03955137510176184
      },
     "paXP_006910730_1":{
       "Confidence Intervals":{
         "LB":0.6804793068877367,
         "MLE":0.8577081929421488,