{
 "analysis":{
   "authors":"Sergei L Kosakovsky Pond",
   "contact":"spond@temple.edu",
   "info":"Fit an MG94xREV model with several selectable options frequency estimator and \nreport the fit results including dN/dS ratios, and synonymous and non-synonymous branch lengths. v0.2 adds LRT test for dN/dS != 1. \nv0.3 adds LRT test support for dN/dS != 1 for local models. v0.4 adds the lineage option",
   "requirements":"in-frame codon alignment and a phylogenetic tree",
   "version":"0.4"
  },
 "branch attributes":{
   "0":{
     "AjPh":{
       "Nucleotide GTR":0.01118990808054753,
       "Standard MG94":0.01135223980365543,
       "dN":0.0104207351765758,
       "dS":0.01452907984270481,
       "nonsynonymous":0.008057992071163965,
       "synonymous":0.003294247732491466
      },
     "MolossusPhyllostomus":{
       "Nucleotide GTR":0.01877960484102552,
       "Standard MG94":0.01835443019088125,
       "dN":0.01785158316834461,
       "dS":0.02006935946581077,
       "nonsynonymous":0.01380400837280586,
       "synonymous":0.004550421818075388
      },
     "Myobl":{
       "Nucleotide GTR":0.004899219682161744,
       "Standard MG94":0.00501959125553302,
       "dN":0.005916878610517029,
       "dS":0.001959447147840623,
       "nonsynonymous":0.004575316436095506,
       "synonymous":0.0004442748194375098
      },
     "Myodm":{
       "Nucleotide GTR":0.01845486739483364,
       "Standard MG94":0.01891582050181749,
       "dN":0.01331464113235889,
       "dS":0.03801830305478113,
       "nonsynonymous":0.01029574889458003,
       "synonymous":0.008620071607237481
      },
     "Myotis":{
       "Nucleotide GTR":0.07049616488159272,
       "Standard MG94":0.07080968558999885,
       "dN":0.06837308395967283,
       "dS":0.07911956768119224,
       "nonsynonymous":0.05287052775955015,
       "synonymous":0.01793915783044872
      },
     "Phyllostomidae":{
       "Nucleotide GTR":0.05976242181043806,
       "Standard MG94":0.0603321375071364,
       "dN":0.04540477858079413,
       "dS":0.1112409898476109,
       "nonsynonymous":0.03510993606472378,
       "synonymous":0.0252222014424127
      },
     "Phyllostomus":{
       "Nucleotide GTR":0.02687497437022748,
       "Standard MG94":0.02806236628396002,
       "dN":0.02713496853924129,
       "dS":0.03122520004978169,
       "nonsynonymous":0.02098252739710619,
       "synonymous":0.007079838886853838
      },
     "Pipistrellus":{
       "Nucleotide GTR":0.04612947586048111,
       "Standard MG94":0.04664078903666014,
       "dN":0.0400940158500038,
       "dS":0.06896816195712448,
       "nonsynonymous":0.03100330795726203,
       "synonymous":0.01563748107939815
      },
     "Pteropodidae":{
       "Nucleotide GTR":0.07492908599228125,
       "Standard MG94":0.07663548833541585,
       "dN":0.0701304033876681,
       "dS":0.09882068604528835,
       "nonsynonymous":0.05422940175234855,
       "synonymous":0.02240608658306733
      },
     "Pteropus":{
       "Nucleotide GTR":0.01982731331948704,
       "Standard MG94":0.01928727018503369,
       "dN":0.01695493053845566,
       "dS":0.02724157310367916,
       "nonsynonymous":0.01311065808035484,
       "synonymous":0.006176612104678823
      },
     "Pteropusgv":{
       "Nucleotide GTR":0.00310822003979102,
       "Standard MG94":0.002860174505996238,
       "dN":0.001752403441912881,
       "dS":0.006638160538672697,
       "nonsynonymous":0.001355072631742521,
       "synonymous":0.001505101874253714
      },
     "Vespertilionidae":{
       "Nucleotide GTR":0.05474839591762416,
       "Standard MG94":0.0565201535531652,
       "dN":0.04625909152247132,
       "dS":0.09151488332114822,
       "nonsynonymous":0.03577054654888634,
       "synonymous":0.0207496070042788
      },
     "Yangochiroptera":{
       "Nucleotide GTR":0.01544001268026766,
       "Standard MG94":0.01721298877221909,
       "dN":0.01419424347529138,
       "dS":0.02750823653393756,
       "nonsynonymous":0.01097591479314922,
       "synonymous":0.00623707397906987
      },
     "YangochiropteraAfterSaccopteryx":{
       "Nucleotide GTR":0.01737490040190957,
       "Standard MG94":0.01738031417954572,
       "dN":0.022476523897171,
       "dS":4.410439354455091e-10,
       "nonsynonymous":0.01738031417954572,
       "synonymous":1e-10
      },
     "ajXP_037023594_2":{
       "Confidence Intervals":{
         "LB":0.4084511519414686,
         "MLE":0.5095378338114478,
         "UB":0.6243754923464211
        },
       "Lineage dN/dS":0.5095378338114478,
       "Nucleotide GTR":0.02930450675852115,
       "Standard MG94":0.02934388418827149,
       "dN":0.01548510480936591,
       "dS":0.07660841078680181,
       "nonsynonymous":0.01197409296567645,
       "original name":"ajXP_037023594.2",
       "synonymous":0.01736979122259505
      },
     "drXP_024410706_2":{
       "Confidence Intervals":{
         "LB":0.6118015617936802,
         "MLE":0.7562536113888729,
         "UB":0.9206054592197491
        },
       "Lineage dN/dS":0.7562536113888729,
       "Nucleotide GTR":0.02781971808731946,
       "Standard MG94":0.0275589903620614,
       "dN":0.02789095881717732,
       "dS":0.02642683207829642,
       "nonsynonymous":0.02156710838513272,
       "original name":"drXP_024410706.2",
       "synonymous":0.005991881976928679
      },
     "mbXP_005869650_1":{
       "Confidence Intervals":{
         "LB":0.7760790768582324,
         "MLE":0.9169990905108295,
         "UB":1.076166253313028
        },
       "Lineage dN/dS":0.9169990905108295,
       "Nucleotide GTR":0.006883918909825733,
       "Standard MG94":0.00666140888911378,
       "dN":0.007205451409489322,
       "dS":0.00480598486712808,
       "nonsynonymous":0.005571724964025125,
       "original name":"mbXP_005869650.1",
       "synonymous":0.001089683925088651
      },
     "mdXP_059512037_1":{
       "Confidence Intervals":{
         "LB":0.7049229741071901,
         "MLE":0.8297412691427428,
         "UB":0.9655151169160189
        },
       "Lineage dN/dS":0.8297412691427428,
       "Nucleotide GTR":0.009484854289855561,
       "Standard MG94":0.009518035708815513,
       "dN":0.01034760188241436,
       "dS":0.006688850583249278,
       "nonsynonymous":0.008001440638419018,
       "original name":"mdXP_059512037.1",
       "synonymous":0.001516595070396492
      },
     "mlXP_006090572_2":{
       "Confidence Intervals":{
         "LB":0.7895889674570183,
         "MLE":0.9222165708378189,
         "UB":1.066113089182499
        },
       "Lineage dN/dS":0.9222165708378189,
       "Nucleotide GTR":0.03600050069218147,
       "Standard MG94":0.03637082463794919,
       "dN":0.03502319911941855,
       "dS":0.04096681974141401,
       "nonsynonymous":0.02708222174625939,
       "original name":"mlXP_006090572.2",
       "synonymous":0.00928860289168979
      },
     "mmXP_036182960_1":{
       "Confidence Intervals":{
         "LB":0.671113981695285,
         "MLE":0.7934191200897758,
         "UB":0.9281555616124347
        },
       "Lineage dN/dS":0.7934191200897758,
       "Nucleotide GTR":0.00273178512329171,
       "Standard MG94":0.002685477665730276,
       "dN":0.002515853404925241,
       "dS":0.003263970920250114,
       "nonsynonymous":0.001945421934785216,
       "original name":"mmXP_036182960.1",
       "synonymous":0.0007400557309450584
      },
     "moXP_036102222_1":{
       "Confidence Intervals":{
         "LB":0.734096104886511,
         "MLE":0.8714368969108476,
         "UB":1.0256846994134
        },
       "Lineage dN/dS":0.8714368969108476,
       "Nucleotide GTR":0.1304038757122016,
       "Standard MG94":0.1311323953327377,
       "dN":0.1184341647488762,
       "dS":0.1744389406478846,
       "nonsynonymous":0.09158102037239969,
       "original name":"moXP_036102222.1",
       "synonymous":0.03955137496033805
      },
     "paXP_006910730_1":{
       "Confidence Intervals":{
         "LB":0.6799068874292744,
         "MLE":0.8569454867871544,