{
 "analysis":{
   "authors":"Sergei L Kosakovsky Pond",
   "contact":"spond@temple.edu",
   "info":"Fit an MG94xREV model with several selectable options frequency estimator and \nreport the fit results including dN/dS ratios, and synonymous and non-synonymous branch lengths. v0.2 adds LRT test for dN/dS != 1. \nv0.3 adds LRT test support for dN/dS != 1 for local models. v0.4 adds the lineage option",
   "requirements":"in-frame codon alignment and a phylogenetic tree",
   "version":"0.4"
  },
 "branch attributes":{
   "0":{
     "AjPh":{
       "Nucleotide GTR":0.01175173166857751,
       "Standard MG94":0.00924122454671338,
       "dN":0.002284271977929515,
       "dS":0.0313030673879542,
       "nonsynonymous":0.001736641672118546,
       "synonymous":0.007504582874594839
      },
     "MolossusPhyllostomus":{
       "Nucleotide GTR":0.01278081963669285,
       "Standard MG94":0.01662367631230548,
       "dN":0.00449227830761156,
       "dS":0.05509468694201934,
       "nonsynonymous":0.003415301587170782,
       "synonymous":0.01320837472513469
      },
     "Myobl":{
       "Nucleotide GTR":6.084116034151145e-05,
       "Standard MG94":2.599135784798959e-05,
       "dN":1.315338687653918e-10,
       "dS":0.0001084149831930501,
       "nonsynonymous":1e-10,
       "synonymous":2.599135784798961e-05
      },
     "Myodm":{
       "Nucleotide GTR":0.008131113533773115,
       "Standard MG94":0.008815137584938198,
       "dN":0.006570735860730637,
       "dS":0.01593256976842835,
       "nonsynonymous":0.004995470689340416,
       "synonymous":0.003819666895597771
      },
     "Myotis":{
       "Nucleotide GTR":0.01577680797950629,
       "Standard MG94":0.0198358903930922,
       "dN":0.006351701290509549,
       "dS":0.06259686337393193,
       "nonsynonymous":0.004828947365517435,
       "synonymous":0.01500694302757477
      },
     "Phyllostomidae":{
       "Nucleotide GTR":0.0371271814810276,
       "Standard MG94":0.04214427429779733,
       "dN":0.01568456548213207,
       "dS":0.1260531311923391,
       "nonsynonymous":0.01192435501924419,
       "synonymous":0.03021991927855312
      },
     "Phyllostomus":{
       "Nucleotide GTR":0.007044496090946342,
       "Standard MG94":0.006203449380939978,
       "dN":1.315338687653918e-10,
       "dS":0.02587578780250472,
       "nonsynonymous":1e-10,
       "synonymous":0.006203449380939978
      },
     "Pipistrellus":{
       "Nucleotide GTR":0.01808836461308657,
       "Standard MG94":0.01905301992709549,
       "dN":0.007154011125215871,
       "dS":0.05678707942485906,
       "nonsynonymous":0.005438911812117381,
       "synonymous":0.01361410811497812
      },
     "Pteropodidae":{
       "Nucleotide GTR":0.03795162153522511,
       "Standard MG94":0.03838177220872962,
       "dN":0.01600284257963723,
       "dS":0.109349688627704,
       "nonsynonymous":0.01216632851283378,
       "synonymous":0.02621544369589581
      },
     "Pteropus":{
       "Nucleotide GTR":0.008526902361645631,
       "Standard MG94":0.009856945984148531,
       "dN":0.004385876498926042,
       "dS":0.02720676603295565,
       "nonsynonymous":0.003334408498809411,
       "synonymous":0.006522537485339111
      },
     "Pteropusgv":{
       "Nucleotide GTR":0.001661888371419734,
       "Standard MG94":0.001660115050552142,
       "dN":1.315338687653918e-10,
       "dS":0.006924661126085079,
       "nonsynonymous":1e-10,
       "synonymous":0.001660115050552142
      },
     "Vespertilionidae":{
       "Nucleotide GTR":0.02535298998999479,
       "Standard MG94":0.02408194785528278,
       "dN":0.02301173478144034,
       "dS":0.02747580061025136,
       "nonsynonymous":0.01749491214501174,
       "synonymous":0.006587035710271028
      },
     "Yangochiroptera":{
       "Nucleotide GTR":0.009679100574714151,
       "Standard MG94":0.01308601788879076,
       "dN":0.002097416868937915,
       "dS":0.04793299813598693,
       "nonsynonymous":0.001594583120396875,
       "synonymous":0.01149143476839389
      },
     "YangochiropteraAfterSaccopteryx":{
       "Nucleotide GTR":0.0045856780969988,
       "Standard MG94":0.002676194971858397,
       "dN":1.315338687653918e-10,
       "dS":0.01116292710031674,
       "nonsynonymous":1e-10,
       "synonymous":0.002676194971858399
      },
     "ajXP_036990612_2":{
       "Confidence Intervals":{
         "LB":0.08320871535439493,
         "MLE":0.1403166462377038,
         "UB":0.2194253196490752
        },
       "Lineage dN/dS":0.1403166462377038,
       "Nucleotide GTR":0.03280486476009242,
       "Standard MG94":0.03535282817408279,
       "dN":0.01744752055217216,
       "dS":0.09213402351400105,
       "nonsynonymous":0.01326466005747321,
       "original name":"ajXP_036990612.2",
       "synonymous":0.02208816811660956
      },
     "drXP_045048322_2":{
       "Confidence Intervals":{
         "LB":0.06134682183691412,
         "MLE":0.1160375575430071,
         "UB":0.195988791202844
        },
       "Lineage dN/dS":0.1160375575430071,
       "Nucleotide GTR":0.0210948893891405,
       "Standard MG94":0.02517297549504087,
       "dN":0.009223145011345682,
       "dS":0.07575297442368484,
       "nonsynonymous":0.007011992498902613,
       "original name":"drXP_045048322.2",
       "synonymous":0.01816098299613825
      },
     "mbXP_005857356_1":{
       "Confidence Intervals":{
         "LB":0.1928747568425171,
         "MLE":0.2870943041349232,
         "UB":0.4081114843081373
        },
       "Lineage dN/dS":0.2870943041349232,
       "Nucleotide GTR":0.03538126355130363,
       "Standard MG94":0.03674018439696317,
       "dN":0.02813114097698354,
       "dS":0.06404112702480846,
       "nonsynonymous":0.02138699427077537,
       "original name":"mbXP_005857356.1",
       "synonymous":0.01535319012618782
      },
     "mdXP_059519541_1":{
       "Confidence Intervals":{
         "LB":0.1441673472865215,
         "MLE":0.2295807256783383,
         "UB":0.3436452120603264
        },
       "Lineage dN/dS":0.2295807256783383,
       "Nucleotide GTR":0.008183484999043348,
       "Standard MG94":0.008373551418819751,
       "dN":0.004423709584591184,
       "dS":0.02089926421230829,
       "nonsynonymous":0.003363171498043184,
       "original name":"mdXP_059519541.1",
       "synonymous":0.00501037992077657
      },
     "mlXP_006090905_2":{
       "Confidence Intervals":{
         "LB":0.1998351041419074,
         "MLE":0.2818593757518787,
         "UB":0.3833211449157088
        },
       "Lineage dN/dS":0.2818593757518787,
       "Nucleotide GTR":0.07635698538334884,
       "Standard MG94":0.07844487142687598,
       "dN":0.05334763603975233,
       "dS":0.1580330614261557,
       "nonsynonymous":0.04055809848861432,
       "original name":"mlXP_006090905.2",
       "synonymous":0.0378867729382616
      },
     "mmXP_036187833_1":{
       "Confidence Intervals":{
         "LB":0.1687236524650104,
         "MLE":0.2622295581623859,
         "UB":0.3866710094952518
        },
       "Lineage dN/dS":0.2622295581623859,
       "Nucleotide GTR":0.0103156975098592,
       "Standard MG94":0.01065125946818951,
       "dN":0.008983109343874028,
       "dS":0.01594128631749971,
       "nonsynonymous":0.00682950287115526,
       "original name":"mmXP_036187833.1",
       "synonymous":0.003821756597034239
      },
     "moXP_036123338_1":{
       "Confidence Intervals":{
         "LB":0.09743877604999691,
         "MLE":0.159594379187193,
         "UB":0.2440358690720377
        },
       "Lineage dN/dS":0.159594379187193,
       "Nucleotide GTR":0.07189661796668795,
       "Standard MG94":0.07461007090995396,
       "dN":0.03656626365255471,
       "dS":0.1952543456116739,
       "nonsynonymous":0.02779988454363455,
       "original name":"moXP_036123338.1",
       "synonymous":0.04681018636631936
      },
     "paXP_015449250_1":{
       "Confidence Intervals":{
         "LB":0.08634773975580035,
         "MLE":0.1739804790255468,