{
 "analysis":{
   "authors":"Sergei L Kosakovsky Pond",
   "contact":"spond@temple.edu",
   "info":"Fit an MG94xREV model with several selectable options frequency estimator and \nreport the fit results including dN/dS ratios, and synonymous and non-synonymous branch lengths. v0.2 adds LRT test for dN/dS != 1. \nv0.3 adds LRT test support for dN/dS != 1 for local models. v0.4 adds the lineage option",
   "requirements":"in-frame codon alignment and a phylogenetic tree",
   "version":"0.4"
  },
 "branch attributes":{
   "0":{
     "AjPh":{
       "Nucleotide GTR":0.01118990808054753,
       "Standard MG94":0.01135223926603689,
       "dN":0.01042073445622085,
       "dS":0.01452907992829765,
       "nonsynonymous":0.008057991514138536,
       "synonymous":0.003294247751898339
      },
     "MolossusPhyllostomus":{
       "Nucleotide GTR":0.01877960484102552,
       "Standard MG94":0.01835442968310892,
       "dN":0.01785158249229895,
       "dS":0.02006935953192437,
       "nonsynonymous":0.01380400785004327,
       "synonymous":0.004550421833065639
      },
     "Myobl":{
       "Nucleotide GTR":0.004899219682161744,
       "Standard MG94":0.005019591493007822,
       "dN":0.005916878858236605,
       "dS":0.001959447350376299,
       "nonsynonymous":0.004575316627648439,
       "synonymous":0.0004442748653593919
      },
     "Myodm":{
       "Nucleotide GTR":0.01845486739483364,
       "Standard MG94":0.01891582047360571,
       "dN":0.01331464127301528,
       "dS":0.03801830245065466,
       "nonsynonymous":0.01029574900334472,
       "synonymous":0.008620071470260997
      },
     "Myotis":{
       "Nucleotide GTR":0.07049616488159272,
       "Standard MG94":0.07080968587549009,
       "dN":0.06837308426191174,
       "dS":0.07911956790956647,
       "nonsynonymous":0.05287052799326099,
       "synonymous":0.0179391578822291
      },
     "Phyllostomidae":{
       "Nucleotide GTR":0.05976242181043806,
       "Standard MG94":0.06033213713764784,
       "dN":0.04540477840487395,
       "dS":0.1112409888179692,
       "nonsynonymous":0.03510993592869083,
       "synonymous":0.0252222012089571
      },
     "Phyllostomus":{
       "Nucleotide GTR":0.02687497437022748,
       "Standard MG94":0.02806236636180864,
       "dN":0.0271349688471179,
       "dS":0.03122519934313379,
       "nonsynonymous":0.02098252763517646,
       "synonymous":0.00707983872663218
      },
     "Pipistrellus":{
       "Nucleotide GTR":0.04612947586048111,
       "Standard MG94":0.04664078881293199,
       "dN":0.04009401584472885,
       "dS":0.06896816098837469,
       "nonsynonymous":0.0310033079531831,
       "synonymous":0.01563748085974888
      },
     "Pteropodidae":{
       "Nucleotide GTR":0.07492908599228125,
       "Standard MG94":0.07663548871945589,
       "dN":0.07013040377701632,
       "dS":0.09882068641122511,
       "nonsynonymous":0.05422940205341798,
       "synonymous":0.02240608666603792
      },
     "Pteropus":{
       "Nucleotide GTR":0.01982731331948704,
       "Standard MG94":0.01928727029152915,
       "dN":0.016954930663733,
       "dS":0.02724157314612032,
       "nonsynonymous":0.01311065817722745,
       "synonymous":0.006176612114301708
      },
     "Pteropusgv":{
       "Nucleotide GTR":0.00310822003979102,
       "Standard MG94":0.002860174688196676,
       "dN":0.001752403660831408,
       "dS":0.006638160595648306,
       "nonsynonymous":0.001355072801024604,
       "synonymous":0.001505101887172066
      },
     "Vespertilionidae":{
       "Nucleotide GTR":0.05474839591762416,
       "Standard MG94":0.05652015309541403,
       "dN":0.0462590909143242,
       "dS":0.09151488337631361,
       "nonsynonymous":0.03577054607862733,
       "synonymous":0.02074960701678671
      },
     "Yangochiroptera":{
       "Nucleotide GTR":0.01544001268026766,
       "Standard MG94":0.01721298828743726,
       "dN":0.01419424283414523,
       "dS":0.02750823658242669,
       "nonsynonymous":0.0109759142973732,
       "synonymous":0.00623707399006404
      },
     "YangochiropteraAfterSaccopteryx":{
       "Nucleotide GTR":0.01737490040190957,
       "Standard MG94":0.01738031439466206,
       "dN":0.02247652417536319,
       "dS":4.410439354455091e-10,
       "nonsynonymous":0.01738031439466206,
       "synonymous":1e-10
      },
     "ajXP_037023594_2":{
       "Confidence Intervals":{
         "LB":0.4084512621499952,
         "MLE":0.5095378166790259,
         "UB":0.6243756566155039
        },
       "Lineage dN/dS":0.5095378166790259,
       "Nucleotide GTR":0.02930450675852115,
       "Standard MG94":0.02934388442245335,
       "dN":0.01548510507522893,
       "dS":0.07660841091293694,
       "nonsynonymous":0.01197409317125908,
       "original name":"ajXP_037023594.2",
       "synonymous":0.01736979125119427
      },
     "drXP_024410706_2":{
       "Confidence Intervals":{
         "LB":0.6118015604980609,
         "MLE":0.7562536285742518,
         "UB":0.9206054575846477
        },
       "Lineage dN/dS":0.7562536285742518,
       "Nucleotide GTR":0.02781971808731946,
       "Standard MG94":0.02755899031456547,
       "dN":0.02789095874305142,
       "dS":0.0264268321216203,
       "nonsynonymous":0.02156710832781374,
       "original name":"drXP_024410706.2",
       "synonymous":0.00599188198675171
      },
     "mbXP_005869650_1":{
       "Confidence Intervals":{
         "LB":0.7760790713756378,
         "MLE":0.9169990720651005,
         "UB":1.076166246061585
        },
       "Lineage dN/dS":0.9169990720651005,
       "Nucleotide GTR":0.006883918909825733,
       "Standard MG94":0.006661408690396656,
       "dN":0.007205451129260523,
       "dS":0.004805984946401625,
       "nonsynonymous":0.005571724747333941,
       "original name":"mbXP_005869650.1",
       "synonymous":0.001089683943062721
      },
     "mdXP_059512037_1":{
       "Confidence Intervals":{
         "LB":0.7049229563566329,
         "MLE":0.829741251092403,
         "UB":0.9655150918887181
        },
       "Lineage dN/dS":0.829741251092403,
       "Nucleotide GTR":0.009484854289855561,
       "Standard MG94":0.009518035389573581,
       "dN":0.01034760149426111,
       "dS":0.006688850499025256,
       "nonsynonymous":0.008001440338273611,
       "original name":"mdXP_059512037.1",
       "synonymous":0.001516595051299977
      },
     "mlXP_006090572_2":{
       "Confidence Intervals":{
         "LB":0.789588956746907,
         "MLE":0.9222165546108161,
         "UB":1.066113074837081
        },
       "Lineage dN/dS":0.9222165546108161,
       "Nucleotide GTR":0.03600050069218147,
       "Standard MG94":0.03637082494105705,
       "dN":0.03502319945266062,
       "dS":0.0409668199417511,
       "nonsynonymous":0.02708222200394389,
       "original name":"mlXP_006090572.2",
       "synonymous":0.009288602937113175
      },
     "mmXP_036182960_1":{
       "Confidence Intervals":{
         "LB":0.6711140669434699,
         "MLE":0.7934191146938943,
         "UB":0.9281556814504045
        },
       "Lineage dN/dS":0.7934191146938943,
       "Nucleotide GTR":0.00273178512329171,
       "Standard MG94":0.002685477661283419,
       "dN":0.002515853617207324,
       "dS":0.003263970176662357,
       "nonsynonymous":0.001945422098935567,
       "original name":"mmXP_036182960.1",
       "synonymous":0.0007400555623478513
      },
     "moXP_036102222_1":{
       "Confidence Intervals":{
         "LB":0.7340961131262858,
         "MLE":0.8714368797644666,
         "UB":1.025684710662668
        },
       "Lineage dN/dS":0.8714368797644666,
       "Nucleotide GTR":0.1304038757122016,
       "Standard MG94":0.1311323959478955,
       "dN":0.1184341653703436,
       "dS":0.1744389412415236,
       "nonsynonymous":0.09158102085295884,
       "original name":"moXP_036102222.1",
       "synonymous":0.03955137509493666
      },
     "paXP_006910730_1":{
       "Confidence Intervals":{
         "LB":0.6799068055392001,
         "MLE":0.8569458983576117,