{
 "analysis":{
   "authors":"Sergei L Kosakovsky Pond",
   "contact":"spond@temple.edu",
   "info":"Fit an MG94xREV model with several selectable options frequency estimator and \nreport the fit results including dN/dS ratios, and synonymous and non-synonymous branch lengths. v0.2 adds LRT test for dN/dS != 1. \nv0.3 adds LRT test support for dN/dS != 1 for local models. v0.4 adds the lineage option",
   "requirements":"in-frame codon alignment and a phylogenetic tree",
   "version":"0.4"
  },
 "branch attributes":{
   "0":{
     "AjPh":{
       "Nucleotide GTR":0.006359291789939045,
       "Standard MG94":0.006215986645256226,
       "dN":1.289645749086158e-10,
       "dS":0.02767663871720228,
       "nonsynonymous":1e-10,
       "synonymous":0.006215986645256226
      },
     "Myodm":{
       "Nucleotide GTR":0.006475807425990039,
       "Standard MG94":0.008940887959623381,
       "dN":1.289645749086158e-10,
       "dS":0.03980924348644253,
       "nonsynonymous":1e-10,
       "synonymous":0.008940887959623381
      },
     "Myotis":{
       "Nucleotide GTR":0.003162953240876949,
       "Standard MG94":0.003528394164442273,
       "dN":1.289645749086158e-10,
       "dS":0.01571015127834598,
       "nonsynonymous":1e-10,
       "synonymous":0.003528394164442273
      },
     "Phyllostomidae":{
       "Nucleotide GTR":0.02505330041073656,
       "Standard MG94":0.02529125711878585,
       "dN":0.00847454046218298,
       "dS":0.08335085823380371,
       "nonsynonymous":0.006571215752998862,
       "synonymous":0.018720041365787
      },
     "Phyllostomus":{
       "Nucleotide GTR":0.01643071770538051,
       "Standard MG94":0.01622285308684651,
       "dN":1.289645749086158e-10,
       "dS":0.07223214422276047,
       "nonsynonymous":1e-10,
       "synonymous":0.01622285308684651
      },
     "Pipistrellus":{
       "Nucleotide GTR":0.01646958754931599,
       "Standard MG94":0.01915470490832248,
       "dN":0.004209028807149072,
       "dS":0.07075455109397336,
       "nonsynonymous":0.003263709286159852,
       "synonymous":0.01589099562216261
      },
     "Pteropodidae":{
       "Nucleotide GTR":0.03589128765110303,
       "Standard MG94":0.03712185906086574,
       "dN":0.01284054815654458,
       "dS":0.1209529215947696,
       "nonsynonymous":0.009956647525604127,
       "synonymous":0.02716521153526159
      },
     "Pteropus":{
       "Nucleotide GTR":0.003173172658477681,
       "Standard MG94":0.003250814632088229,
       "dN":0.004192399271339668,
       "dS":4.452493272057447e-10,
       "nonsynonymous":0.003250814632088229,
       "synonymous":1e-10
      },
     "Vespertilionidae":{
       "Nucleotide GTR":0.01161006344107468,
       "Standard MG94":0.009114135822055119,
       "dN":0.00845060931877132,
       "dS":0.01140495661047422,
       "nonsynonymous":0.00655265938321389,
       "synonymous":0.002561476438841224
      },
     "Yangochiroptera":{
       "Nucleotide GTR":0.01474249372070889,
       "Standard MG94":0.01536193541074506,
       "dN":1.289645749086158e-10,
       "dS":0.06839891406212342,
       "nonsynonymous":1e-10,
       "synonymous":0.01536193541074506
      },
     "YangochiropteraAfterSaccopteryx":{
       "Nucleotide GTR":0.006928380757940138,
       "Standard MG94":0.006556066581622741,
       "dN":0.008455003397715589,
       "dS":4.452493272057447e-10,
       "nonsynonymous":0.006556066581622741,
       "synonymous":1e-10
      },
     "ajXP_037019581_1":{
       "Confidence Intervals":{
         "LB":0.1265135570543549,
         "MLE":0.263577444901187,
         "UB":0.477386702458386
        },
       "Lineage dN/dS":0.263577444901187,
       "Nucleotide GTR":0.01971026756139164,
       "Standard MG94":0.01971438793268466,
       "dN":0.02150243078626569,
       "dS":0.01354118201054577,
       "nonsynonymous":0.01667312965711886,
       "original name":"ajXP_037019581.1",
       "synonymous":0.003041258275565803
      },
     "drXP_053766779_1":{
       "Confidence Intervals":{
         "LB":0.05358865225291963,
         "MLE":0.149551434151595,
         "UB":0.3227489972807233
        },
       "Lineage dN/dS":0.149551434151595,
       "Nucleotide GTR":0.009711529630281619,
       "Standard MG94":0.009634447226477459,
       "dN":0.004228614642447628,
       "dS":0.02829804785270936,
       "nonsynonymous":0.003278896274766944,
       "original name":"drXP_053766779.1",
       "synonymous":0.006355550951710513
      },
     "mbXP_014387357_1":{
       "Confidence Intervals":{
         "LB":0.2725601959984588,
         "MLE":0.4836438877560574,
         "UB":0.7862646612687868
        },
       "Lineage dN/dS":0.4836438877560574,
       "Nucleotide GTR":0.05331677952155927,
       "Standard MG94":0.0512447321312968,
       "dN":0.04665858167832111,
       "dS":0.06707838571483821,
       "nonsynonymous":0.03617937849318958,
       "original name":"mbXP_014387357.1",
       "synonymous":0.01506535363810714
      },
     "mdXP_059525805_1":{
       "Confidence Intervals":{
         "LB":0.04311473030870425,
         "MLE":0.1393110937966097,
         "UB":0.3239037720423714
        },
       "Lineage dN/dS":0.1393110937966097,
       "Nucleotide GTR":0.003230068631623645,
       "Standard MG94":0.003267903751682328,
       "dN":1.289645749086158e-10,
       "dS":0.01455031946809685,
       "nonsynonymous":1e-10,
       "original name":"mdXP_059525805.1",
       "synonymous":0.003267903751682328
      },
     "mlXP_023612574_1":{
       "Confidence Intervals":{
         "LB":0.3114153985552081,
         "MLE":0.4695158813631735,
         "UB":0.6762924760203682
        },
       "Lineage dN/dS":0.4695158813631735,
       "Nucleotide GTR":0.1415247275054879,
       "Standard MG94":0.1437759283968689,
       "dN":0.1147940661424858,
       "dS":0.2438356128418223,
       "nonsynonymous":0.08901209206003184,
       "original name":"mlXP_023612574.1",
       "synonymous":0.05476383633683709
      },
     "mmXP_036196338_1":{
       "Confidence Intervals":{
         "LB":0.04331319084279787,
         "MLE":0.1403454342641909,
         "UB":0.3254061864287219
        },
       "Lineage dN/dS":0.1403454342641909,
       "Nucleotide GTR":0.003204684499271884,
       "Standard MG94":0.003103504640907693,
       "dN":1.289645749086158e-10,
       "dS":0.01381833353344057,
       "nonsynonymous":1e-10,
       "original name":"mmXP_036196338.1",
       "synonymous":0.003103504640907694
      },
     "moXP_036124766_1":{
       "Confidence Intervals":{
         "LB":0.03030878882001969,
         "MLE":0.1221377275123144,
         "UB":0.3179163738014464
        },
       "Lineage dN/dS":0.1221377275123144,
       "Nucleotide GTR":0.01441525807449253,
       "Standard MG94":0.01438680869145807,
       "dN":0.004221963179235699,
       "dS":0.0494808694339092,
       "nonsynonymous":0.003273738685392774,
       "original name":"moXP_036124766.1",
       "synonymous":0.01111307000606531
      },
     "paXP_015443556_1":{
       "Confidence Intervals":{
         "LB":0.04191785741806374,
         "MLE":0.1354003760347951,
         "UB":0.3162232352471297
        },
       "Lineage dN/dS":0.1354003760347951,
       "Nucleotide GTR":0.006434060518533393,
       "Standard MG94":0.006339847586948672,
       "dN":1.289645749086158e-10,
       "dS":0.0282281287267586,
       "nonsynonymous":1e-10,
       "original name":"paXP_015443556.1",
       "synonymous":0.006339847586948672
      },
     "pdXP_028377577_1":{
       "Confidence Intervals":{
         "LB":0.02561372858243858,
         "MLE":0.08269466661729186,
         "UB":0.192599616901506
        },
       "Lineage dN/dS":0.08269466661729186,
       "Nucleotide GTR":0,
       "Standard MG94":0,
       "dN":1.289645749086158e-10,
       "dS":4.452493272057447e-10,
       "nonsynonymous":1e-10,
       "original name":"pdXP_028377577.1",
       "synonymous":1e-10
      },
     "pgXP_039702735_1":{
       "Confidence Intervals":{
         "LB":0.04197371357246633,