{
 "analysis":{
   "authors":"Sergei L Kosakovsky Pond",
   "contact":"spond@temple.edu",
   "info":"Fit an MG94xREV model with several selectable options frequency estimator and \nreport the fit results including dN/dS ratios, and synonymous and non-synonymous branch lengths. v0.2 adds LRT test for dN/dS != 1. \nv0.3 adds LRT test support for dN/dS != 1 for local models. v0.4 adds the lineage option",
   "requirements":"in-frame codon alignment and a phylogenetic tree",
   "version":"0.4"
  },
 "branch attributes":{
   "0":{
     "AjPh":{
       "Nucleotide GTR":0.008867793284860813,
       "Standard MG94":0.007268926319647685,
       "dN":0.002940467572772422,
       "dS":0.02029450829448986,
       "nonsynonymous":0.002207053793851067,
       "synonymous":0.005061872525796617
      },
     "MolossusPhyllostomus":{
       "Nucleotide GTR":0.001201756290676075,
       "Standard MG94":0.002282044467474682,
       "dN":0.003040377980332465,
       "dS":4.009288695253343e-10,
       "nonsynonymous":0.002282044467474682,
       "synonymous":1e-10
      },
     "Myobl":{
       "Nucleotide GTR":0.001109626714653977,
       "Standard MG94":0.001164622835635908,
       "dN":1.33230444176969e-10,
       "dS":0.004669309169148934,
       "nonsynonymous":1e-10,
       "synonymous":0.001164622835635907
      },
     "Myodm":{
       "Nucleotide GTR":0.003502672327873604,
       "Standard MG94":0.003792189724033616,
       "dN":0.002977325942414144,
       "dS":0.006244350090232485,
       "nonsynonymous":0.002234718919393066,
       "synonymous":0.00155747080464055
      },
     "Myotis":{
       "Nucleotide GTR":0.01065709776653234,
       "Standard MG94":0.0108499121960753,
       "dN":0.007463826846973002,
       "dS":0.02103962055829175,
       "nonsynonymous":0.005602193172199334,
       "synonymous":0.00524771902387595
      },
     "Phyllostomidae":{
       "Nucleotide GTR":0.03272552846077024,
       "Standard MG94":0.03367311666906772,
       "dN":0.01624140102413112,
       "dS":0.08613018149824626,
       "nonsynonymous":0.0121904577624599,
       "synonymous":0.02148265890660782
      },
     "Phyllostomus":{
       "Nucleotide GTR":0.03260527148471222,
       "Standard MG94":0.03837720835358617,
       "dN":0.0147557122769909,
       "dS":0.1094611094618557,
       "nonsynonymous":0.01107533069347949,
       "synonymous":0.02730187766010673
      },
     "Pipistrellus":{
       "Nucleotide GTR":0.0393514645143635,
       "Standard MG94":0.04063577482072776,
       "dN":0.02757658382577263,
       "dS":0.07993465065100015,
       "nonsynonymous":0.02069841018404387,
       "synonymous":0.01993736463668381
      },
     "Pteropodidae":{
       "Nucleotide GTR":0.05112468572413902,
       "Standard MG94":0.05196095194969291,
       "dN":0.03993098280093546,
       "dS":0.08816260211329539,
       "nonsynonymous":0.02997136506420067,
       "synonymous":0.02198958688549229
      },
     "Pteropus":{
       "Nucleotide GTR":0.03092012754980251,
       "Standard MG94":0.02864870209735644,
       "dN":0.03816879305524464,
       "dS":4.009288695253343e-10,
       "nonsynonymous":0.02864870209735646,
       "synonymous":1e-10
      },
     "Pteropusgv":{
       "Nucleotide GTR":0.001300504315649067,
       "Standard MG94":0.00116082841297035,
       "dN":0.001546576850732857,
       "dS":4.009288695253343e-10,
       "nonsynonymous":0.00116082841297035,
       "synonymous":1e-10
      },
     "Vespertilionidae":{
       "Nucleotide GTR":0.01982223665573886,
       "Standard MG94":0.02063879345132038,
       "dN":0.01069677480589929,
       "dS":0.05055719776898412,
       "nonsynonymous":0.008028776659853246,
       "synonymous":0.01261001679146716
      },
     "Yangochiroptera":{
       "Nucleotide GTR":0.004084868945685211,
       "Standard MG94":0.006880638467645425,
       "dN":1.33230444176969e-10,
       "dS":0.02758646602445608,
       "nonsynonymous":1e-10,
       "synonymous":0.006880638467645425
      },
     "YangochiropteraAfterSaccopteryx":{
       "Nucleotide GTR":0.00677649018889441,
       "Standard MG94":0.006883522081218927,
       "dN":0.005000192202359637,
       "dS":0.01255100539510304,
       "nonsynonymous":0.003753040255362295,
       "synonymous":0.003130481825856632
      },
     "ajXP_053527377_1":{
       "Confidence Intervals":{
         "LB":0.3241637648228511,
         "MLE":0.4098137934845019,
         "UB":0.5103788475870052
        },
       "Lineage dN/dS":0.4098137934845019,
       "Nucleotide GTR":0.1173707318446239,
       "Standard MG94":0.1223174295842818,
       "dN":0.1061854968734986,
       "dS":0.1708630723234291,
       "nonsynonymous":0.07970062513073453,
       "original name":"ajXP_053527377.1",
       "synonymous":0.04261680445354721
      },
     "drXP_024415395_2":{
       "Confidence Intervals":{
         "LB":0.170661115219743,
         "MLE":0.2696711249196587,
         "UB":0.4007813044901859
        },
       "Lineage dN/dS":0.2696711249196587,
       "Nucleotide GTR":0.01424274044540917,
       "Standard MG94":0.01377658835240152,
       "dN":0.01321775630558373,
       "dS":0.0154582753134357,
       "nonsynonymous":0.009920972933203378,
       "original name":"drXP_024415395.2",
       "synonymous":0.003855615419198169
      },
     "mbXP_005862201_1":{
       "Confidence Intervals":{
         "LB":0.1167882158180904,
         "MLE":0.2077312218048303,
         "UB":0.3334293321909593
        },
       "Lineage dN/dS":0.2077312218048303,
       "Nucleotide GTR":0.00238894566651117,
       "Standard MG94":0.002771264742706293,
       "dN":1.33230444176969e-10,
       "dS":0.0111108004044865,
       "nonsynonymous":1e-10,
       "original name":"mbXP_005862201.1",
       "synonymous":0.002771264742706293
      },
     "mdXP_059562906_1":{
       "Confidence Intervals":{
         "LB":0.170014809640902,
         "MLE":0.271338520155217,
         "UB":0.4059614180834499
        },
       "Lineage dN/dS":0.271338520155217,
       "Nucleotide GTR":0.009028707961044458,
       "Standard MG94":0.009204305083054034,
       "dN":0.005977672800612595,
       "dS":0.01891417313434451,
       "nonsynonymous":0.004486716859303192,
       "original name":"mdXP_059562906.1",
       "synonymous":0.004717588223750834
      },
     "mlXP_006091444_1":{
       "Confidence Intervals":{
         "LB":0.1158538831795562,
         "MLE":0.2019532757692445,
         "UB":0.3196220954783787
        },
       "Lineage dN/dS":0.2019532757692445,
       "Nucleotide GTR":0.0065775361336818,
       "Standard MG94":0.006512284951605969,
       "dN":0.001487838326708923,
       "dS":0.02163229537981252,
       "nonsynonymous":0.001116740498690103,
       "original name":"mlXP_006091444.1",
       "synonymous":0.005395544452915881
      },
     "mmXP_036177124_1":{
       "Confidence Intervals":{
         "LB":0.1490782489906,
         "MLE":0.2454021041466445,
         "UB":0.3738835451242617
        },
       "Lineage dN/dS":0.2454021041466445,
       "Nucleotide GTR":0.006737693371366743,
       "Standard MG94":0.006849286638734338,
       "dN":0.00297496907774439,
       "dS":0.0185082266768429,
       "nonsynonymous":0.002232949905798378,
       "original name":"mmXP_036177124.1",
       "synonymous":0.004616336732935962
      },
     "moXP_036100336_1":{
       "Confidence Intervals":{
         "LB":0.1036474460264796,
         "MLE":0.1770161433836905,
         "UB":0.2784398103635832
        },
       "Lineage dN/dS":0.1770161433836905,
       "Nucleotide GTR":0.04162208071678272,
       "Standard MG94":0.04212086184503092,
       "dN":0.01865045077849798,
       "dS":0.1127501045404976,
       "nonsynonymous":0.01399864039612803,
       "original name":"moXP_036100336.1",
       "synonymous":0.02812222144890293
      },
     "paXP_006921927_1":{
       "Confidence Intervals":{
         "LB":0.7344632538005504,
         "MLE":0.9824134009448758,
         "UB":1.284485332779917
        },