{
 "analysis":{
   "authors":"Sergei L Kosakovsky Pond",
   "contact":"spond@temple.edu",
   "info":"Fit an MG94xREV model with several selectable options frequency estimator and \nreport the fit results including dN/dS ratios, and synonymous and non-synonymous branch lengths. v0.2 adds LRT test for dN/dS != 1. \nv0.3 adds LRT test support for dN/dS != 1 for local models. v0.4 adds the lineage option",
   "requirements":"in-frame codon alignment and a phylogenetic tree",
   "version":"0.4"
  },
 "branch attributes":{
   "0":{
     "AjPh":{
       "Nucleotide GTR":0.005242767707352007,
       "Standard MG94":0.00271550048143738,
       "dN":1.318347151434085e-10,
       "dS":0.01124549821882764,
       "nonsynonymous":1e-10,
       "synonymous":0.00271550048143738
      },
     "MolossusPhyllostomus":{
       "Nucleotide GTR":0.008984084480976351,
       "Standard MG94":0.006480802659567284,
       "dN":1.318347151434085e-10,
       "dS":0.02683846136759302,
       "nonsynonymous":1e-10,
       "synonymous":0.006480802659567284
      },
     "Myodm":{
       "Nucleotide GTR":0.01062135772408689,
       "Standard MG94":0.002653715102170256,
       "dN":0.003498517745663768,
       "dS":4.141224903364823e-10,
       "nonsynonymous":0.002653715102170256,
       "synonymous":1e-10
      },
     "Phyllostomidae":{
       "Nucleotide GTR":0.02796908698921387,
       "Standard MG94":0.03756034870940786,
       "dN":1.318347151434085e-10,
       "dS":0.1555458514544667,
       "nonsynonymous":1e-10,
       "synonymous":0.03756034870940787
      },
     "Phyllostomus":{
       "Nucleotide GTR":0.02159612532831139,
       "Standard MG94":0.02385034680219843,
       "dN":0.003497986220233129,
       "dS":0.08778168870452834,
       "nonsynonymous":0.002653311926549888,
       "synonymous":0.02119703487564852
      },
     "Pipistrellus":{
       "Nucleotide GTR":0.0594074159289878,
       "Standard MG94":0.08203829476561025,
       "dN":1.318347151434085e-10,
       "dS":0.3397390293129292,
       "nonsynonymous":1e-10,
       "synonymous":0.08203829476561025
      },
     "Pteropodidae":{
       "Nucleotide GTR":0.07304673194044699,
       "Standard MG94":0.1419140875911405,
       "dN":0.007044588637951577,
       "dS":0.565569516407234,
       "nonsynonymous":0.005343500481105105,
       "synonymous":0.1365705871100355
      },
     "Pteropus":{
       "Nucleotide GTR":0.2328657790229311,
       "Standard MG94":1743.992706881619,
       "dN":0.06556892037724577,
       "dS":7222.060062299209,
       "nonsynonymous":0.04973570148493933,
       "synonymous":1743.942971180133
      },
     "Vespertilionidae":{
       "Nucleotide GTR":0.08217635641149855,
       "Standard MG94":0.1211591931128305,
       "dN":0.003517230715782811,
       "dS":0.4906990550751446,
       "nonsynonymous":0.002667909368148444,
       "synonymous":0.118491283744682
      },
     "Yangochiroptera":{
       "Nucleotide GTR":0.05230072694005614,
       "Standard MG94":0.07822835762680207,
       "dN":0.003537382215031963,
       "dS":0.3128495096468641,
       "nonsynonymous":0.002683194795228278,
       "synonymous":0.07554516283157382
      },
     "ajXP_037000003_2":{
       "Confidence Intervals":{
         "LB":0.0003905762007404853,
         "MLE":0.007856941627900302,
         "UB":0.03485751347383333
        },
       "Lineage dN/dS":0.007856941627900302,
       "Nucleotide GTR":0.00826373637461925,
       "Standard MG94":0.007027847988129162,
       "dN":1.318347151434085e-10,
       "dS":0.02910389910550285,
       "nonsynonymous":1e-10,
       "original name":"ajXP_037000003.2",
       "synonymous":0.007027847988129161
      },
     "drXP_053768297_1":{
       "Confidence Intervals":{
         "LB":0.0003739474280235866,
         "MLE":0.007574496323344488,
         "UB":0.03355286604183989
        },
       "Lineage dN/dS":0.007574496323344488,
       "Nucleotide GTR":0.01106206130296157,
       "Standard MG94":0.01450210282536857,
       "dN":1.318347151434085e-10,
       "dS":0.06005646937157369,
       "nonsynonymous":1e-10,
       "original name":"drXP_053768297.1",
       "synonymous":0.01450210282536857
      },
     "mbXP_005868843_1":{
       "Confidence Intervals":{
         "LB":0.005380481141790784,
         "MLE":0.008392737683792294,
         "UB":0.01240652442955878
        },
       "Lineage dN/dS":0.008392737683792294,
       "Nucleotide GTR":0.2906893959813282,
       "Standard MG94":1744.00172379457,
       "dN":0.07745634188392878,
       "dS":7222.060062299209,
       "nonsynonymous":0.05875261443821723,
       "original name":"mbXP_005868843.1",
       "synonymous":1743.942971180133
      },
     "mdXP_059533405_1":{
       "Confidence Intervals":{
         "LB":0.003589028393195412,
         "MLE":0.01450535493877997,
         "UB":0.03773110034036626
        },
       "Lineage dN/dS":0.01450535493877997,
       "Nucleotide GTR":0,
       "Standard MG94":0,
       "dN":1.318347151434085e-10,
       "dS":4.141224903364823e-10,
       "nonsynonymous":1e-10,
       "original name":"mdXP_059533405.1",
       "synonymous":1e-10
      },
     "mlXP_023601666_1":{
       "Confidence Intervals":{
         "LB":0.07164520055476563,
         "MLE":0.109265358367902,
         "UB":0.1583855650181744
        },
       "Lineage dN/dS":0.109265358367902,
       "Nucleotide GTR":0.1248450237189266,
       "Standard MG94":0.1346383665363364,
       "dN":0.09336998151668929,
       "dS":0.2642716452817,
       "nonsynonymous":0.07082351671570145,
       "original name":"mlXP_023601666.1",
       "synonymous":0.06381484982063503
      },
     "mmXP_036210543_1":{
       "Confidence Intervals":{
         "LB":0.003588611070330999,
         "MLE":0.01450462694732228,
         "UB":0.03772655809746188
        },
       "Lineage dN/dS":0.01450462694732228,
       "Nucleotide GTR":0,
       "Standard MG94":0,
       "dN":1.318347151434085e-10,
       "dS":4.141224903364823e-10,
       "nonsynonymous":1e-10,
       "original name":"mmXP_036210543.1",
       "synonymous":1e-10
      },
     "moXP_036133556_1":{
       "Confidence Intervals":{
         "LB":0.002789724546491251,
         "MLE":0.01695044099379507,
         "UB":0.052515702405435
        },
       "Lineage dN/dS":0.01695044099379507,
       "Nucleotide GTR":0.04902889116190824,
       "Standard MG94":0.03799501116758287,
       "dN":0.003532716531407569,
       "dS":0.1462488293058327,
       "nonsynonymous":0.002679655754984349,
       "original name":"moXP_036133556.1",
       "synonymous":0.03531535541259851
      },
     "paXP_024906549_1":{
       "Confidence Intervals":{
         "LB":0.009778365595012333,
         "MLE":0.01578004799022164,
         "UB":0.02388919550516779
        },
       "Lineage dN/dS":0.01578004799022164,
       "Nucleotide GTR":0,
       "Standard MG94":0,
       "dN":1.318347151434085e-10,
       "dS":4.141224903364823e-10,
       "nonsynonymous":1e-10,
       "original name":"paXP_024906549.1",
       "synonymous":1e-10
      },
     "pdXP_028386979_1":{
       "Confidence Intervals":{
         "LB":0.002281550761980517,
         "MLE":0.01388085510942979,
         "UB":0.04300683132761426
        },
       "Lineage dN/dS":0.01388085510942979,
       "Nucleotide GTR":0.00524876798304396,
       "Standard MG94":0.005036948678027695,
       "dN":1.318347151434085e-10,
       "dS":0.02085913730241882,
       "nonsynonymous":1e-10,
       "original name":"pdXP_028386979.1",
       "synonymous":0.005036948678027695
      },
     "pgXP_039736596_1":{
       "Confidence Intervals":{
         "LB":0.007643744198939704,
         "MLE":0.0106006519690906,
         "UB":0.01426250489553541
        },
       "Lineage dN/dS":0.0106006519690906,
       "Nucleotide GTR":0.2731320956297744,
       "Standard MG94":0.6282813846016032,
       "dN":0.07739411991486374,
       "dS":2.358742179382118,
       "nonsynonymous":0.05870541748482194,
       "original name":"pgXP_039736596.1",