{
 "analysis":{
   "authors":"Sergei L Kosakovsky Pond",
   "contact":"spond@temple.edu",
   "info":"Fit an MG94xREV model with several selectable options frequency estimator and \nreport the fit results including dN/dS ratios, and synonymous and non-synonymous branch lengths. v0.2 adds LRT test for dN/dS != 1. \nv0.3 adds LRT test support for dN/dS != 1 for local models. v0.4 adds the lineage option",
   "requirements":"in-frame codon alignment and a phylogenetic tree",
   "version":"0.4"
  },
 "branch attributes":{
   "0":{
     "AjPh":{
       "Nucleotide GTR":0.003476417410261622,
       "Standard MG94":0.003420404853751266,
       "dN":0.001129645369120536,
       "dS":0.01019896441446737,
       "nonsynonymous":0.0008443156954544912,
       "synonymous":0.00257608915829678
      },
     "MolossusPhyllostomus":{
       "Nucleotide GTR":0.002544526934892777,
       "Standard MG94":0.002227918065030106,
       "dN":0.002980824990570009,
       "dS":3.959088287616011e-10,
       "nonsynonymous":0.002227918065030106,
       "synonymous":1e-10
      },
     "Myobl":{
       "Nucleotide GTR":0.00141764952813431,
       "Standard MG94":0.00215586860137991,
       "dN":1.33794192764882e-10,
       "dS":0.008535274129362311,
       "nonsynonymous":1e-10,
       "synonymous":0.00215586860137991
      },
     "Myodm":{
       "Nucleotide GTR":0.008338347074525635,
       "Standard MG94":0.008092460025546208,
       "dN":0.002268580319187483,
       "dS":0.02532583425311685,
       "nonsynonymous":0.001695574577869822,
       "synonymous":0.006396885447676377
      },
     "Myotis":{
       "Nucleotide GTR":0.01764982679737264,
       "Standard MG94":0.01950669371430059,
       "dN":0.003689100741135938,
       "dS":0.0663123478194694,
       "nonsynonymous":0.002757295114907443,
       "synonymous":0.01674939859939314
      },
     "Phyllostomidae":{
       "Nucleotide GTR":0.0215532369597208,
       "Standard MG94":0.02080856656044348,
       "dN":0.01246086111274883,
       "dS":0.04551016397918512,
       "nonsynonymous":0.00931345438485992,
       "synonymous":0.01149511217558357
      },
     "Phyllostomus":{
       "Nucleotide GTR":0.01301887730573113,
       "Standard MG94":0.01205150216319325,
       "dN":0.00709775260797599,
       "dS":0.02671008445181969,
       "nonsynonymous":0.005304978087090035,
       "synonymous":0.00674652407610322
      },
     "Pipistrellus":{
       "Nucleotide GTR":0.06273667297528342,
       "Standard MG94":0.07153580732341995,
       "dN":0.01638863650943186,
       "dS":0.2347211545742517,
       "nonsynonymous":0.01224913889815217,
       "synonymous":0.05928666842526779
      },
     "Pteropodidae":{
       "Nucleotide GTR":0.02993046655050872,
       "Standard MG94":0.03069585002847143,
       "dN":0.02018039011856178,
       "dS":0.06181202428678107,
       "nonsynonymous":0.01508315847013256,
       "synonymous":0.01561269155833894
      },
     "Pteropus":{
       "Nucleotide GTR":0.02657049831798353,
       "Standard MG94":0.02676287965494457,
       "dN":0.0124317682451757,
       "dS":0.06916990357611184,
       "nonsynonymous":0.009291709892836819,
       "synonymous":0.01747116976210776
      },
     "Pteropusgv":{
       "Nucleotide GTR":0.000735529635690898,
       "Standard MG94":0.0008097404496459523,
       "dN":0.001083385698094527,
       "dS":3.959088287616011e-10,
       "nonsynonymous":0.0008097404496459522,
       "synonymous":1e-10
      },
     "Vespertilionidae":{
       "Nucleotide GTR":0.02037300802819333,
       "Standard MG94":0.020090009611173,
       "dN":0.01330901510358506,
       "dS":0.040155571036965,
       "nonsynonymous":0.009947378752808161,
       "synonymous":0.01014263085836485
      },
     "Yangochiroptera":{
       "Nucleotide GTR":0.0118529453806155,
       "Standard MG94":0.01260343125485029,
       "dN":0.007534039212424121,
       "dS":0.02760420987292734,
       "nonsynonymous":0.005631065935472829,
       "synonymous":0.006972365319377453
      },
     "YangochiropteraAfterSaccopteryx":{
       "Nucleotide GTR":0.006535122854156003,
       "Standard MG94":0.006583792353799856,
       "dN":0.001424392484831336,
       "dS":0.02185091207719222,
       "nonsynonymous":0.001064614581093543,
       "synonymous":0.005519177772706323
      },
     "ajXP_037018482_2":{
       "Confidence Intervals":{
         "LB":0.08612386233553405,
         "MLE":0.1362651701378135,
         "UB":0.2026355623350912
        },
       "Lineage dN/dS":0.1362651701378135,
       "Nucleotide GTR":0.02847740289037484,
       "Standard MG94":0.03047114742594299,
       "dN":0.005878554069817792,
       "dS":0.1032428023881564,
       "nonsynonymous":0.004393728866953322,
       "original name":"ajXP_037018482.2",
       "synonymous":0.02607741855898968
      },
     "drXP_045047929_2":{
       "Confidence Intervals":{
         "LB":0.1018687014580237,
         "MLE":0.1729513900659889,
         "UB":0.269824431244348
        },
       "Lineage dN/dS":0.1729513900659889,
       "Nucleotide GTR":0.0090193535654822,
       "Standard MG94":0.01016990710697899,
       "dN":0.001170091963671188,
       "dS":0.03680115468825029,
       "nonsynonymous":0.0008745461514367846,
       "original name":"drXP_045047929.2",
       "synonymous":0.009295360955542198
      },
     "mbXP_014403303_1":{
       "Confidence Intervals":{
         "LB":0.1205859226630899,
         "MLE":0.1889070447951619,
         "UB":0.2779873017160012
        },
       "Lineage dN/dS":0.1889070447951619,
       "Nucleotide GTR":0.001268255020255949,
       "Standard MG94":0.0008802520106209075,
       "dN":0.001177726071906886,
       "dS":3.959088287616011e-10,
       "nonsynonymous":0.0008802520106209075,
       "original name":"mbXP_014403303.1",
       "synonymous":1e-10
      },
     "mdXP_059523668_1":{
       "Confidence Intervals":{
         "LB":0.1144377386794965,
         "MLE":0.1700498504981173,
         "UB":0.2406342497886168
        },
       "Lineage dN/dS":0.1700498504981173,
       "Nucleotide GTR":0.01522569192326896,
       "Standard MG94":0.01600255379945132,
       "dN":0.005905363913546122,
       "dS":0.04588103012866827,
       "nonsynonymous":0.004413766989067817,
       "original name":"mdXP_059523668.1",
       "synonymous":0.01158878681038351
      },
     "mlXP_023618870_1":{
       "Confidence Intervals":{
         "LB":0.2814842118668243,
         "MLE":0.3550366597680812,
         "UB":0.4416853480623512
        },
       "Lineage dN/dS":0.3550366597680812,
       "Nucleotide GTR":0.08759252051265649,
       "Standard MG94":0.08838723377467489,
       "dN":0.074292992542198,
       "dS":0.130093337928532,
       "nonsynonymous":0.05552781552541216,
       "original name":"mlXP_023618870.1",
       "synonymous":0.03285941824926275
      },
     "mmXP_036202463_1":{
       "Confidence Intervals":{
         "LB":0.2872147625633564,
         "MLE":0.3584954291356677,
         "UB":0.4421361712748904
        },
       "Lineage dN/dS":0.3584954291356677,
       "Nucleotide GTR":0.0981640900186188,
       "Standard MG94":0.09830217551560827,
       "dN":0.08352779589639642,
       "dS":0.1420208692036107,
       "nonsynonymous":0.06243006080479199,
       "original name":"mmXP_036202463.1",
       "synonymous":0.03587211471081626
      },
     "moXP_036130407_1":{
       "Confidence Intervals":{
         "LB":0.09212968889662615,
         "MLE":0.1558176058378316,
         "UB":0.2432632010726913
        },
       "Lineage dN/dS":0.1558176058378316,
       "Nucleotide GTR":0.03009662927985212,
       "Standard MG94":0.02952221176850886,
       "dN":0.009311765615908917,
       "dS":0.08932670626616154,
       "nonsynonymous":0.006959768150978411,
       "original name":"moXP_036130407.1",
       "synonymous":0.02256244361753048
      },
     "paXP_015443182_1":{
       "Confidence Intervals":{
         "LB":0.2122600886110713,
         "MLE":0.3067787040069446,