{
 "analysis":{
   "authors":"Sergei L Kosakovsky Pond",
   "contact":"spond@temple.edu",
   "info":"Fit an MG94xREV model with several selectable options frequency estimator and \nreport the fit results including dN/dS ratios, and synonymous and non-synonymous branch lengths. v0.2 adds LRT test for dN/dS != 1. \nv0.3 adds LRT test support for dN/dS != 1 for local models. v0.4 adds the lineage option",
   "requirements":"in-frame codon alignment and a phylogenetic tree",
   "version":"0.4"
  },
 "branch attributes":{
   "0":{
     "AjPh":{
       "Nucleotide GTR":0.009743619211569273,
       "Standard MG94":0.01050867435876349,
       "dN":0.008562227887661514,
       "dS":0.01616555762191492,
       "nonsynonymous":0.006370304238522784,
       "synonymous":0.004138370120240713
      },
     "MolossusPhyllostomus":{
       "Nucleotide GTR":0.00662797059132235,
       "Standard MG94":0.008820770794025325,
       "dN":0.003572355580319674,
       "dS":0.02407404008309648,
       "nonsynonymous":0.002657835343020314,
       "synonymous":0.006162935451005012
      },
     "Myodm":{
       "Nucleotide GTR":0.009634149264979639,
       "Standard MG94":0.01061869945943795,
       "dN":0.01427243052105457,
       "dS":3.906261922501661e-10,
       "nonsynonymous":0.01061869945943795,
       "synonymous":1e-10
      },
     "Myotis":{
       "Nucleotide GTR":0.01445224575029268,
       "Standard MG94":0.0117776852566622,
       "dN":0.008794599245995693,
       "dS":0.02044731454100975,
       "nonsynonymous":0.006543188710686932,
       "synonymous":0.005234496545975292
      },
     "Phyllostomidae":{
       "Nucleotide GTR":0.02855336088106339,
       "Standard MG94":0.03610756269945292,
       "dN":0.01241300494288923,
       "dS":0.1049701536778702,
       "nonsynonymous":0.00923528537641949,
       "synonymous":0.02687227732303339
      },
     "Phyllostomus":{
       "Nucleotide GTR":0.02822682807603753,
       "Standard MG94":0.03470299985459684,
       "dN":0.0171779224496594,
       "dS":0.08563546500546068,
       "nonsynonymous":0.01278038772452805,
       "synonymous":0.02192261213006877
      },
     "Pipistrellus":{
       "Nucleotide GTR":0.004613117026748778,
       "Standard MG94":0.00498784032958017,
       "dN":0.006704079423848286,
       "dS":3.906261922501661e-10,
       "nonsynonymous":0.004987840329580169,
       "synonymous":1e-10
      },
     "Pteropodidae":{
       "Nucleotide GTR":0.04947147607770488,
       "Standard MG94":0.0583506877586145,
       "dN":0.0111132688605948,
       "dS":0.1956349996191896,
       "nonsynonymous":0.008268280715642758,
       "synonymous":0.05008240704297176
      },
     "Pteropus":{
       "Nucleotide GTR":0.04551836820335069,
       "Standard MG94":0.04101150600333106,
       "dN":0.04278607844899967,
       "dS":0.03585413367576366,
       "nonsynonymous":0.03183287579698742,
       "synonymous":0.009178630206343621
      },
     "Pteropusgv":{
       "Nucleotide GTR":0.002947298073080159,
       "Standard MG94":0.002625909964146802,
       "dN":0.003529445169909145,
       "dS":3.906261922501661e-10,
       "nonsynonymous":0.002625909964146802,
       "synonymous":1e-10
      },
     "Vespertilionidae":{
       "Nucleotide GTR":0.03475183224533507,
       "Standard MG94":0.03714577927015136,
       "dN":0.0288414679574401,
       "dS":0.06128028303088389,
       "nonsynonymous":0.02145807469563615,
       "synonymous":0.01568770457451521
      },
     "Yangochiroptera":{
       "Nucleotide GTR":0.02305965473011609,
       "Standard MG94":0.02036599652176314,
       "dN":0.01865993941987637,
       "dS":0.02532424531459019,
       "nonsynonymous":0.01388300950834445,
       "synonymous":0.006482987013418689
      },
     "YangochiropteraAfterSaccopteryx":{
       "Nucleotide GTR":0.0009326284548413616,
       "Standard MG94":0.0006133502052865914,
       "dN":0.0008243945714318938,
       "dS":3.906261922501661e-10,
       "nonsynonymous":0.0006133502052865914,
       "synonymous":1e-10
      },
     "ajXP_053518882_1":{
       "Confidence Intervals":{
         "LB":0.3505930646818181,
         "MLE":0.4609098322069501,
         "UB":0.5939533609926464
        },
       "Lineage dN/dS":0.4609098322069501,
       "Nucleotide GTR":0.08822197727495468,
       "Standard MG94":0.08643973747743444,
       "dN":0.08480356799288835,
       "dS":0.09119487454912982,
       "nonsynonymous":0.06309392084803479,
       "original name":"ajXP_053518882.1",
       "synonymous":0.02334581662939962
      },
     "drXP_053779719_1":{
       "Confidence Intervals":{
         "LB":0.3938689416754587,
         "MLE":0.5190683515519009,
         "UB":0.6710380341506629
        },
       "Lineage dN/dS":0.5190683515519009,
       "Nucleotide GTR":0.09094321926923411,
       "Standard MG94":0.08927734374179928,
       "dN":0.09337371421039005,
       "dS":0.07737221822847375,
       "nonsynonymous":0.06947011633014567,
       "original name":"drXP_053779719.1",
       "synonymous":0.01980722741165364
      },
     "mbXP_014393715_1":{
       "Confidence Intervals":{
         "LB":0.347498124121887,
         "MLE":0.4510218611752196,
         "UB":0.5730909045718647
        },
       "Lineage dN/dS":0.4510218611752196,
       "Nucleotide GTR":0.1009228639636435,
       "Standard MG94":0.1003938857993012,
       "dN":0.0839356698849749,
       "dS":0.1482257720234183,
       "nonsynonymous":0.06244820397761441,
       "original name":"mbXP_014393715.1",
       "synonymous":0.03794568182168671
      },
     "mdXP_059567211_1":{
       "Confidence Intervals":{
         "LB":0.2932424070136159,
         "MLE":0.4189631293017494,
         "UB":0.5768382417628402
        },
       "Lineage dN/dS":0.4189631293017494,
       "Nucleotide GTR":0.01282523469154196,
       "Standard MG94":0.01422279723392281,
       "dN":0.006099126650637374,
       "dS":0.03783231172107204,
       "nonsynonymous":0.004537754993630986,
       "original name":"mdXP_059567211.1",
       "synonymous":0.009685042240291798
      },
     "mlXP_023599618_1":{
       "Confidence Intervals":{
         "LB":0.3588483862931225,
         "MLE":0.4748724140877383,
         "UB":0.6138574087122021
        },
       "Lineage dN/dS":0.4748724140877383,
       "Nucleotide GTR":0.06892466458400139,
       "Standard MG94":0.06949123452293758,
       "dN":0.06061858227905322,
       "dS":0.09527748589093803,
       "nonsynonymous":0.04510027257998633,
       "original name":"mlXP_023599618.1",
       "synonymous":0.02439096194295136
      },
     "mmXP_036182321_1":{
       "Confidence Intervals":{
         "LB":0.329955215477075,
         "MLE":0.4716536827634467,
         "UB":0.6489090077599099
        },
       "Lineage dN/dS":0.4716536827634467,
       "Nucleotide GTR":0.01089682838130273,
       "Standard MG94":0.009689588635864938,
       "dN":0.005966428270498996,
       "dS":0.02051006783709533,
       "nonsynonymous":0.004439027295124063,
       "original name":"mmXP_036182321.1",
       "synonymous":0.00525056134074087
      },
     "moXP_036116121_1":{
       "Confidence Intervals":{
         "LB":0.1771590465053653,
         "MLE":0.2599831424213576,
         "UB":0.3646955833720842
        },
       "Lineage dN/dS":0.2599831424213576,
       "Nucleotide GTR":0.06764935550511891,
       "Standard MG94":0.07264974400810043,
       "dN":0.04142201913087479,
       "dS":0.1634056917451391,
       "nonsynonymous":0.03081801459849383,
       "original name":"moXP_036116121.1",
       "synonymous":0.0418317294096066
      },
     "paXP_006911365_1":{
       "Confidence Intervals":{
         "LB":0.1562985541079495,
         "MLE":0.2308654755258086,
         "UB":0.3261673344972862
        },
       "Lineage dN/dS":0.2308654755258086,
       "Nucleotide GTR":0.01022166837641195,
       "Standard MG94":0.01051835157227913,
       "dN":0.008308586051960306,
       "dS":0.01694050896163882,
       "nonsynonymous":0.006181594514577862,