{
 "analysis":{
   "authors":"Sergei L Kosakovsky Pond",
   "contact":"spond@temple.edu",
   "info":"Fit an MG94xREV model with several selectable options frequency estimator and \nreport the fit results including dN/dS ratios, and synonymous and non-synonymous branch lengths. v0.2 adds LRT test for dN/dS != 1. \nv0.3 adds LRT test support for dN/dS != 1 for local models. v0.4 adds the lineage option",
   "requirements":"in-frame codon alignment and a phylogenetic tree",
   "version":"0.4"
  },
 "branch attributes":{
   "0":{
     "AjPh":{
       "Nucleotide GTR":0.0007524860967432349,
       "Standard MG94":0.0002814305889614948,
       "dN":1.326241564120341e-10,
       "dS":0.00114407538935757,
       "nonsynonymous":1e-10,
       "synonymous":0.0002814305889614948
      },
     "MolossusPhyllostomus":{
       "Nucleotide GTR":0.002862492791212794,
       "Standard MG94":0.002597022515584956,
       "dN":1.326241564120341e-10,
       "dS":0.01055745061918181,
       "nonsynonymous":1e-10,
       "synonymous":0.002597022515584956
      },
     "Myodm":{
       "Nucleotide GTR":0.00117332063124868,
       "Standard MG94":0.001170950779079587,
       "dN":1.326241564120341e-10,
       "dS":0.004760164747682493,
       "nonsynonymous":1e-10,
       "synonymous":0.001170950779079588
      },
     "Myotis":{
       "Nucleotide GTR":0.00453754492847046,
       "Standard MG94":0.004538156488811636,
       "dN":1.326241564120341e-10,
       "dS":0.01844857437516545,
       "nonsynonymous":1e-10,
       "synonymous":0.004538156488811636
      },
     "Phyllostomidae":{
       "Nucleotide GTR":0.01019335139445317,
       "Standard MG94":0.01036893270232102,
       "dN":0.002000850784487099,
       "dS":0.03601888917061204,
       "nonsynonymous":0.001508662402549725,
       "synonymous":0.008860270299771293
      },
     "Phyllostomus":{
       "Nucleotide GTR":0.01688674771911324,
       "Standard MG94":0.01702783427395538,
       "dN":0.006016081277726944,
       "dS":0.05078120664365904,
       "nonsynonymous":0.004536188157937308,
       "synonymous":0.01249164611601806
      },
     "Pipistrellus":{
       "Nucleotide GTR":0.01377127819495307,
       "Standard MG94":0.01410698218804707,
       "dN":0.004002803101124516,
       "dS":0.04507844688834321,
       "nonsynonymous":0.003018155371852988,
       "synonymous":0.01108882681619407
      },
     "Pteropodidae":{
       "Nucleotide GTR":0.04035305098155368,
       "Standard MG94":0.04111875051486987,
       "dN":0.02350840121656675,
       "dS":0.09509822840815019,
       "nonsynonymous":0.01772558020541244,
       "synonymous":0.02339317030945744
      },
     "Pteropus":{
       "Nucleotide GTR":0.00748532284755689,
       "Standard MG94":0.007456800719928373,
       "dN":0.002002104381678752,
       "dS":0.02417660879514204,
       "nonsynonymous":0.001509607627933673,
       "synonymous":0.005947193091994694
      },
     "Vespertilionidae":{
       "Nucleotide GTR":0.01479542031204349,
       "Standard MG94":0.01568474916563423,
       "dN":0.001999067530110847,
       "dS":0.05763428331657744,
       "nonsynonymous":0.001507317810113102,
       "synonymous":0.01417743135552112
      },
     "Yangochiroptera":{
       "Nucleotide GTR":0.01729806397579323,
       "Standard MG94":0.01880572974325264,
       "dN":0.001962929066704145,
       "dS":0.07043250734886658,
       "nonsynonymous":0.001480069031018569,
       "synonymous":0.01732566071223406
      },
     "YangochiropteraAfterSaccopteryx":{
       "Nucleotide GTR":0.004743720155775939,
       "Standard MG94":0.005004526042143687,
       "dN":1.326241564120341e-10,
       "dS":0.02034446611274016,
       "nonsynonymous":1e-10,
       "synonymous":0.005004526042143687
      },
     "ajXP_037023071_1":{
       "Confidence Intervals":{
         "LB":0.01056577296009693,
         "MLE":0.04351923403815818,
         "UB":0.1127055833359807
        },
       "Lineage dN/dS":0.04351923403815818,
       "Nucleotide GTR":0.0126209665152132,
       "Standard MG94":0.01353563348359165,
       "dN":0.002000810657476343,
       "dS":0.04889232648258807,
       "nonsynonymous":0.001508632146364245,
       "original name":"ajXP_037023071.1",
       "synonymous":0.0120270013372274
      },
     "drXP_045040562_2":{
       "Confidence Intervals":{
         "LB":0.2127202288635364,
         "MLE":0.2944830893285353,
         "UB":0.3955089271448337
        },
       "Lineage dN/dS":0.2944830893285353,
       "Nucleotide GTR":0.1230569337056783,
       "Standard MG94":0.1264922688876719,
       "dN":0.08924496807866619,
       "dS":0.240663192845314,
       "nonsynonymous":0.06729163863738495,
       "original name":"drXP_045040562.2",
       "synonymous":0.05920063025028691
      },
     "mbXP_014405549_1":{
       "Confidence Intervals":{
         "LB":0.01807587055540854,
         "MLE":0.05856032214184849,
         "UB":0.1363247719028104
        },
       "Lineage dN/dS":0.05856032214184849,
       "Nucleotide GTR":0.00302114221727423,
       "Standard MG94":0.003014173034699235,
       "dN":0.003997521560068866,
       "dS":4.065213357152522e-10,
       "nonsynonymous":0.003014173034699233,
       "original name":"mbXP_014405549.1",
       "synonymous":1e-10
      },
     "mdXP_059539407_1":{
       "Confidence Intervals":{
         "LB":0.003704304330051614,
         "MLE":0.02476949554039629,
         "UB":0.0774509307121897
        },
       "Lineage dN/dS":0.02476949554039629,
       "Nucleotide GTR":0.004882162419323576,
       "Standard MG94":0.004952529489863786,
       "dN":1.326241564120341e-10,
       "dS":0.02013308903388603,
       "nonsynonymous":1e-10,
       "original name":"mdXP_059539407.1",
       "synonymous":0.004952529489863786
      },
     "mlXP_006093600_1":{
       "Confidence Intervals":{
         "LB":0.004162230316378027,
         "MLE":0.0275816652188854,
         "UB":0.08596273538207962
        },
       "Lineage dN/dS":0.0275816652188854,
       "Nucleotide GTR":0.001509627528285731,
       "Standard MG94":0.001513391217056016,
       "dN":1.326241564120341e-10,
       "dS":0.006152258190173428,
       "nonsynonymous":1e-10,
       "original name":"mlXP_006093600.1",
       "synonymous":0.001513391217056016
      },
     "mmXP_036152694_1":{
       "Confidence Intervals":{
         "LB":0.2957975350289579,
         "MLE":0.3928941492279984,
         "UB":0.5080817498266795
        },
       "Lineage dN/dS":0.3928941492279984,
       "Nucleotide GTR":0.1393705892359089,
       "Standard MG94":0.1390623727602447,
       "dN":0.1256218939270792,
       "dS":0.1802603080061901,
       "nonsynonymous":0.09472022090515665,
       "original name":"mmXP_036152694.1",
       "synonymous":0.04434215185508821
      },
     "moXP_036107151_1":{
       "Confidence Intervals":{
         "LB":0.08437586303478993,
         "MLE":0.1575832819711243,
         "UB":0.263335237785166
        },
       "Lineage dN/dS":0.1575832819711243,
       "Nucleotide GTR":0.04121060492048879,
       "Standard MG94":0.04154315048319705,
       "dN":0.0229497824808654,
       "dS":0.09853579043839623,
       "nonsynonymous":0.01730437584052597,
       "original name":"moXP_036107151.1",
       "synonymous":0.02423877464267106
      },
     "paXP_006909034_1":{
       "Confidence Intervals":{
         "LB":0.1368692268053526,
         "MLE":0.2567612618185838,
         "UB":0.4302123692175958
        },
       "Lineage dN/dS":0.2567612618185838,
       "Nucleotide GTR":0,
       "Standard MG94":0,
       "dN":1.326241564120341e-10,
       "dS":4.065213357152522e-10,
       "nonsynonymous":1e-10,
       "original name":"paXP_006909034.1",
       "synonymous":1e-10
      },
     "pdXP_028388006_1":{
       "Confidence Intervals":{
         "LB":0.03923235281832881,
         "MLE":0.09130242322947887,
         "UB":0.1761275966076152
        },
       "Lineage dN/dS":0.09130242322947887,
       "Nucleotide GTR":0.007427579993229069,