{
 "analysis":{
   "authors":"Sergei L Kosakovsky Pond",
   "contact":"spond@temple.edu",
   "info":"Fit an MG94xREV model with several selectable options frequency estimator and \nreport the fit results including dN/dS ratios, and synonymous and non-synonymous branch lengths. v0.2 adds LRT test for dN/dS != 1. \nv0.3 adds LRT test support for dN/dS != 1 for local models. v0.4 adds the lineage option",
   "requirements":"in-frame codon alignment and a phylogenetic tree",
   "version":"0.4"
  },
 "branch attributes":{
   "0":{
     "AjPh":{
       "Nucleotide GTR":0.02287445419544074,
       "Standard MG94":0.03386922625478385,
       "dN":1.332208603729061e-10,
       "dS":0.1358209092473369,
       "nonsynonymous":1e-10,
       "synonymous":0.03386922625478385
      },
     "Myobl":{
       "Nucleotide GTR":0.05976557206227958,
       "Standard MG94":0.06525970520798875,
       "dN":0.044856055543419,
       "dS":0.1266778907562788,
       "nonsynonymous":0.03367044426665605,
       "synonymous":0.03158926094133273
      },
     "Myodm":{
       "Nucleotide GTR":0.003452973897373817,
       "Standard MG94":0.005644887960296681,
       "dN":1.332208603729061e-10,
       "dS":0.02263688605105199,
       "nonsynonymous":1e-10,
       "synonymous":0.005644887960296679
      },
     "Myotis":{
       "Nucleotide GTR":0.01744205253337193,
       "Standard MG94":0.006632677727347428,
       "dN":0.008836110334134353,
       "dS":4.010156837526011e-10,
       "nonsynonymous":0.006632677727347426,
       "synonymous":1e-10
      },
     "Phyllostomidae":{
       "Nucleotide GTR":0.05470627617564097,
       "Standard MG94":0.1193779050916935,
       "dN":0.01288760778411153,
       "dS":0.4399304016622893,
       "nonsynonymous":0.009673866200861563,
       "synonymous":0.109704038890832
      },
     "Phyllostomus":{
       "Nucleotide GTR":0.03006626337254756,
       "Standard MG94":0.04862607309116074,
       "dN":0.006688211575508001,
       "dS":0.1748656136837219,
       "nonsynonymous":0.005020393620628669,
       "synonymous":0.04360567947053211
      },
     "Pipistrellus":{
       "Nucleotide GTR":0.05081611502924572,
       "Standard MG94":0.09740143023895115,
       "dN":0.0149481537443627,
       "dS":0.3455987242555598,
       "nonsynonymous":0.01122058039748466,
       "synonymous":0.08618084984146664
      },
     "Pteropodidae":{
       "Nucleotide GTR":0.06569839693040821,
       "Standard MG94":0.1048461196196274,
       "dN":0.008635351707158446,
       "dS":0.3944556204949739,
       "nonsynonymous":0.006481981637850668,
       "synonymous":0.09836413798177672
      },
     "Pteropus":{
       "Nucleotide GTR":0.01957557101726843,
       "Standard MG94":0.01675786415000387,
       "dN":0.004006058372929076,
       "dS":0.05514279950066923,
       "nonsynonymous":0.003007080393952938,
       "synonymous":0.01375078375605093
      },
     "Pteropusgv":{
       "Nucleotide GTR":0.001576935871942804,
       "Standard MG94":0.002906099339222742,
       "dN":1.332208603729061e-10,
       "dS":0.0116539141357139,
       "nonsynonymous":1e-10,
       "synonymous":0.002906099339222743
      },
     "Vespertilionidae":{
       "Nucleotide GTR":0.06204493175406915,
       "Standard MG94":0.1248424373906894,
       "dN":0.0225426816900326,
       "dS":0.4327807464902623,
       "nonsynonymous":0.01692128517030449,
       "synonymous":0.107921152220385
      },
     "Yangochiroptera":{
       "Nucleotide GTR":0.02439556203642104,
       "Standard MG94":0.01253318113892637,
       "dN":0.01099844141600911,
       "dS":0.01715298840968857,
       "nonsynonymous":0.008255795214970652,
       "synonymous":0.004277385923955726
      },
     "YangochiropteraAfterSaccopteryx":{
       "Nucleotide GTR":0.01770770713220575,
       "Standard MG94":0.01287353392312431,
       "dN":0.007065149482478151,
       "dS":0.03035768206211501,
       "nonsynonymous":0.005303335725877833,
       "synonymous":0.007570198197246469
      },
     "ajXP_037000920_1":{
       "Confidence Intervals":{
         "LB":0.02451314109774418,
         "MLE":0.03809636826036007,
         "UB":0.055893596941955
        },
       "Lineage dN/dS":0.03809636826036007,
       "Nucleotide GTR":0.04129626537323822,
       "Standard MG94":0.05234295283029533,
       "dN":0.01623970122582322,
       "dS":0.161019402504419,
       "nonsynonymous":0.01219005880938297,
       "original name":"ajXP_037000920.1",
       "synonymous":0.04015289402091238
      },
     "drXP_024407330_2":{
       "Confidence Intervals":{
         "LB":0.02786286396549564,
         "MLE":0.04538043036812705,
         "UB":0.06862800304370548
        },
       "Lineage dN/dS":0.04538043036812705,
       "Nucleotide GTR":0.0156086200403807,
       "Standard MG94":0.0142653818525256,
       "dN":0.008496060217751565,
       "dS":0.03163194481932746,
       "nonsynonymous":0.006377424822186077,
       "original name":"drXP_024407330.2",
       "synonymous":0.007887957030339537
      },
     "mbXP_014383900_1":{
       "Confidence Intervals":{
         "LB":0.09708318100613283,
         "MLE":0.1246135420844705,
         "UB":0.1573275454710452
        },
       "Lineage dN/dS":0.1246135420844705,
       "Nucleotide GTR":0.06370996263051069,
       "Standard MG94":0.06066606539541075,
       "dN":0.0486485404266139,
       "dS":0.09684070035037373,
       "nonsynonymous":0.0365172093097425,
       "original name":"mbXP_014383900.1",
       "synonymous":0.02414885608566815
      },
     "mdXP_059524129_1":{
       "Confidence Intervals":{
         "LB":0.03906183315567182,
         "MLE":0.05960184100483804,
         "UB":0.08613145429238228
        },
       "Lineage dN/dS":0.05960184100483804,
       "Nucleotide GTR":0.006817775247989798,
       "Standard MG94":0.004299502424602764,
       "dN":0.001867805270371212,
       "dS":0.01161929224020544,
       "nonsynonymous":0.001402036636862225,
       "original name":"mdXP_059524129.1",
       "synonymous":0.002897465787740546
      },
     "mlXP_014306449_1":{
       "Confidence Intervals":{
         "LB":0.09024878816141951,
         "MLE":0.1158158777124779,
         "UB":0.1457927234984923
        },
       "Lineage dN/dS":0.1158158777124779,
       "Nucleotide GTR":0.07524842286870587,
       "Standard MG94":0.07887943838733867,
       "dN":0.05310329008825226,
       "dS":0.1564696874349178,
       "nonsynonymous":0.03986109227909791,
       "original name":"mlXP_014306449.1",
       "synonymous":0.03901834610824068
      },
     "mmXP_036202361_1":{
       "Confidence Intervals":{
         "LB":0.03374020478311074,
         "MLE":0.05192621875482354,
         "UB":0.07578871915759666
        },
       "Lineage dN/dS":0.05192621875482354,
       "Nucleotide GTR":0.008729891758752087,
       "Standard MG94":0.01349417809210499,
       "dN":1.332208603729061e-10,
       "dS":0.05411377054284851,
       "nonsynonymous":1e-10,
       "original name":"mmXP_036202361.1",
       "synonymous":0.01349417809210499
      },
     "moXP_036130709_1":{
       "Confidence Intervals":{
         "LB":0.04537111343844428,
         "MLE":0.08469157376396463,
         "UB":0.1410561387592512
        },
       "Lineage dN/dS":0.08469157376396463,
       "Nucleotide GTR":0.07866396825835217,
       "Standard MG94":0.0393349177891811,
       "dN":0.009136466583359511,
       "dS":0.1302369921690806,
       "nonsynonymous":0.006858135098200921,
       "original name":"moXP_036130709.1",
       "synonymous":0.03247678269098018
      },
     "paXP_006908795_1":{
       "Confidence Intervals":{
         "LB":0.01068364453873016,
         "MLE":0.02362064342818108,
         "UB":0.04355880177983959
        },
       "Lineage dN/dS":0.02362064342818108,
       "Nucleotide GTR":0.008317937285677836,
       "Standard MG94":0.007249411256710677,
       "dN":0.003721843805063174,
       "dS":0.01786794254112163,
       "nonsynonymous":0.002793739504943258,
       "original name":"paXP_006908795.1",