{
 "analysis":{
   "authors":"Sergei L Kosakovsky Pond",
   "contact":"spond@temple.edu",
   "info":"Fit an MG94xREV model with several selectable options frequency estimator and \nreport the fit results including dN/dS ratios, and synonymous and non-synonymous branch lengths. v0.2 adds LRT test for dN/dS != 1. \nv0.3 adds LRT test support for dN/dS != 1 for local models. v0.4 adds the lineage option",
   "requirements":"in-frame codon alignment and a phylogenetic tree",
   "version":"0.4"
  },
 "branch attributes":{
   "0":{
     "AjPh":{
       "Nucleotide GTR":0.01484214783478916,
       "Standard MG94":0.01595740646455095,
       "dN":0.004397212386186061,
       "dS":0.05332221772014244,
       "nonsynonymous":0.003358221623872939,
       "synonymous":0.01259918484067801
      },
     "MolossusPhyllostomus":{
       "Nucleotide GTR":0.01362808090155634,
       "Standard MG94":0.01419621199879351,
       "dN":0.01027937090581541,
       "dS":0.02685620950101294,
       "nonsynonymous":0.007850520426115032,
       "synonymous":0.006345691572678481
      },
     "Myobl":{
       "Nucleotide GTR":0.003645029760663831,
       "Standard MG94":0.003713067173767568,
       "dN":0.004861842604777822,
       "dS":4.232195843971202e-10,
       "nonsynonymous":0.003713067173767568,
       "synonymous":1e-10
      },
     "Myodm":{
       "Nucleotide GTR":0.004785154658246043,
       "Standard MG94":0.005174604304833074,
       "dN":0.003442570994570435,
       "dS":0.01077287517188365,
       "nonsynonymous":0.002629146682112304,
       "synonymous":0.002545457622720769
      },
     "Myotis":{
       "Nucleotide GTR":0.01368641670483972,
       "Standard MG94":0.01249435641601558,
       "dN":0.004949824028923253,
       "dS":0.03687976264228158,
       "nonsynonymous":0.003780259998474539,
       "synonymous":0.008714096417541051
      },
     "Phyllostomidae":{
       "Nucleotide GTR":0.04412094166882202,
       "Standard MG94":0.04505071409748477,
       "dN":0.03463705282591217,
       "dS":0.0787097067799858,
       "nonsynonymous":0.0264528727683534,
       "synonymous":0.01859784132913141
      },
     "Phyllostomus":{
       "Nucleotide GTR":0.0536603284319603,
       "Standard MG94":0.05513614941578404,
       "dN":0.04210801188807222,
       "dS":0.09724564138753937,
       "nonsynonymous":0.03215856402685014,
       "synonymous":0.02297758538893388
      },
     "Pipistrellus":{
       "Nucleotide GTR":0.02682267101972835,
       "Standard MG94":0.0276817772406832,
       "dN":0.01792884003901644,
       "dS":0.05920518033042257,
       "nonsynonymous":0.01369254268889352,
       "synonymous":0.01398923455178967
      },
     "Pteropodidae":{
       "Nucleotide GTR":0.05142886473352649,
       "Standard MG94":0.05533132350802431,
       "dN":0.02784863936219608,
       "dS":0.1441607409853434,
       "nonsynonymous":0.0212684525303729,
       "synonymous":0.03406287097765137
      },
     "Pteropus":{
       "Nucleotide GTR":0.03894868945792617,
       "Standard MG94":0.03899023235702625,
       "dN":0.02931890082487231,
       "dS":0.07024986994092174,
       "nonsynonymous":0.02239131479015765,
       "synonymous":0.01659891756686857
      },
     "Pteropusgv":{
       "Nucleotide GTR":0.01274142328345858,
       "Standard MG94":0.01253496543136011,
       "dN":0.01479892874600066,
       "dS":0.005217392614875634,
       "nonsynonymous":0.01130217923544059,
       "synonymous":0.001232786195919514
      },
     "Vespertilionidae":{
       "Nucleotide GTR":0.02217224678980617,
       "Standard MG94":0.0225732541445404,
       "dN":0.02091134003970544,
       "dS":0.02794488600722514,
       "nonsynonymous":0.01597032577414544,
       "synonymous":0.006602928370394972
      },
     "Yangochiroptera":{
       "Nucleotide GTR":0.01187144034848701,
       "Standard MG94":0.009114969971846194,
       "dN":0.01045648645205394,
       "dS":0.004778925979899831,
       "nonsynonymous":0.007985786409439111,
       "synonymous":0.001129183562407078
      },
     "YangochiropteraAfterSaccopteryx":{
       "Nucleotide GTR":0.007709411725753929,
       "Standard MG94":0.007794966343747294,
       "dN":0.00307808103946861,
       "dS":0.02304086342072573,
       "nonsynonymous":0.00235077985754118,
       "synonymous":0.005444186486206123
      },
     "ajXP_036988173_2":{
       "Confidence Intervals":{
         "LB":0.3935619149312204,
         "MLE":0.5336305658194372,
         "UB":0.7029886128288776
        },
       "Lineage dN/dS":0.5336305658194372,
       "Nucleotide GTR":0.04307000354423205,
       "Standard MG94":0.04144989896062733,
       "dN":0.04063178298192049,
       "dS":0.04409421002689008,
       "nonsynonymous":0.03103114433477451,
       "original name":"ajXP_036988173.2",
       "synonymous":0.01041875462585283
      },
     "drXP_024419668_2":{
       "Confidence Intervals":{
         "LB":0.2908860416910424,
         "MLE":0.4167450898729342,
         "UB":0.5713787955427908
        },
       "Lineage dN/dS":0.4167450898729342,
       "Nucleotide GTR":0.0348707945569283,
       "Standard MG94":0.03532079177267847,
       "dN":0.02104549222375624,
       "dS":0.08146135564614908,
       "nonsynonymous":0.01607277994870032,
       "original name":"drXP_024419668.2",
       "synonymous":0.0192480118239782
      },
     "mbXP_005882353_1":{
       "Confidence Intervals":{
         "LB":0.3598787653312915,
         "MLE":0.5429407790633165,
         "UB":0.7763295440432674
        },
       "Lineage dN/dS":0.5429407790633165,
       "Nucleotide GTR":0.002075185903543888,
       "Standard MG94":0.001286044967211313,
       "dN":0.001683930809930308,
       "dS":4.232195843971202e-10,
       "nonsynonymous":0.001286044967211313,
       "original name":"mbXP_005882353.1",
       "synonymous":1e-10
      },
     "mdXP_059559054_1":{
       "Confidence Intervals":{
         "LB":0.2973398715593875,
         "MLE":0.4522735309859784,
         "UB":0.6518080387652432
        },
       "Lineage dN/dS":0.4522735309859784,
       "Nucleotide GTR":0.002646895687184122,
       "Standard MG94":0.002515967479059276,
       "dN":0.001659971175259227,
       "dS":0.005282715174656491,
       "nonsynonymous":0.001267746609937216,
       "original name":"mdXP_059559054.1",
       "synonymous":0.001248220869122057
      },
     "mlXP_006082553_1":{
       "Confidence Intervals":{
         "LB":0.2834780687836358,
         "MLE":0.4194686209382216,
         "UB":0.5892756914125404
        },
       "Lineage dN/dS":0.4194686209382216,
       "Nucleotide GTR":0.01456562431218471,
       "Standard MG94":0.01537420752190261,
       "dN":0.006698042173529668,
       "dS":0.04341727310252053,
       "nonsynonymous":0.005115402234248246,
       "original name":"mlXP_006082553.1",
       "synonymous":0.01025880528765435
      },
     "mmXP_036175349_1":{
       "Confidence Intervals":{
         "LB":0.2698754491039296,
         "MLE":0.4119702339228301,
         "UB":0.5925783860630194
        },
       "Lineage dN/dS":0.4119702339228301,
       "Nucleotide GTR":0.004925271726477118,
       "Standard MG94":0.005078793316176836,
       "dN":0.001658659166458964,
       "dS":0.01613333670071894,
       "nonsynonymous":0.001266744607773846,
       "original name":"mmXP_036175349.1",
       "synonymous":0.003812048708402994
      },
     "moXP_036110717_1":{
       "Confidence Intervals":{
         "LB":0.3576825382297235,
         "MLE":0.5013407886598943,
         "UB":0.6796394897226447
        },
       "Lineage dN/dS":0.5013407886598943,
       "Nucleotide GTR":0.07296565587260319,
       "Standard MG94":0.07267473211442517,
       "dN":0.05585893327377262,
       "dS":0.1270266872402386,
       "nonsynonymous":0.0426603632327987,
       "original name":"moXP_036110717.1",
       "synonymous":0.03001436888162657
      },
     "paXP_006906806_1":{
       "Confidence Intervals":{
         "LB":0.294311838563928,
         "MLE":0.4214597565338196,