{
 "analysis":{
   "authors":"Sergei L Kosakovsky Pond",
   "contact":"spond@temple.edu",
   "info":"Fit an MG94xREV model with several selectable options frequency estimator and \nreport the fit results including dN/dS ratios, and synonymous and non-synonymous branch lengths. v0.2 adds LRT test for dN/dS != 1. \nv0.3 adds LRT test support for dN/dS != 1 for local models. v0.4 adds the lineage option",
   "requirements":"in-frame codon alignment and a phylogenetic tree",
   "version":"0.4"
  },
 "branch attributes":{
   "0":{
     "AjPh":{
       "Nucleotide GTR":0.009826864394161862,
       "Standard MG94":0.009652771329299046,
       "dN":0.009632539451608937,
       "dS":0.009716239606325372,
       "nonsynonymous":0.007304176252157658,
       "synonymous":0.002348595077141391
      },
     "MolossusPhyllostomus":{
       "Nucleotide GTR":0.01362777714290721,
       "Standard MG94":0.01364019313633526,
       "dN":0.0110452342357715,
       "dS":0.02178069165533347,
       "nonsynonymous":0.008375396541040428,
       "synonymous":0.005264796595294848
      },
     "Myobl":{
       "Nucleotide GTR":6.966047087337434e-05,
       "Standard MG94":0.00100925459784056,
       "dN":0.0004819910283416179,
       "dS":0.002663303263387957,
       "nonsynonymous":0.0003654848693485343,
       "synonymous":0.0006437697284920263
      },
     "Myotis":{
       "Nucleotide GTR":0.008688209217806388,
       "Standard MG94":0.008944449127571304,
       "dN":0.009764789431463878,
       "dS":0.00637100604627195,
       "nonsynonymous":0.007404458962346137,
       "synonymous":0.001539990165225169
      },
     "Phyllostomidae":{
       "Nucleotide GTR":0.05897694781905691,
       "Standard MG94":0.06137866287045491,
       "dN":0.05366243896289774,
       "dS":0.08558479163730422,
       "nonsynonymous":0.04069123352930445,
       "synonymous":0.02068742934115053
      },
     "Phyllostomus":{
       "Nucleotide GTR":0.02634500965614781,
       "Standard MG94":0.02816191149721047,
       "dN":0.0170570533105603,
       "dS":0.06299833283801511,
       "nonsynonymous":0.01293404759447641,
       "synonymous":0.01522786390273406
      },
     "Pipistrellus":{
       "Nucleotide GTR":0.0634641962306373,
       "Standard MG94":0.05509911532419808,
       "dN":0.05563640425394844,
       "dS":0.05341361666911057,
       "nonsynonymous":0.04218805484770224,
       "synonymous":0.01291106047649578
      },
     "Pteropodidae":{
       "Nucleotide GTR":0.01776438743919453,
       "Standard MG94":0.01702247196224582,
       "dN":0.02244875083508604,
       "dS":4.137043333221817e-10,
       "nonsynonymous":0.01702247196224582,
       "synonymous":1e-10
      },
     "Pteropus":{
       "Nucleotide GTR":0.9240603648481578,
       "Standard MG94":877.2998645857666,
       "dN":0.6147485520863633,
       "dS":3627.499063174021,
       "nonsynonymous":0.4661524406679185,
       "synonymous":876.8337121450991
      },
     "Pteropusgv":{
       "Nucleotide GTR":0.004637885607896877,
       "Standard MG94":0.00251738779294357,
       "dN":0.003319859268643,
       "dS":4.137043333221817e-10,
       "nonsynonymous":0.00251738779294357,
       "synonymous":1e-10
      },
     "Vespertilionidae":{
       "Nucleotide GTR":0.03715943298029286,
       "Standard MG94":0.03658628648428874,
       "dN":0.02657714705769717,
       "dS":0.06798539059376561,
       "nonsynonymous":0.02015295835165342,
       "synonymous":0.01643332813263535
      },
     "Yangochiroptera":{
       "Nucleotide GTR":0.03759139396895153,
       "Standard MG94":0.04140805114475243,
       "dN":0.02829022426767834,
       "dS":0.08255924249583552,
       "nonsynonymous":0.02145195307034798,
       "synonymous":0.01995609807440441
      },
     "YangochiropteraAfterSaccopteryx":{
       "Nucleotide GTR":0.008338151547432161,
       "Standard MG94":0.009197879778235694,
       "dN":0.007624370884306649,
       "dS":0.01413404536370104,
       "nonsynonymous":0.005781419222891733,
       "synonymous":0.003416460555343962
      },
     "ajXP_037001721_2":{
       "Confidence Intervals":{
         "LB":0.3849840952779081,
         "MLE":0.4674389653176438,
         "UB":0.5604380311449771
        },
       "Lineage dN/dS":0.4674389653176438,
       "Nucleotide GTR":0.03534270681945505,
       "Standard MG94":0.03547466307402409,
       "dN":0.02206084302770481,
       "dS":0.07755439782336714,
       "nonsynonymous":0.01672832865674113,
       "original name":"ajXP_037001721.2",
       "synonymous":0.01874633441728295
      },
     "drXP_024412594_2":{
       "Confidence Intervals":{
         "LB":0.4329489403953025,
         "MLE":0.5309581404142766,
         "UB":0.6421338392377104
        },
       "Lineage dN/dS":0.5309581404142766,
       "Nucleotide GTR":0.0276635674554688,
       "Standard MG94":0.02761219528618522,
       "dN":0.0219402754022904,
       "dS":0.04540525374452564,
       "nonsynonymous":0.01663690445954422,
       "original name":"drXP_024412594.2",
       "synonymous":0.01097529082664098
      },
     "mbXP_005865912_2":{
       "Confidence Intervals":{
         "LB":0.3718621136298721,
         "MLE":0.4634902100711233,
         "UB":0.5685511063472277
        },
       "Lineage dN/dS":0.4634902100711233,
       "Nucleotide GTR":0.01441443908993036,
       "Standard MG94":0.01545447228390013,
       "dN":0.01182246124945283,
       "dS":0.02684824828570111,
       "nonsynonymous":0.008964753389708027,
       "original name":"mbXP_005865912.2",
       "synonymous":0.006489718894192103
      },
     "mdXP_059551453_1":{
       "Confidence Intervals":{
         "LB":0.3655058435411011,
         "MLE":0.4650330565852475,
         "UB":0.5805442955843479
        },
       "Lineage dN/dS":0.4650330565852475,
       "Nucleotide GTR":457.6580689748979,
       "Standard MG94":3463.953491357174,
       "dN":3411.819824574552,
       "dS":3627.499063174021,
       "nonsynonymous":2587.119779212078,
       "original name":"mdXP_059551453.1",
       "synonymous":876.8337121450991
      },
     "mlXP_023603001_1":{
       "Confidence Intervals":{
         "LB":0.3299465705256435,
         "MLE":0.3678937311694161,
         "UB":0.4093641006939639
        },
       "Lineage dN/dS":0.3678937311694161,
       "Nucleotide GTR":101.8969079614585,
       "Standard MG94":0.7158033771534361,
       "dN":0.4643418853691689,
       "dS":1.504648973517285,
       "nonsynonymous":0.3521018511301386,
       "original name":"mlXP_023603001.1",
       "synonymous":0.3637015260232977
      },
     "mmXP_036158646_1":{
       "Confidence Intervals":{
         "LB":0.3518388070484423,
         "MLE":0.4363147685262994,
         "UB":0.5334168221984874
        },
       "Lineage dN/dS":0.4363147685262994,
       "Nucleotide GTR":0.0246528102199387,
       "Standard MG94":0.02419015216581583,
       "dN":0.01695987482086703,
       "dS":0.04687184550813219,
       "nonsynonymous":0.01286035894568302,
       "original name":"mmXP_036158646.1",
       "synonymous":0.01132979322013281
      },
     "moXP_036098046_1":{
       "Confidence Intervals":{
         "LB":0.473406524996605,
         "MLE":0.583840136764046,
         "UB":0.7097699703717083
        },
       "Lineage dN/dS":0.583840136764046,
       "Nucleotide GTR":0.06122061699178415,
       "Standard MG94":0.06391327256113684,
       "dN":0.0583591628060169,
       "dS":0.08133675554041855,
       "nonsynonymous":0.04425267222677311,
       "original name":"moXP_036098046.1",
       "synonymous":0.01966060033436384
      },
     "paXP_024907860_1":{
       "Confidence Intervals":{
         "LB":0.0002179780908150392,
         "MLE":0.0002445497977872435,
         "UB":0.0002745684456243335
        },
       "Lineage dN/dS":0.0002445497977872435,
       "Nucleotide GTR":0.004044101908171142,
       "Standard MG94":0.005787093025605878,
       "dN":0.003894139453224149,
       "dS":0.01172537040994439,
       "nonsynonymous":0.002952853820087815,