{
 "analysis":{
   "authors":"Sergei L Kosakovsky Pond",
   "contact":"spond@temple.edu",
   "info":"Fit an MG94xREV model with several selectable options frequency estimator and \nreport the fit results including dN/dS ratios, and synonymous and non-synonymous branch lengths. v0.2 adds LRT test for dN/dS != 1. \nv0.3 adds LRT test support for dN/dS != 1 for local models. v0.4 adds the lineage option",
   "requirements":"in-frame codon alignment and a phylogenetic tree",
   "version":"0.4"
  },
 "branch attributes":{
   "0":{
     "AjPh":{
       "Nucleotide GTR":0.002992762111577011,
       "Standard MG94":0.002681180752567387,
       "dN":1.318779889213275e-10,
       "dS":0.01109193953407127,
       "nonsynonymous":1e-10,
       "synonymous":0.002681180752567387
      },
     "MolossusPhyllostomus":{
       "Nucleotide GTR":0.002331719772066844,
       "Standard MG94":0.001817021306492718,
       "dN":1.318779889213275e-10,
       "dS":0.007516945824871183,
       "nonsynonymous":1e-10,
       "synonymous":0.001817021306492717
      },
     "Myobl":{
       "Nucleotide GTR":0.08337047127431686,
       "Standard MG94":0.0860185385249852,
       "dN":0.06763292186738139,
       "dS":0.1436934963241676,
       "nonsynonymous":0.05128446560383034,
       "synonymous":0.03473407292115475
      },
     "Myodm":{
       "Nucleotide GTR":0.001036329406189461,
       "Standard MG94":0.001574597216229156,
       "dN":1.318779889213275e-10,
       "dS":0.006514046878863599,
       "nonsynonymous":1e-10,
       "synonymous":0.001574597216229156
      },
     "Myotis":{
       "Nucleotide GTR":0.01135158436516292,
       "Standard MG94":0.01093373054020319,
       "dN":0.00557318392368702,
       "dS":0.0277495548688507,
       "nonsynonymous":0.004226015250362767,
       "synonymous":0.006707715289840406
      },
     "Phyllostomidae":{
       "Nucleotide GTR":0.0143306291213186,
       "Standard MG94":0.01613693857520876,
       "dN":0.001774937117098089,
       "dS":0.06118997342491345,
       "nonsynonymous":0.001345893375851324,
       "synonymous":0.01479104519935744
      },
     "Phyllostomus":{
       "Nucleotide GTR":0.005782101605459067,
       "Standard MG94":0.006180690547274635,
       "dN":0.001774423659250713,
       "dS":0.0200029768241733,
       "nonsynonymous":0.001345504032753529,
       "synonymous":0.00483518651452111
      },
     "Pipistrellus":{
       "Nucleotide GTR":0.03547892457787294,
       "Standard MG94":0.04064159071329845,
       "dN":0.009396300017674268,
       "dS":0.13865684121337,
       "nonsynonymous":0.007124994924876873,
       "synonymous":0.0335165957884216
      },
     "Pteropodidae":{
       "Nucleotide GTR":0.03094392789105158,
       "Standard MG94":0.03361190771955527,
       "dN":0.0113699492256364,
       "dS":0.1033840584935906,
       "nonsynonymous":0.008621567039833465,
       "synonymous":0.02499034067972182
      },
     "Pteropus":{
       "Nucleotide GTR":0.01501381869439362,
       "Standard MG94":0.01480239457024552,
       "dN":0.003711259905140955,
       "dS":0.04959484867541712,
       "nonsynonymous":0.002814161738055413,
       "synonymous":0.0119882328321901
      },
     "Vespertilionidae":{
       "Nucleotide GTR":0.0196306275988343,
       "Standard MG94":0.02237887448301248,
       "dN":0.003775016315456864,
       "dS":0.08073844733269434,
       "nonsynonymous":0.00286250673545596,
       "synonymous":0.01951636774755653
      },
     "Yangochiroptera":{
       "Nucleotide GTR":0.01333691806584927,
       "Standard MG94":0.01375131859324885,
       "dN":0.003736602824052455,
       "dS":0.0451670888725848,
       "nonsynonymous":0.00283337868177649,
       "synonymous":0.01091793991147237
      },
     "YangochiropteraAfterSaccopteryx":{
       "Nucleotide GTR":0.002478004700387164,
       "Standard MG94":0.002732496355873248,
       "dN":1.318779889213275e-10,
       "dS":0.01130423017075362,
       "nonsynonymous":1e-10,
       "synonymous":0.002732496355873248
      },
     "ajXP_037004116_2":{
       "Confidence Intervals":{
         "LB":0.01325912144856532,
         "MLE":0.04324105967836931,
         "UB":0.1008021172016041
        },
       "Lineage dN/dS":0.04324105967836931,
       "Nucleotide GTR":0.01326565970630761,
       "Standard MG94":0.01309142460890238,
       "dN":0.001942336839065198,
       "dS":0.04806567532889705,
       "nonsynonymous":0.001472828676682285,
       "original name":"ajXP_037004116.2",
       "synonymous":0.01161859593222011
      },
     "drXP_024421621_2":{
       "Confidence Intervals":{
         "LB":0.0121048755311492,
         "MLE":0.03950397046076436,
         "UB":0.09213532023748203
        },
       "Lineage dN/dS":0.03950397046076436,
       "Nucleotide GTR":0.01833147528422341,
       "Standard MG94":0.01992483089459849,
       "dN":0.001947630581731075,
       "dS":0.07631860265113501,
       "nonsynonymous":0.001476842798151058,
       "original name":"drXP_024421621.2",
       "synonymous":0.01844798809644744
      },
     "mbXP_014385766_1":{
       "Confidence Intervals":{
         "LB":0.2541340386266198,
         "MLE":0.3286806862435103,
         "UB":0.4159235526744071
        },
       "Lineage dN/dS":0.3286806862435103,
       "Nucleotide GTR":0.07613663654511273,
       "Standard MG94":0.07651542885628536,
       "dN":0.06417549175169997,
       "dS":0.1152253271972359,
       "nonsynonymous":0.04866277706887401,
       "original name":"mbXP_014385766.1",
       "synonymous":0.02785265178741132
      },
     "mdXP_059520391_1":{
       "Confidence Intervals":{
         "LB":0.03194950113005886,
         "MLE":0.07474869783023366,
         "UB":0.1447807149491875
        },
       "Lineage dN/dS":0.07474869783023366,
       "Nucleotide GTR":0.001406164140592141,
       "Standard MG94":0.001463977829531029,
       "dN":1.318779889213275e-10,
       "dS":0.006056418818026312,
       "nonsynonymous":1e-10,
       "original name":"mdXP_059520391.1",
       "synonymous":0.001463977829531029
      },
     "mlXP_006099835_2":{
       "Confidence Intervals":{
         "LB":0.2196443576432204,
         "MLE":0.2909136090290231,
         "UB":0.3759347142607736
        },
       "Lineage dN/dS":0.2909136090290231,
       "Nucleotide GTR":0.04611281682199908,
       "Standard MG94":0.04629668756610642,
       "dN":0.0348415907611266,
       "dS":0.08223087661815157,
       "nonsynonymous":0.02641956481601455,
       "original name":"mlXP_006099835.2",
       "synonymous":0.01987712275009188
      },
     "mmXP_036189063_1":{
       "Confidence Intervals":{
         "LB":0.03313884959143339,
         "MLE":0.07744680533696087,
         "UB":0.1501872745851566
        },
       "Lineage dN/dS":0.07744680533696087,
       "Nucleotide GTR":0,
       "Standard MG94":0,
       "dN":1.318779889213275e-10,
       "dS":4.136960748897698e-10,
       "nonsynonymous":1e-10,
       "original name":"mmXP_036189063.1",
       "synonymous":1e-10
      },
     "moXP_036123050_1":{
       "Confidence Intervals":{
         "LB":0.07147060832497193,
         "MLE":0.1491151149582159,
         "UB":0.2692898125790245
        },
       "Lineage dN/dS":0.1491151149582159,
       "Nucleotide GTR":0.02503143252193022,
       "Standard MG94":0.02367913902483881,
       "dN":0.01313672550285854,
       "dS":0.05675027644193936,
       "nonsynonymous":0.009961272241340685,
       "original name":"moXP_036123050.1",
       "synonymous":0.01371786678349815
      },
     "paXP_006910842_1":{
       "Confidence Intervals":{
         "LB":0.04479276488203888,
         "MLE":0.09829620531073324,
         "UB":0.183494286119
        },
       "Lineage dN/dS":0.09829620531073324,
       "Nucleotide GTR":0.001409410937115316,
       "Standard MG94":0.001369755424958594,
       "dN":1.318779889213275e-10,
       "dS":0.005666624428643385,
       "nonsynonymous":1e-10,
       "original name":"paXP_006910842.1",
       "synonymous":0.001369755424958593
      },