{
 "analysis":{
   "authors":"Sergei L Kosakovsky Pond",
   "contact":"spond@temple.edu",
   "info":"Fit an MG94xREV model with several selectable options frequency estimator and \nreport the fit results including dN/dS ratios, and synonymous and non-synonymous branch lengths. v0.2 adds LRT test for dN/dS != 1. \nv0.3 adds LRT test support for dN/dS != 1 for local models. v0.4 adds the lineage option",
   "requirements":"in-frame codon alignment and a phylogenetic tree",
   "version":"0.4"
  },
 "branch attributes":{
   "0":{
     "AjPh":{
       "Nucleotide GTR":0.005400402367636071,
       "Standard MG94":0.006056824984313953,
       "dN":0.001153570262877004,
       "dS":0.02074739767941867,
       "nonsynonymous":0.0008648952267181282,
       "synonymous":0.005191929757595829
      },
     "MolossusPhyllostomus":{
       "Nucleotide GTR":0.006400374093399543,
       "Standard MG94":0.005495611077965791,
       "dN":0.001169360506799059,
       "dS":0.01845742973182875,
       "nonsynonymous":0.0008767340431616455,
       "synonymous":0.004618877034804143
      },
     "Myotis":{
       "Nucleotide GTR":0.01029592051098573,
       "Standard MG94":0.005761854088361693,
       "dN":0.001556120100148897,
       "dS":0.01836259469846938,
       "nonsynonymous":0.001166709033797638,
       "synonymous":0.00459514505456406
      },
     "Phyllostomidae":{
       "Nucleotide GTR":0.02810850916317148,
       "Standard MG94":0.03225977009825249,
       "dN":0.00873970335578359,
       "dS":0.1027279121597554,
       "nonsynonymous":0.006552637458335369,
       "synonymous":0.02570713263991712
      },
     "Phyllostomus":{
       "Nucleotide GTR":0.01048183042074884,
       "Standard MG94":0.01261097963453759,
       "dN":1.33376879330721e-10,
       "dS":0.05039455882892347,
       "nonsynonymous":1e-10,
       "synonymous":0.01261097963453759
      },
     "Pipistrellus":{
       "Nucleotide GTR":0.02320358337392447,
       "Standard MG94":0.03336088147759571,
       "dN":0.002354744886297239,
       "dS":0.126257932409375,
       "nonsynonymous":0.001765482067141801,
       "synonymous":0.03159539941045387
      },
     "Pteropodidae":{
       "Nucleotide GTR":0.02535546709118285,
       "Standard MG94":0.02945100808764786,
       "dN":0.005972517604312183,
       "dS":0.09979458410233363,
       "nonsynonymous":0.004477925735166393,
       "synonymous":0.02497308235248147
      },
     "Pteropus":{
       "Nucleotide GTR":0.00630657295989533,
       "Standard MG94":0.008449319375799373,
       "dN":0.001157059322181276,
       "dS":0.03029755743712737,
       "nonsynonymous":0.0008675111668434186,
       "synonymous":0.007581808208955963
      },
     "Pteropusgv":{
       "Nucleotide GTR":0.001782450123640905,
       "Standard MG94":0.001837242467685868,
       "dN":1.33376879330721e-10,
       "dS":0.007341778854929288,
       "nonsynonymous":1e-10,
       "synonymous":0.001837242467685867
      },
     "Vespertilionidae":{
       "Nucleotide GTR":0.01962868227728265,
       "Standard MG94":0.0253274636204929,
       "dN":1.33376879330721e-10,
       "dS":0.1012107221166843,
       "nonsynonymous":1e-10,
       "synonymous":0.0253274636204929
      },
     "Yangochiroptera":{
       "Nucleotide GTR":0.009843714749256832,
       "Standard MG94":0.01102796687797651,
       "dN":1.33376879330721e-10,
       "dS":0.04406870375665189,
       "nonsynonymous":1e-10,
       "synonymous":0.01102796687797652
      },
     "YangochiropteraAfterSaccopteryx":{
       "Nucleotide GTR":0.005211833063543407,
       "Standard MG94":0.004834380046637651,
       "dN":0.001635414536094795,
       "dS":0.01441875574229602,
       "nonsynonymous":0.001226160444224838,
       "synonymous":0.003608219602412806
      },
     "ajXP_037003923_1":{
       "Confidence Intervals":{
         "LB":0.02237158523380878,
         "MLE":0.04184621205499987,
         "UB":0.07023400174280656
        },
       "Lineage dN/dS":0.04184621205499987,
       "Nucleotide GTR":0.01975177379226504,
       "Standard MG94":0.02160972444555217,
       "dN":0.002647355933314966,
       "dS":0.07842261076828191,
       "nonsynonymous":0.001984868701831438,
       "original name":"ajXP_037003923.1",
       "synonymous":0.01962485574372074
      },
     "drXP_024425231_1":{
       "Confidence Intervals":{
         "LB":0.02510029742109652,
         "MLE":0.04697820908386752,
         "UB":0.07890264964936257
        },
       "Lineage dN/dS":0.04697820908386752,
       "Nucleotide GTR":0.01975236296610215,
       "Standard MG94":0.02113249912561483,
       "dN":0.0038373257527831,
       "dS":0.07295032547618316,
       "nonsynonymous":0.002877054682969508,
       "original name":"drXP_024425231.1",
       "synonymous":0.01825544444264534
      },
     "mbXP_005863442_1":{
       "Confidence Intervals":{
         "LB":0.1238879953650307,
         "MLE":0.17032702293048,
         "UB":0.2265530014635132
        },
       "Lineage dN/dS":0.17032702293048,
       "Nucleotide GTR":0.05721738009792851,
       "Standard MG94":0.05606620965633097,
       "dN":0.05172085105243998,
       "dS":0.06908527761901899,
       "nonsynonymous":0.03877797359780256,
       "original name":"mbXP_005863442.1",
       "synonymous":0.01728823605852837
      },
     "mdXP_059522145_1":{
       "Confidence Intervals":{
         "LB":0.01095358367700717,
         "MLE":0.0284504888119395,
         "UB":0.05942383543240359
        },
       "Lineage dN/dS":0.0284504888119395,
       "Nucleotide GTR":0.007795413595273049,
       "Standard MG94":0.006848844872627696,
       "dN":0.003525896824617159,
       "dS":0.01680468290974459,
       "nonsynonymous":0.002643559245282949,
       "original name":"mdXP_059522145.1",
       "synonymous":0.004205285627344741
      },
     "mlXP_023604919_1":{
       "Confidence Intervals":{
         "LB":0.1331984380486593,
         "MLE":0.1755654094380313,
         "UB":0.2254371671905379
        },
       "Lineage dN/dS":0.1755654094380313,
       "Nucleotide GTR":0.08684022307749154,
       "Standard MG94":0.08797326258016967,
       "dN":0.07021360683294321,
       "dS":0.1411827180575725,
       "nonsynonymous":0.05264301218117549,
       "original name":"mlXP_023604919.1",
       "synonymous":0.03533025039899417
      },
     "mmXP_036201853_1":{
       "Confidence Intervals":{
         "LB":0.003284504214977348,
         "MLE":0.01345651577007234,
         "UB":0.03634611164903248
        },
       "Lineage dN/dS":0.01345651577007234,
       "Nucleotide GTR":0.001906147729577639,
       "Standard MG94":0.00334970225782744,
       "dN":1.33376879330721e-10,
       "dS":0.01338569820770727,
       "nonsynonymous":1e-10,
       "original name":"mmXP_036201853.1",
       "synonymous":0.00334970225782744
      },
     "moXP_036130990_1":{
       "Confidence Intervals":{
         "LB":0.01258188195244577,
         "MLE":0.03180170507315045,
         "UB":0.06490303972298768
        },
       "Lineage dN/dS":0.03180170507315045,
       "Nucleotide GTR":0.0268260001086022,
       "Standard MG94":0.02753926863892235,
       "dN":0.004311442240314655,
       "dS":0.09713183350530924,
       "nonsynonymous":0.003232525953485545,
       "original name":"moXP_036130990.1",
       "synonymous":0.02430674268543681
      },
     "paXP_024902552_1":{
       "Confidence Intervals":{
         "LB":0.01605075053056257,
         "MLE":0.0404912771178141,
         "UB":0.08214088523422665
        },
       "Lineage dN/dS":0.0404912771178141,
       "Nucleotide GTR":0.0008874991768552132,
       "Standard MG94":0.0008954133620559362,
       "dN":1.33376879330721e-10,
       "dS":0.003578148776543211,
       "nonsynonymous":1e-10,
       "original name":"paXP_024902552.1",
       "synonymous":0.0008954133620559362
      },
     "pdXP_028385790_1":{
       "Confidence Intervals":{
         "LB":0.02080936930135693,
         "MLE":0.03976924934820447,
         "UB":0.06698236842923838
        },