{
 "analysis":{
   "authors":"Sergei L Kosakovsky Pond",
   "contact":"spond@temple.edu",
   "info":"Fit an MG94xREV model with several selectable options frequency estimator and \nreport the fit results including dN/dS ratios, and synonymous and non-synonymous branch lengths. v0.2 adds LRT test for dN/dS != 1. \nv0.3 adds LRT test support for dN/dS != 1 for local models. v0.4 adds the lineage option",
   "requirements":"in-frame codon alignment and a phylogenetic tree",
   "version":"0.4"
  },
 "branch attributes":{
   "0":{
     "AjPh":{
       "Nucleotide GTR":0.002936521294952956,
       "Standard MG94":0.002373637184771464,
       "dN":0.001963899342169123,
       "dS":0.003616593582463455,
       "nonsynonymous":0.00147700717546972,
       "synonymous":0.0008966300093017433
      },
     "MolossusPhyllostomus":{
       "Nucleotide GTR":0.016506385763698,
       "Standard MG94":0.02329598683381538,
       "dN":0.002251372880016743,
       "dS":0.08713567853692855,
       "nonsynonymous":0.001693209945663446,
       "synonymous":0.02160277688815189
      },
     "Myodm":{
       "Nucleotide GTR":0.00300069605910295,
       "Standard MG94":0.004471125648332962,
       "dN":0.00197168598809483,
       "dS":0.01205327743740558,
       "nonsynonymous":0.001482863347249078,
       "synonymous":0.002988262301083885
      },
     "Myotis":{
       "Nucleotide GTR":0.01387039156374955,
       "Standard MG94":0.01228004702464199,
       "dN":0.003944412692436651,
       "dS":0.03756653253994521,
       "nonsynonymous":0.002966509395185217,
       "synonymous":0.009313537629456787
      },
     "Phyllostomidae":{
       "Nucleotide GTR":0.01813179669311579,
       "Standard MG94":0.01922609772740178,
       "dN":0.0039139712721716,
       "dS":0.06567605562955353,
       "nonsynonymous":0.002943615046581123,
       "synonymous":0.01628248268082067
      },
     "Phyllostomus":{
       "Nucleotide GTR":0.00686250637939238,
       "Standard MG94":0.007385133420122834,
       "dN":0.003910513360011505,
       "dS":0.01792553458452253,
       "nonsynonymous":0.002941014423950962,
       "synonymous":0.004444118996171882
      },
     "Pipistrellus":{
       "Nucleotide GTR":0.04921455824665184,
       "Standard MG94":0.06795330905221955,
       "dN":0.02182266511143479,
       "dS":0.2078924922423304,
       "nonsynonymous":0.01641236506646082,
       "synonymous":0.0515409439857587
      },
     "Pteropodidae":{
       "Nucleotide GTR":0.03142745844987673,
       "Standard MG94":0.03711507520685708,
       "dN":0.003928245222032518,
       "dS":0.1377886727119524,
       "nonsynonymous":0.002954350182498825,
       "synonymous":0.03416072502435823
      },
     "Pteropus":{
       "Nucleotide GTR":0.005931112061234847,
       "Standard MG94":0.005599496009160282,
       "dN":0.003969191379078685,
       "dS":0.01054509136173175,
       "nonsynonymous":0.002985144921550115,
       "synonymous":0.002614351087610165
      },
     "Vespertilionidae":{
       "Nucleotide GTR":0.006206549357232791,
       "Standard MG94":0.007084651922643463,
       "dN":0.002250554305214489,
       "dS":0.02174908350770068,
       "nonsynonymous":0.001692594312860569,
       "synonymous":0.005392057609782894
      },
     "Yangochiroptera":{
       "Nucleotide GTR":0.01513051673415017,
       "Standard MG94":0.01950038442688668,
       "dN":0.001970502445780998,
       "dS":0.07267799384859559,
       "nonsynonymous":0.001481973230096704,
       "synonymous":0.01801841119678998
      },
     "YangochiropteraAfterSaccopteryx":{
       "Nucleotide GTR":0.001170652868061626,
       "Standard MG94":0.003100352100549904,
       "dN":1.329647800488553e-10,
       "dS":0.01250539619899389,
       "nonsynonymous":1e-10,
       "synonymous":0.003100352100549904
      },
     "ajXP_037017968_2":{
       "Confidence Intervals":{
         "LB":0.007634103380105665,
         "MLE":0.0246697436968581,
         "UB":0.05731307115946679
        },
       "Lineage dN/dS":0.0246697436968581,
       "Nucleotide GTR":0.01835688572803249,
       "Standard MG94":0.01755828394235528,
       "dN":1.329647800488553e-10,
       "dS":0.07082205186779905,
       "nonsynonymous":1e-10,
       "original name":"ajXP_037017968.2",
       "synonymous":0.01755828394235527
      },
     "drXP_024408647_1":{
       "Confidence Intervals":{
         "LB":0.00896345195523412,
         "MLE":0.02892206901621469,
         "UB":0.06728817521249321
        },
       "Lineage dN/dS":0.02892206901621469,
       "Nucleotide GTR":0.01255799522766606,
       "Standard MG94":0.01255077117382594,
       "dN":0.001953148745249642,
       "dS":0.04469908950894037,
       "nonsynonymous":0.001468921878810311,
       "original name":"drXP_024408647.1",
       "synonymous":0.01108184929501562
      },
     "mbXP_014393980_1":{
       "Confidence Intervals":{
         "LB":0.01457801191660101,
         "MLE":0.03726934548157591,
         "UB":0.0769448016513755
        },
       "Lineage dN/dS":0.03726934548157591,
       "Nucleotide GTR":0.005916991794458091,
       "Standard MG94":0.004709690949616576,
       "dN":0.001972936484826313,
       "dS":0.01301174684301032,
       "nonsynonymous":0.001483803819403451,
       "original name":"mbXP_014393980.1",
       "synonymous":0.003225887130213133
      },
     "mdXP_059515956_1":{
       "Confidence Intervals":{
         "LB":0.01460057940608154,
         "MLE":0.03734976236581187,
         "UB":0.07708638933721884
        },
       "Lineage dN/dS":0.03734976236581187,
       "Nucleotide GTR":0,
       "Standard MG94":0,
       "dN":1.329647800488553e-10,
       "dS":4.033540641005204e-10,
       "nonsynonymous":1e-10,
       "original name":"mdXP_059515956.1",
       "synonymous":1e-10
      },
     "mlXP_006083538_1":{
       "Confidence Intervals":{
         "LB":0.1484223316959097,
         "MLE":0.2013632372181487,
         "UB":0.26641517997841
        },
       "Lineage dN/dS":0.2013632372181487,
       "Nucleotide GTR":0.09782991440966923,
       "Standard MG94":0.09936321429085893,
       "dN":0.08409310966317869,
       "dS":0.1456856972713274,
       "nonsynonymous":0.06324464992329573,
       "original name":"mlXP_006083538.1",
       "synonymous":0.0361185643675629
      },
     "mmXP_036190621_1":{
       "Confidence Intervals":{
         "LB":0.01459484301143855,
         "MLE":0.03735015728664324,
         "UB":0.07705424295551336
        },
       "Lineage dN/dS":0.03735015728664324,
       "Nucleotide GTR":0,
       "Standard MG94":0,
       "dN":1.329647800488553e-10,
       "dS":4.033540641005204e-10,
       "nonsynonymous":1e-10,
       "original name":"mmXP_036190621.1",
       "synonymous":1e-10
      },
     "moXP_036118962_1":{
       "Confidence Intervals":{
         "LB":0.005921713952378181,
         "MLE":0.01912527779918953,
         "UB":0.0445228863556338
        },
       "Lineage dN/dS":0.01912527779918953,
       "Nucleotide GTR":0.02966024561700997,
       "Standard MG94":0.03250600793910584,
       "dN":0.003629222676571035,
       "dS":0.1201049096145852,
       "nonsynonymous":0.002729461647842044,
       "original name":"moXP_036118962.1",
       "synonymous":0.02977654629126377
      },
     "paXP_006909702_1":{
       "Confidence Intervals":{
         "LB":0.01120128796475149,
         "MLE":0.03617623271628632,
         "UB":0.08428126053976263
        },
       "Lineage dN/dS":0.03617623271628632,
       "Nucleotide GTR":0.001575895242861968,
       "Standard MG94":0.001517935155887616,
       "dN":1.329647800488553e-10,
       "dS":0.006122653141683266,
       "nonsynonymous":1e-10,
       "original name":"paXP_006909702.1",
       "synonymous":0.001517935155887616
      },
     "pdXP_028370358_1":{
       "Confidence Intervals":{
         "LB":0.02529174087795591,
         "MLE":0.05878981895552682,
         "UB":0.1140833747873715
        },
       "Lineage dN/dS":0.05878981895552682,
       "Nucleotide GTR":0.002909008135892606,