{
 "analysis":{
   "authors":"Sergei L Kosakovsky Pond",
   "contact":"spond@temple.edu",
   "info":"Fit an MG94xREV model with several selectable options frequency estimator and \nreport the fit results including dN/dS ratios, and synonymous and non-synonymous branch lengths. v0.2 adds LRT test for dN/dS != 1. \nv0.3 adds LRT test support for dN/dS != 1 for local models. v0.4 adds the lineage option",
   "requirements":"in-frame codon alignment and a phylogenetic tree",
   "version":"0.4"
  },
 "branch attributes":{
   "0":{
     "AjPh":{
       "Nucleotide GTR":0.02163615188381556,
       "Standard MG94":0.01976110360414236,
       "dN":1.316948683480769e-10,
       "dS":0.08210906286090128,
       "nonsynonymous":1e-10,
       "synonymous":0.01976110360414236
      },
     "MolossusPhyllostomus":{
       "Nucleotide GTR":0.01267605770251536,
       "Standard MG94":0.0187902875949917,
       "dN":0.001519015123543762,
       "dS":0.07328261828326819,
       "nonsynonymous":0.001153435318017799,
       "synonymous":0.0176368522769739
      },
     "Myodm":{
       "Nucleotide GTR":0.006256052316134693,
       "Standard MG94":0.005530151992271556,
       "dN":1.316948683480769e-10,
       "dS":0.0229782509448804,
       "nonsynonymous":1e-10,
       "synonymous":0.005530151992271556
      },
     "Myotis":{
       "Nucleotide GTR":0.004156317397523986,
       "Standard MG94":0.00746699226330521,
       "dN":1.316948683480769e-10,
       "dS":0.0310259866762234,
       "nonsynonymous":1e-10,
       "synonymous":0.007466992263305211
      },
     "Phyllostomidae":{
       "Nucleotide GTR":0.03417931680216681,
       "Standard MG94":0.05026138881299729,
       "dN":0.004569154408592974,
       "dS":0.1944242668619187,
       "nonsynonymous":0.003469500722318537,
       "synonymous":0.04679188809067872
      },
     "Phyllostomus":{
       "Nucleotide GTR":0.01645375560891869,
       "Standard MG94":0.01764671260485616,
       "dN":0.001522050222260127,
       "dS":0.0685213911348725,
       "nonsynonymous":0.001155739962651592,
       "synonymous":0.01649097264220456
      },
     "Pipistrellus":{
       "Nucleotide GTR":0.02083231224037512,
       "Standard MG94":0.02780199986773026,
       "dN":0.006079615994763358,
       "dS":0.09633796485237393,
       "nonsynonymous":0.004616441073994313,
       "synonymous":0.02318555879373594
      },
     "Pteropodidae":{
       "Nucleotide GTR":0.02946894956410058,
       "Standard MG94":0.04726323660336038,
       "dN":0.006124319246226917,
       "dS":0.1770600128680255,
       "nonsynonymous":0.004650385639962826,
       "synonymous":0.0426128509633976
      },
     "Pteropus":{
       "Nucleotide GTR":0.007829399591498112,
       "Standard MG94":0.01224696597887115,
       "dN":1.316948683480769e-10,
       "dS":0.05088718320386001,
       "nonsynonymous":1e-10,
       "synonymous":0.01224696597887115
      },
     "Pteropusgv":{
       "Nucleotide GTR":0.001160739416492973,
       "Standard MG94":0.001306887019569115,
       "dN":1.316948683480769e-10,
       "dS":0.005430226499060627,
       "nonsynonymous":1e-10,
       "synonymous":0.001306887019569114
      },
     "Vespertilionidae":{
       "Nucleotide GTR":0.006785221762921905,
       "Standard MG94":0.01655546581165925,
       "dN":0.001522662263951392,
       "dS":0.06398523703713271,
       "nonsynonymous":0.001156204704899291,
       "synonymous":0.01539926110675997
      },
     "Yangochiroptera":{
       "Nucleotide GTR":0.02069002795341192,
       "Standard MG94":0.02517223169232412,
       "dN":0.00767984806006579,
       "dS":0.08036218686158016,
       "nonsynonymous":0.005831546936033621,
       "synonymous":0.01934068475629052
      },
     "YangochiropteraAfterSaccopteryx":{
       "Nucleotide GTR":0.0008772914314008435,
       "Standard MG94":0,
       "dN":1.316948683480769e-10,
       "dS":4.155084883199004e-10,
       "nonsynonymous":1e-10,
       "synonymous":1e-10
      },
     "ajXP_036996368_1":{
       "Confidence Intervals":{
         "LB":0.0146176133684785,
         "MLE":0.02819489868639835,
         "UB":0.04834401021520153
        },
       "Lineage dN/dS":0.02819489868639835,
       "Nucleotide GTR":0.0177465688003693,
       "Standard MG94":0.01556575606438486,
       "dN":0.00455394900504691,
       "dS":0.05030894205400604,
       "nonsynonymous":0.003457954787585624,
       "original name":"ajXP_036996368.1",
       "synonymous":0.01210780127679922
      },
     "drXP_024416371_2":{
       "Confidence Intervals":{
         "LB":0.01730888764553125,
         "MLE":0.03238198492805088,
         "UB":0.05433372333311822
        },
       "Lineage dN/dS":0.03238198492805088,
       "Nucleotide GTR":0.0192039581985597,
       "Standard MG94":0.02971575240267048,
       "dN":0.006076937024408038,
       "dS":0.1042982214593584,
       "nonsynonymous":0.004614406848675648,
       "original name":"drXP_024416371.2",
       "synonymous":0.02510134555399483
      },
     "mbXP_014390342_1":{
       "Confidence Intervals":{
         "LB":0.2076970107915789,
         "MLE":0.2655788850475699,
         "UB":0.3351280608349986
        },
       "Lineage dN/dS":0.2655788850475699,
       "Nucleotide GTR":0.1177857708699173,
       "Standard MG94":0.121072273263887,
       "dN":0.1147948005628889,
       "dS":0.1408782324875013,
       "nonsynonymous":0.0871672541252555,
       "original name":"mbXP_014390342.1",
       "synonymous":0.03390501913863166
      },
     "mdXP_059551797_1":{
       "Confidence Intervals":{
         "LB":0.01008615485840566,
         "MLE":0.02351600580605705,
         "UB":0.04553838929400614
        },
       "Lineage dN/dS":0.02351600580605705,
       "Nucleotide GTR":0.002726291249967316,
       "Standard MG94":0.005353308002585108,
       "dN":1.316948683480769e-10,
       "dS":0.02224344915664964,
       "nonsynonymous":1e-10,
       "original name":"mdXP_059551797.1",
       "synonymous":0.005353308002585108
      },
     "mlXP_014314153_1":{
       "Confidence Intervals":{
         "LB":0.02410885489017514,
         "MLE":0.0315182752877179,
         "UB":0.04043350600771774
        },
       "Lineage dN/dS":0.0315182752877179,
       "Nucleotide GTR":0.1818518280657953,
       "Standard MG94":0.5001229036122816,
       "dN":0.08624300254136757,
       "dS":1.805949122941022,
       "nonsynonymous":0.0654869879313919,
       "original name":"mlXP_014314153.1",
       "synonymous":0.4346359156808899
      },
     "mmXP_036170290_1":{
       "Confidence Intervals":{
         "LB":0.01053328966020572,
         "MLE":0.02457441596902449,
         "UB":0.04756246655680128
        },
       "Lineage dN/dS":0.02457441596902449,
       "Nucleotide GTR":0.004244550583377528,
       "Standard MG94":0.002268075934668596,
       "dN":1.316948683480769e-10,
       "dS":0.009424048030088936,
       "nonsynonymous":1e-10,
       "original name":"mmXP_036170290.1",
       "synonymous":0.002268075934668596
      },
     "moXP_036097381_1":{
       "Confidence Intervals":{
         "LB":0.02508555819331398,
         "MLE":0.04459843459844277,
         "UB":0.07229339181972477
        },
       "Lineage dN/dS":0.04459843459844277,
       "Nucleotide GTR":0.05159078139654699,
       "Standard MG94":0.05154389959136938,
       "dN":0.01215249076495901,
       "dS":0.1758271381074887,
       "nonsynonymous":0.009227763326995623,
       "original name":"moXP_036097381.1",
       "synonymous":0.04231613626437378
      },
     "paXP_006923326_1":{
       "Confidence Intervals":{
         "LB":0.005684338541991633,
         "MLE":0.01836827707364404,
         "UB":0.04277520021084601
        },
       "Lineage dN/dS":0.01836827707364404,
       "Nucleotide GTR":0,
       "Standard MG94":0,
       "dN":1.316948683480769e-10,
       "dS":4.155084883199004e-10,
       "nonsynonymous":1e-10,
       "original name":"paXP_006923326.1",
       "synonymous":1e-10
      },