{
 "analysis":{
   "authors":"Sergei L Kosakovsky Pond",
   "contact":"spond@temple.edu",
   "info":"Fit an MG94xREV model with several selectable options frequency estimator and \nreport the fit results including dN/dS ratios, and synonymous and non-synonymous branch lengths. v0.2 adds LRT test for dN/dS != 1. \nv0.3 adds LRT test support for dN/dS != 1 for local models. v0.4 adds the lineage option",
   "requirements":"in-frame codon alignment and a phylogenetic tree",
   "version":"0.4"
  },
 "branch attributes":{
   "0":{
     "AjPh":{
       "Nucleotide GTR":0.008979798523485558,
       "Standard MG94":0.009934826742167223,
       "dN":1.305254964729813e-10,
       "dS":0.04248082235262599,
       "nonsynonymous":1e-10,
       "synonymous":0.009934826742167223
      },
     "MolossusPhyllostomus":{
       "Nucleotide GTR":0.002573578111455151,
       "Standard MG94":0,
       "dN":1.305254964729813e-10,
       "dS":4.275949994409169e-10,
       "nonsynonymous":1e-10,
       "synonymous":1e-10
      },
     "Myobl":{
       "Nucleotide GTR":0.01789365650056549,
       "Standard MG94":0.0121941889042177,
       "dN":0.01591652560808334,
       "dS":4.275949994409169e-10,
       "nonsynonymous":0.0121941889042177,
       "synonymous":1e-10
      },
     "Myotis":{
       "Nucleotide GTR":0.0119948007597169,
       "Standard MG94":0.01891883118398469,
       "dN":1.305254964729813e-10,
       "dS":0.08089597609538733,
       "nonsynonymous":1e-10,
       "synonymous":0.01891883118398469
      },
     "Phyllostomidae":{
       "Nucleotide GTR":0.02404718301930198,
       "Standard MG94":0.0253871530362859,
       "dN":0.003014345991917947,
       "dS":0.09867935014820053,
       "nonsynonymous":0.002309392473785316,
       "synonymous":0.02307776056250059
      },
     "Phyllostomus":{
       "Nucleotide GTR":0.004624236819004077,
       "Standard MG94":0.004493764899791259,
       "dN":1.305254964729813e-10,
       "dS":0.01921511399813855,
       "nonsynonymous":1e-10,
       "synonymous":0.004493764899791259
      },
     "Pipistrellus":{
       "Nucleotide GTR":0.01861385723793972,
       "Standard MG94":0.0254539558902921,
       "dN":0.003025975954844337,
       "dS":0.09892689663443117,
       "nonsynonymous":0.002318302581956249,
       "synonymous":0.02313565330833586
      },
     "Pteropodidae":{
       "Nucleotide GTR":0.01463459472566089,
       "Standard MG94":0.01984996052935658,
       "dN":0.003014480364397836,
       "dS":0.07500215168162884,
       "nonsynonymous":0.002309495421089498,
       "synonymous":0.01754046510826708
      },
     "Vespertilionidae":{
       "Nucleotide GTR":0.003490595743778363,
       "Standard MG94":0.005880323735246947,
       "dN":0.003026483412010241,
       "dS":0.01522936192619888,
       "nonsynonymous":0.002318691362064057,
       "synonymous":0.003561632373182888
      },
     "Yangochiroptera":{
       "Nucleotide GTR":0.008983171123564421,
       "Standard MG94":0.01188990404326346,
       "dN":1.305254964729813e-10,
       "dS":0.05084063512731794,
       "nonsynonymous":1e-10,
       "synonymous":0.01188990404326346
      },
     "ajXP_036987172_1":{
       "Confidence Intervals":{
         "LB":0.000497353412788632,
         "MLE":0.00873097457800745,
         "UB":0.03840653568473644
        },
       "Lineage dN/dS":0.00873097457800745,
       "Nucleotide GTR":0.004577550197668066,
       "Standard MG94":0.004353166481657313,
       "dN":1.305254964729813e-10,
       "dS":0.01861392219290477,
       "nonsynonymous":1e-10,
       "original name":"ajXP_036987172.1",
       "synonymous":0.004353166481657313
      },
     "drXP_053776704_1":{
       "Confidence Intervals":{
         "LB":0.0005780314939647176,
         "MLE":0.01013267483985714,
         "UB":0.04464711117553358
        },
       "Lineage dN/dS":0.01013267483985714,
       "Nucleotide GTR":0.00756086543153227,
       "Standard MG94":0.007531082004423491,
       "dN":1.305254964729813e-10,
       "dS":0.03220253005470962,
       "nonsynonymous":1e-10,
       "original name":"drXP_053776704.1",
       "synonymous":0.007531082004423492
      },
     "mbXP_014398159_1":{
       "Confidence Intervals":{
         "LB":0.1270138960494625,
         "MLE":0.1892125652313215,
         "UB":0.2693233497486169
        },
       "Lineage dN/dS":0.1892125652313215,
       "Nucleotide GTR":0.08127342544785132,
       "Standard MG94":0.09074069737730465,
       "dN":0.07758179836230068,
       "dS":0.1338485925319375,
       "nonsynonymous":0.05943804119401309,
       "original name":"mbXP_014398159.1",
       "synonymous":0.03130265618329153
      },
     "mdXP_059544744_1":{
       "Confidence Intervals":{
         "LB":0.0007114542409511445,
         "MLE":0.01247154729558804,
         "UB":0.05499482430985192
        },
       "Lineage dN/dS":0.01247154729558804,
       "Nucleotide GTR":0,
       "Standard MG94":0,
       "dN":1.305254964729813e-10,
       "dS":4.275949994409169e-10,
       "nonsynonymous":1e-10,
       "original name":"mdXP_059544744.1",
       "synonymous":1e-10
      },
     "mlXP_006082371_1":{
       "Confidence Intervals":{
         "LB":0.02175711042100531,
         "MLE":0.02687877288912354,
         "UB":0.03305733169836827
        },
       "Lineage dN/dS":0.02687877288912354,
       "Nucleotide GTR":0.6979605730313729,
       "Standard MG94":590.423891737575,
       "dN":0.4837474650430605,
       "dS":2523.038304068918,
       "nonsynonymous":0.3706153036109663,
       "original name":"mlXP_006082371.1",
       "synonymous":590.0532764339637
      },
     "mmXP_036205592_1":{
       "Confidence Intervals":{
         "LB":0.0007108470796309453,
         "MLE":0.01249954698010344,
         "UB":0.0549503822691412
        },
       "Lineage dN/dS":0.01249954698010344,
       "Nucleotide GTR":0,
       "Standard MG94":0,
       "dN":1.305254964729813e-10,
       "dS":4.275949994409169e-10,
       "nonsynonymous":1e-10,
       "original name":"mmXP_036205592.1",
       "synonymous":1e-10
      },
     "moXP_036112604_1":{
       "Confidence Intervals":{
         "LB":0,
         "MLE":0,
         "UB":0.02698992280637706
        },
       "Lineage dN/dS":0,
       "Nucleotide GTR":0.0177819909719178,
       "Standard MG94":0.01867614000725159,
       "dN":1.305254964729813e-10,
       "dS":0.07985824075959227,
       "nonsynonymous":1e-10,
       "original name":"moXP_036112604.1",
       "synonymous":0.01867614000725159
      },
     "paXP_015442747_1":{
       "Confidence Intervals":{
         "LB":0.001397883031681541,
         "MLE":0.02451549036141404,
         "UB":0.1081660035695581
        },
       "Lineage dN/dS":0.02451549036141404,
       "Nucleotide GTR":0,
       "Standard MG94":0,
       "dN":1.305254964729813e-10,
       "dS":4.275949994409169e-10,
       "nonsynonymous":1e-10,
       "original name":"paXP_015442747.1",
       "synonymous":1e-10
      },
     "pdXP_028368171_1":{
       "Confidence Intervals":{
         "LB":0.0004757893032849759,
         "MLE":0.008341067380591241,
         "UB":0.03673765619257469
        },
       "Lineage dN/dS":0.008341067380591241,
       "Nucleotide GTR":0.002289328584109684,
       "Standard MG94":0.002056125667099668,
       "dN":1.305254964729813e-10,
       "dS":0.008791890534739373,
       "nonsynonymous":1e-10,
       "original name":"pdXP_028368171.1",
       "synonymous":0.002056125667099668
      },
     "pgXP_039722376_1":{
       "Confidence Intervals":{
         "LB":0.001398249584205268,
         "MLE":0.02451010249917808,
         "UB":0.1081936558086856
        },
       "Lineage dN/dS":0.02451010249917808,
       "Nucleotide GTR":0,
       "Standard MG94":0,
       "dN":1.305254964729813e-10,
       "dS":4.275949994409169e-10,
       "nonsynonymous":1e-10,
       "original name":"pgXP_039722376.1",
       "synonymous":1e-10
      },
     "phXP_045703082_1":{
       "Confidence Intervals":{
         "LB":0.0004748639040385465,