{
 "analysis":{
   "authors":"Sergei L Kosakovsky Pond",
   "contact":"spond@temple.edu",
   "info":"Fit an MG94xREV model with several selectable options frequency estimator and \nreport the fit results including dN/dS ratios, and synonymous and non-synonymous branch lengths. v0.2 adds LRT test for dN/dS != 1. \nv0.3 adds LRT test support for dN/dS != 1 for local models. v0.4 adds the lineage option",
   "requirements":"in-frame codon alignment and a phylogenetic tree",
   "version":"0.4"
  },
 "branch attributes":{
   "0":{
     "AjPh":{
       "Nucleotide GTR":0.001819656540900147,
       "Standard MG94":0.00157671225590252,
       "dN":0.0009606418571801434,
       "dS":0.00354077445500097,
       "nonsynonymous":0.0007312648815618254,
       "synonymous":0.0008454473743406943
      },
     "MolossusPhyllostomus":{
       "Nucleotide GTR":0.0007072710619819953,
       "Standard MG94":0.0007077954624708746,
       "dN":1.313671531891998e-10,
       "dS":0.002964281596872707,
       "nonsynonymous":1e-10,
       "synonymous":0.0007077954624708746
      },
     "Myobl":{
       "Nucleotide GTR":0.002827001854663939,
       "Standard MG94":0.002924533537694048,
       "dN":0.0009607393197142887,
       "dS":0.009185204393396453,
       "nonsynonymous":0.0007313390725081763,
       "synonymous":0.00219319446518587
      },
     "Myodm":{
       "Nucleotide GTR":0.002946019203298422,
       "Standard MG94":0.002979203856193709,
       "dN":1.313671531891998e-10,
       "dS":0.01247704970220915,
       "nonsynonymous":1e-10,
       "synonymous":0.002979203856193709
      },
     "Myotis":{
       "Nucleotide GTR":0.003539604395842765,
       "Standard MG94":0.003496992500719593,
       "dN":1.313671531891998e-10,
       "dS":0.01464557356456847,
       "nonsynonymous":1e-10,
       "synonymous":0.003496992500719593
      },
     "Phyllostomidae":{
       "Nucleotide GTR":0.004600000932892619,
       "Standard MG94":0.004789278358884526,
       "dN":1.313671531891998e-10,
       "dS":0.02005772918066186,
       "nonsynonymous":1e-10,
       "synonymous":0.004789278358884526
      },
     "Phyllostomus":{
       "Nucleotide GTR":0.003622126245648682,
       "Standard MG94":0.003831118521758238,
       "dN":1.313671531891998e-10,
       "dS":0.01604490948534927,
       "nonsynonymous":1e-10,
       "synonymous":0.003831118521758238
      },
     "Pipistrellus":{
       "Nucleotide GTR":0.01006655302332815,
       "Standard MG94":0.01068725996947682,
       "dN":0.001924845729913092,
       "dS":0.03862225995723719,
       "nonsynonymous":0.001465241259465263,
       "synonymous":0.009222018710011558
      },
     "Pteropodidae":{
       "Nucleotide GTR":0.008695934374779621,
       "Standard MG94":0.009618445370805999,
       "dN":1.313671531891998e-10,
       "dS":0.04028251396762653,
       "nonsynonymous":1e-10,
       "synonymous":0.009618445370805995
      },
     "Pteropus":{
       "Nucleotide GTR":0.002914864168352365,
       "Standard MG94":0.002993684800889347,
       "dN":1.313671531891998e-10,
       "dS":0.0125376965983008,
       "nonsynonymous":1e-10,
       "synonymous":0.002993684800889347
      },
     "Vespertilionidae":{
       "Nucleotide GTR":0.008162572494151929,
       "Standard MG94":0.009217862559841994,
       "dN":1.313671531891998e-10,
       "dS":0.03860485379950559,
       "nonsynonymous":1e-10,
       "synonymous":0.009217862559841994
      },
     "Yangochiroptera":{
       "Nucleotide GTR":0.004683373463744538,
       "Standard MG94":0.004861357341859504,
       "dN":1.313671531891998e-10,
       "dS":0.02035959944415316,
       "nonsynonymous":1e-10,
       "synonymous":0.004861357341859504
      },
     "ajXP_037020940_1":{
       "Confidence Intervals":{
         "LB":0.0006045948267700905,
         "MLE":0.01059364078044756,
         "UB":0.04665805649527325
        },
       "Lineage dN/dS":0.01059364078044756,
       "Nucleotide GTR":0.01378053428776041,
       "Standard MG94":0.01476523167425181,
       "dN":1.313671531891998e-10,
       "dS":0.06183750369457569,
       "nonsynonymous":1e-10,
       "original name":"ajXP_037020940.1",
       "synonymous":0.01476523167425181
      },
     "drXP_045043885_1":{
       "Confidence Intervals":{
         "LB":0,
         "MLE":0,
         "UB":0.03810514784493153
        },
       "Lineage dN/dS":0,
       "Nucleotide GTR":0.003699744154727492,
       "Standard MG94":0.003852992412963746,
       "dN":1.313671531891998e-10,
       "dS":0.01613651839864483,
       "nonsynonymous":1e-10,
       "original name":"drXP_045043885.1",
       "synonymous":0.003852992412963746
      },
     "mbXP_005866327_1":{
       "Confidence Intervals":{
         "LB":0.2433769878800291,
         "MLE":0.3447953357952865,
         "UB":0.4693174978603011
        },
       "Lineage dN/dS":0.3447953357952865,
       "Nucleotide GTR":0.03860434085437908,
       "Standard MG94":0.03853358696792995,
       "dN":0.03952548350914523,
       "dS":0.03537137286698053,
       "nonsynonymous":0.03008779786239197,
       "original name":"mbXP_005866327.1",
       "synonymous":0.00844578910553798
      },
     "mdXP_059563307_1":{
       "Confidence Intervals":{
         "LB":0,
         "MLE":0,
         "UB":0.02184943845373962
        },
       "Lineage dN/dS":0,
       "Nucleotide GTR":0.002210485306405466,
       "Standard MG94":0.002289184908235094,
       "dN":1.313671531891998e-10,
       "dS":0.009587217007059091,
       "nonsynonymous":1e-10,
       "original name":"mdXP_059563307.1",
       "synonymous":0.002289184908235094
      },
     "mlXP_023606582_1":{
       "Confidence Intervals":{
         "LB":0.0006475481800268958,
         "MLE":0.01133965182998412,
         "UB":0.0499733508715326
        },
       "Lineage dN/dS":0.01133965182998412,
       "Nucleotide GTR":0.002619499232771696,
       "Standard MG94":0.002776445752374759,
       "dN":1.313671531891998e-10,
       "dS":0.01162788896632487,
       "nonsynonymous":1e-10,
       "original name":"mlXP_023606582.1",
       "synonymous":0.002776445752374759
      },
     "mmXP_036177818_1":{
       "Confidence Intervals":{
         "LB":0,
         "MLE":0,
         "UB":0.02419935936656562
        },
       "Lineage dN/dS":0,
       "Nucleotide GTR":0,
       "Standard MG94":0,
       "dN":1.313671531891998e-10,
       "dS":4.188048319106998e-10,
       "nonsynonymous":1e-10,
       "original name":"mmXP_036177818.1",
       "synonymous":1e-10
      },
     "moXP_036100110_1":{
       "Confidence Intervals":{
         "LB":0.0009973424231241044,
         "MLE":0.01749911056540282,
         "UB":0.07698081088853935
        },
       "Lineage dN/dS":0.01749911056540282,
       "Nucleotide GTR":0.01023564584887571,
       "Standard MG94":0.01053663261971141,
       "dN":0.0009617890495119745,
       "dS":0.04106169656939811,
       "nonsynonymous":0.0007321381533835714,
       "original name":"moXP_036100110.1",
       "synonymous":0.009804494466327826
      },
     "paXP_006919954_1":{
       "Confidence Intervals":{
         "LB":0,
         "MLE":0,
         "UB":0.03847862484521489
        },
       "Lineage dN/dS":0,
       "Nucleotide GTR":0.0007363293676789851,
       "Standard MG94":0.0007640974344142949,
       "dN":1.313671531891998e-10,
       "dS":0.003200076975832757,
       "nonsynonymous":1e-10,
       "original name":"paXP_006919954.1",
       "synonymous":0.0007640974344142949
      },
     "pdXP_028379738_1":{
       "Confidence Intervals":{
         "LB":0.004610120213638637,
         "MLE":0.02775599946115586,
         "UB":0.08565942079689019
        },
       "Lineage dN/dS":0.02775599946115586,
       "Nucleotide GTR":0.005119487393845249,
       "Standard MG94":0.005219709312168037,
       "dN":0.0009614351053569464,
       "dS":0.01879529323948882,
       "nonsynonymous":0.0007318687221395842,
       "original name":"pdXP_028379738.1",
       "synonymous":0.004487840590028453
      },