{
 "analysis":{
   "authors":"Sergei L Kosakovsky Pond",
   "contact":"spond@temple.edu",
   "info":"Fit an MG94xREV model with several selectable options frequency estimator and \nreport the fit results including dN/dS ratios, and synonymous and non-synonymous branch lengths. v0.2 adds LRT test for dN/dS != 1. \nv0.3 adds LRT test support for dN/dS != 1 for local models. v0.4 adds the lineage option",
   "requirements":"in-frame codon alignment and a phylogenetic tree",
   "version":"0.4"
  },
 "branch attributes":{
   "0":{
     "AjPh":{
       "Nucleotide GTR":0.001396957364384319,
       "Standard MG94":0.0008057949535033433,
       "dN":1.301079384353592e-10,
       "dS":0.003482148750470746,
       "nonsynonymous":1e-10,
       "synonymous":0.0008057949535033433
      },
     "Myodm":{
       "Nucleotide GTR":0.001426857989863965,
       "Standard MG94":0.001485299610862423,
       "dN":1.301079384353592e-10,
       "dS":0.006418548740660252,
       "nonsynonymous":1e-10,
       "synonymous":0.001485299610862423
      },
     "Myotis":{
       "Nucleotide GTR":0.007836197254472521,
       "Standard MG94":0.00794742109603966,
       "dN":1.301079384353592e-10,
       "dS":0.03434385176864292,
       "nonsynonymous":1e-10,
       "synonymous":0.007947421096039657
      },
     "Phyllostomidae":{
       "Nucleotide GTR":0.01789671896670179,
       "Standard MG94":0.01953158366602996,
       "dN":1.301079384353592e-10,
       "dS":0.08440345693614332,
       "nonsynonymous":1e-10,
       "synonymous":0.01953158366602996
      },
     "Phyllostomus":{
       "Nucleotide GTR":0.01843382820031484,
       "Standard MG94":0.02184302837245959,
       "dN":1.301079384353592e-10,
       "dS":0.09439209518869446,
       "nonsynonymous":1e-10,
       "synonymous":0.02184302837245959
      },
     "Pipistrellus":{
       "Nucleotide GTR":0.01577749384601511,
       "Standard MG94":0.01954416467216701,
       "dN":0.001835634540414084,
       "dS":0.07836097861568096,
       "nonsynonymous":0.001410855142652247,
       "synonymous":0.01813330952951477
      },
     "Pteropodidae":{
       "Nucleotide GTR":0.02038666042135658,
       "Standard MG94":0.02326766985241895,
       "dN":1.301079384353592e-10,
       "dS":0.1005485169033518,
       "nonsynonymous":1e-10,
       "synonymous":0.02326766985241895
      },
     "Pteropus":{
       "Nucleotide GTR":0.004163045449953391,
       "Standard MG94":0.004352930546944228,
       "dN":1.301079384353592e-10,
       "dS":0.01881068080536806,
       "nonsynonymous":1e-10,
       "synonymous":0.004352930546944229
      },
     "Vespertilionidae":{
       "Nucleotide GTR":0.01696305222161773,
       "Standard MG94":0.01901851928843443,
       "dN":0.007369278878679653,
       "dS":0.05771011032767263,
       "nonsynonymous":0.005663973288102549,
       "synonymous":0.01335454600033189
      },
     "Yangochiroptera":{
       "Nucleotide GTR":0.001506362846739803,
       "Standard MG94":0.00154054762563063,
       "dN":1.301079384353592e-10,
       "dS":0.006657296581850726,
       "nonsynonymous":1e-10,
       "synonymous":0.00154054762563063
      },
     "ajXP_036998406_1":{
       "Confidence Intervals":{
         "LB":0,
         "MLE":0,
         "UB":0.02076039026309108
        },
       "Lineage dN/dS":0,
       "Nucleotide GTR":0.006544729491401131,
       "Standard MG94":0.008158829128991499,
       "dN":1.301079384353592e-10,
       "dS":0.03525742688422558,
       "nonsynonymous":1e-10,
       "original name":"ajXP_036998406.1",
       "synonymous":0.008158829128991499
      },
     "drXP_024434723_2":{
       "Confidence Intervals":{
         "LB":0,
         "MLE":0,
         "UB":0.01860411935854052
        },
       "Lineage dN/dS":0,
       "Nucleotide GTR":0.01200836521650088,
       "Standard MG94":0.01244406165700902,
       "dN":1.301079384353592e-10,
       "dS":0.05377555860996724,
       "nonsynonymous":1e-10,
       "original name":"drXP_024434723.2",
       "synonymous":0.01244406165700902
      },
     "mbXP_005856578_1":{
       "Confidence Intervals":{
         "LB":0.01659886097879139,
         "MLE":0.05364940959851286,
         "UB":0.1245043903321887
        },
       "Lineage dN/dS":0.05364940959851286,
       "Nucleotide GTR":0.001432618362412651,
       "Standard MG94":0.00159240641520034,
       "dN":1.301079384353592e-10,
       "dS":0.006881398282309367,
       "nonsynonymous":1e-10,
       "original name":"mbXP_005856578.1",
       "synonymous":0.00159240641520034
      },
     "mdXP_059541322_1":{
       "Confidence Intervals":{
         "LB":0.01481494561611883,
         "MLE":0.0478190363876362,
         "UB":0.1110826471661583
        },
       "Lineage dN/dS":0.0478190363876362,
       "Nucleotide GTR":0.002849923872917256,
       "Standard MG94":0.003017644339642629,
       "dN":1.301079384353592e-10,
       "dS":0.01304039746211702,
       "nonsynonymous":1e-10,
       "original name":"mdXP_059541322.1",
       "synonymous":0.003017644339642629
      },
     "mlXP_014318392_1":{
       "Confidence Intervals":{
         "LB":0.1965411618134561,
         "MLE":0.2551891860839767,
         "UB":0.3251247245553071
        },
       "Lineage dN/dS":0.2551891860839767,
       "Nucleotide GTR":0.1613429946241236,
       "Standard MG94":0.1643926075555805,
       "dN":0.1293758067064015,
       "dS":0.2806968205602636,
       "nonsynonymous":0.09943728896348514,
       "original name":"mlXP_014318392.1",
       "synonymous":0.06495531859209533
      },
     "mmXP_036155836_1":{
       "Confidence Intervals":{
         "LB":0.01568481290050019,
         "MLE":0.05062058533618027,
         "UB":0.1176245159474572
        },
       "Lineage dN/dS":0.05062058533618027,
       "Nucleotide GTR":0.001430860450853502,
       "Standard MG94":0.001500685606431881,
       "dN":1.301079384353592e-10,
       "dS":0.00648503752296647,
       "nonsynonymous":1e-10,
       "original name":"mmXP_036155836.1",
       "synonymous":0.00150068560643188
      },
     "moXP_036105675_1":{
       "Confidence Intervals":{
         "LB":0,
         "MLE":0,
         "UB":0.02559931543433995
        },
       "Lineage dN/dS":0,
       "Nucleotide GTR":0.02028808578579765,
       "Standard MG94":0.02281089159115625,
       "dN":1.301079384353592e-10,
       "dS":0.09857460301274872,
       "nonsynonymous":1e-10,
       "original name":"moXP_036105675.1",
       "synonymous":0.02281089159115625
      },
     "paXP_015448287_1":{
       "Confidence Intervals":{
         "LB":0.05128605951182388,
         "MLE":0.1023844366617014,
         "UB":0.1798322554903377
        },
       "Lineage dN/dS":0.1023844366617014,
       "Nucleotide GTR":0.02026654557276649,
       "Standard MG94":0.02028008394064553,
       "dN":0.01945429918120859,
       "dS":0.02302283154261065,
       "nonsynonymous":0.01495243058583544,
       "original name":"paXP_015448287.1",
       "synonymous":0.005327653354810097
      },
     "pdXP_028382756_1":{
       "Confidence Intervals":{
         "LB":0,
         "MLE":0,
         "UB":0.01333512083810418
        },
       "Lineage dN/dS":0,
       "Nucleotide GTR":0.004022989382297669,
       "Standard MG94":0.003046413791933343,
       "dN":1.301079384353592e-10,
       "dS":0.01316472128905375,
       "nonsynonymous":1e-10,
       "original name":"pdXP_028382756.1",
       "synonymous":0.003046413791933343
      },
     "pgXP_039709588_1":{
       "Confidence Intervals":{
         "LB":0,
         "MLE":0,
         "UB":0.02146455467007181
        },
       "Lineage dN/dS":0,
       "Nucleotide GTR":0.001425781775806946,
       "Standard MG94":0.001445344087213159,
       "dN":1.301079384353592e-10,
       "dS":0.00624588561321723,
       "nonsynonymous":1e-10,
       "original name":"pgXP_039709588.1",
       "synonymous":0.001445344087213158
      },
     "phXP_045677479_1":{
       "Confidence Intervals":{
         "LB":0,
         "MLE":0,