{
 "analysis":{
   "authors":"Sergei L Kosakovsky Pond",
   "contact":"spond@temple.edu",
   "info":"Fit an MG94xREV model with several selectable options frequency estimator and \nreport the fit results including dN/dS ratios, and synonymous and non-synonymous branch lengths. v0.2 adds LRT test for dN/dS != 1. \nv0.3 adds LRT test support for dN/dS != 1 for local models. v0.4 adds the lineage option",
   "requirements":"in-frame codon alignment and a phylogenetic tree",
   "version":"0.4"
  },
 "branch attributes":{
   "0":{
     "AjPh":{
       "Nucleotide GTR":0.007575563672071592,
       "Standard MG94":0.01307578675159593,
       "dN":1.33622388001604e-10,
       "dS":0.05196590589177162,
       "nonsynonymous":1e-10,
       "synonymous":0.01307578675159593
      },
     "MolossusPhyllostomus":{
       "Nucleotide GTR":0.01296505996938941,
       "Standard MG94":0.01872212571082706,
       "dN":1.33622388001604e-10,
       "dS":0.07440563548988825,
       "nonsynonymous":1e-10,
       "synonymous":0.01872212571082706
      },
     "Phyllostomidae":{
       "Nucleotide GTR":0.01268662461862661,
       "Standard MG94":0.01399539321768571,
       "dN":0.00248176297925947,
       "dS":0.0482393328149474,
       "nonsynonymous":0.001857295784318477,
       "synonymous":0.01213809743336723
      },
     "Phyllostomus":{
       "Nucleotide GTR":0.01185585806066488,
       "Standard MG94":0.01396764347897504,
       "dN":1.33622388001604e-10,
       "dS":0.05551033068581084,
       "nonsynonymous":1e-10,
       "synonymous":0.01396764347897504
      },
     "Pipistrellus":{
       "Nucleotide GTR":0.03922206777935995,
       "Standard MG94":0.05685803039123475,
       "dN":0.005050785675786297,
       "dS":0.2109435900277987,
       "nonsynonymous":0.003779894785090704,
       "synonymous":0.05307813560614406
      },
     "Pteropodidae":{
       "Nucleotide GTR":0.03430774171991968,
       "Standard MG94":0.02646745720378134,
       "dN":0.00698752615330505,
       "dS":0.08440483824152019,
       "nonsynonymous":0.005229307945926825,
       "synonymous":0.02123814925785452
      },
     "Pteropus":{
       "Nucleotide GTR":0.009794345974628225,
       "Standard MG94":0.009349645487380423,
       "dN":1.33622388001604e-10,
       "dS":0.03715744274120542,
       "nonsynonymous":1e-10,
       "synonymous":0.009349645487380421
      },
     "Vespertilionidae":{
       "Nucleotide GTR":0.0269393617357938,
       "Standard MG94":0.04347831095600543,
       "dN":0.002482447159078634,
       "dS":0.1654085670549208,
       "nonsynonymous":0.001857807809159072,
       "synonymous":0.04162050314684633
      },
     "Yangochiroptera":{
       "Nucleotide GTR":0.02139423470455023,
       "Standard MG94":0.01807218538149618,
       "dN":0.003167378762450343,
       "dS":0.0624021913832554,
       "nonsynonymous":0.00237039526820335,
       "synonymous":0.01570179011329282
      },
     "ajXP_037015728_1":{
       "Confidence Intervals":{
         "LB":0.006753737744911605,
         "MLE":0.02710525715677786,
         "UB":0.06971681528912144
        },
       "Lineage dN/dS":0.02710525715677786,
       "Nucleotide GTR":0.01969609267956186,
       "Standard MG94":0.01849417786526743,
       "dN":0.002475362953661611,
       "dS":0.06613747705877396,
       "nonsynonymous":0.001852506148619269,
       "original name":"ajXP_037015728.1",
       "synonymous":0.01664167171664817
      },
     "drXP_024426129_1":{
       "Confidence Intervals":{
         "LB":0.004712027054795579,
         "MLE":0.02828358000793774,
         "UB":0.08595507156134717
        },
       "Lineage dN/dS":0.02828358000793774,
       "Nucleotide GTR":0.01559780804101942,
       "Standard MG94":0.0102016687607615,
       "dN":1.33622388001604e-10,
       "dS":0.04054356107452225,
       "nonsynonymous":1e-10,
       "original name":"drXP_024426129.1",
       "synonymous":0.0102016687607615
      },
     "mbXP_014392816_1":{
       "Confidence Intervals":{
         "LB":0.07045567932459533,
         "MLE":0.1062587813863927,
         "UB":0.1528559246893048
        },
       "Lineage dN/dS":0.1062587813863927,
       "Nucleotide GTR":0.08827692101238646,
       "Standard MG94":0.09672847219861958,
       "dN":0.06725912451386758,
       "dS":0.184376463422045,
       "nonsynonymous":0.05033522115549993,
       "original name":"mbXP_014392816.1",
       "synonymous":0.04639325104311959
      },
     "mdXP_059521078_1":{
       "Confidence Intervals":{
         "LB":0.001918285244027151,
         "MLE":0.01171001089148631,
         "UB":0.03601833458842111
        },
       "Lineage dN/dS":0.01171001089148631,
       "Nucleotide GTR":0.00970614610028968,
       "Standard MG94":0.01228989926792353,
       "dN":1.33622388001604e-10,
       "dS":0.04884262499144211,
       "nonsynonymous":1e-10,
       "original name":"mdXP_059521078.1",
       "synonymous":0.01228989926792353
      },
     "mlXP_006109072_1":{
       "Confidence Intervals":{
         "LB":0.1308995929188423,
         "MLE":0.1737350324014233,
         "UB":0.2244060036609905
        },
       "Lineage dN/dS":0.1737350324014233,
       "Nucleotide GTR":0.1981743667923704,
       "Standard MG94":0.2073602336788601,
       "dN":0.1629692109618537,
       "dS":0.3393884010859138,
       "nonsynonymous":0.121962504486821,
       "original name":"mlXP_006109072.1",
       "synonymous":0.08539772919203942
      },
     "mmXP_036162615_1":{
       "Confidence Intervals":{
         "LB":0.002133635808205263,
         "MLE":0.01299686477116882,
         "UB":0.03990894213546892
        },
       "Lineage dN/dS":0.01299686477116882,
       "Nucleotide GTR":0.003529582292102735,
       "Standard MG94":0.004175609335641955,
       "dN":1.33622388001604e-10,
       "dS":0.01659474308498406,
       "nonsynonymous":1e-10,
       "original name":"mmXP_036162615.1",
       "synonymous":0.004175609335641955
      },
     "moXP_036130386_1":{
       "Confidence Intervals":{
         "LB":0.0004495387916424991,
         "MLE":0.009202083810577731,
         "UB":0.04031595617284194
        },
       "Lineage dN/dS":0.009202083810577731,
       "Nucleotide GTR":0.02732765806051452,
       "Standard MG94":0.02245707414888408,
       "dN":1.33622388001604e-10,
       "dS":0.08924910018764348,
       "nonsynonymous":1e-10,
       "original name":"moXP_036130386.1",
       "synonymous":0.02245707414888407
      },
     "paXP_006916006_3":{
       "Confidence Intervals":{
         "LB":0.008665833169797032,
         "MLE":0.04322577237730027,
         "UB":0.1182709783100029
        },
       "Lineage dN/dS":0.04322577237730027,
       "Nucleotide GTR":0,
       "Standard MG94":0,
       "dN":1.33622388001604e-10,
       "dS":3.974208732444268e-10,
       "nonsynonymous":1e-10,
       "original name":"paXP_006916006.3",
       "synonymous":1e-10
      },
     "pdXP_028385280_1":{
       "Confidence Intervals":{
         "LB":0.002957874637135282,
         "MLE":0.01794212596817541,
         "UB":0.05495818736067059
        },
       "Lineage dN/dS":0.01794212596817541,
       "Nucleotide GTR":0.004340715078275933,
       "Standard MG94":0.002983182224565681,
       "dN":1.33622388001604e-10,
       "dS":0.01185578884734145,
       "nonsynonymous":1e-10,
       "original name":"pdXP_028385280.1",
       "synonymous":0.002983182224565681
      },
     "pgXP_039713005_1":{
       "Confidence Intervals":{
         "LB":0.006713749231733546,
         "MLE":0.03455461001438957,
         "UB":0.09534619947105087
        },
       "Lineage dN/dS":0.03455461001438957,
       "Nucleotide GTR":0.007326185911865105,
       "Standard MG94":0.0064852723961756,
       "dN":1.33622388001604e-10,
       "dS":0.02577382618916084,
       "nonsynonymous":1e-10,
       "original name":"pgXP_039713005.1",
       "synonymous":0.0064852723961756
      },
     "phXP_045686283_1":{
       "Confidence Intervals":{
         "LB":0.002623251626915778,
         "MLE":0.0159605940505287,