{
 "analysis":{
   "authors":"Sergei L Kosakovsky Pond",
   "contact":"spond@temple.edu",
   "info":"Fit an MG94xREV model with several selectable options frequency estimator and \nreport the fit results including dN/dS ratios, and synonymous and non-synonymous branch lengths. v0.2 adds LRT test for dN/dS != 1. \nv0.3 adds LRT test support for dN/dS != 1 for local models. v0.4 adds the lineage option",
   "requirements":"in-frame codon alignment and a phylogenetic tree",
   "version":"0.4"
  },
 "branch attributes":{
   "0":{
     "AjPh":{
       "Nucleotide GTR":0.06664272508193748,
       "Standard MG94":0.02923032243300238,
       "dN":0.03804145943339496,
       "dS":4.317429116321771e-10,
       "nonsynonymous":0.02923032243300239,
       "synonymous":1e-10
      },
     "MolossusPhyllostomus":{
       "Nucleotide GTR":0.006746962244523248,
       "Standard MG94":0.004412164575135117,
       "dN":0.005742159707036275,
       "dS":4.317429116321771e-10,
       "nonsynonymous":0.004412164575135117,
       "synonymous":1e-10
      },
     "Myobl":{
       "Nucleotide GTR":0.12847219733305,
       "Standard MG94":0.1245131256342015,
       "dN":0.1055718307433734,
       "dS":0.1873495288058715,
       "nonsynonymous":0.08111935499935585,
       "synonymous":0.0433937706348457
      },
     "Myodm":{
       "Nucleotide GTR":0.01386707243553341,
       "Standard MG94":0.01815847682515602,
       "dN":0.003507024018592106,
       "dS":0.06676363296206544,
       "nonsynonymous":0.002694729496990345,
       "synonymous":0.01546374732816567
      },
     "Phyllostomidae":{
       "Nucleotide GTR":0.04266496751091486,
       "Standard MG94":0.1047631995336563,
       "dN":0.01277047541492105,
       "dS":0.409942541014905,
       "nonsynonymous":0.009812586571617739,
       "synonymous":0.09495061296203865
      },
     "Phyllostomus":{
       "Nucleotide GTR":0.08473076987145957,
       "Standard MG94":0.1049048425056978,
       "dN":0.03212314342270721,
       "dS":0.3463529701789805,
       "nonsynonymous":0.02468280275764159,
       "synonymous":0.08022203974805626
      },
     "Pipistrellus":{
       "Nucleotide GTR":0.04773633333227004,
       "Standard MG94":0.04431822774163224,
       "dN":0.04099905080023233,
       "dS":0.05532936196925623,
       "nonsynonymous":0.03150287849592327,
       "synonymous":0.01281534924570899
      },
     "Pteropodidae":{
       "Nucleotide GTR":0.04296739547199421,
       "Standard MG94":0.04140718654682635,
       "dN":0.03208397351306193,
       "dS":0.07233628492270697,
       "nonsynonymous":0.02465270535586846,
       "synonymous":0.01675448119095787
      },
     "Pteropus":{
       "Nucleotide GTR":0.02739901595287072,
       "Standard MG94":0.02627091448463241,
       "dN":0.01914538580324978,
       "dS":0.0499093508014371,
       "nonsynonymous":0.01471094454493894,
       "synonymous":0.01155996993969349
      },
     "Pteropusgv":{
       "Nucleotide GTR":0.002673982161521417,
       "Standard MG94":0.002811889520596038,
       "dN":1.301438241763778e-10,
       "dS":0.01214013368810139,
       "nonsynonymous":1e-10,
       "synonymous":0.002811889520596037
      },
     "Vespertilionidae":{
       "Nucleotide GTR":0.05702033898013384,
       "Standard MG94":0.06873794128971189,
       "dN":0.02100779066764952,
       "dS":0.227079332689765,
       "nonsynonymous":0.01614198045938672,
       "synonymous":0.05259596083032511
      },
     "Yangochiroptera":{
       "Nucleotide GTR":0.01637169818210497,
       "Standard MG94":0.01343255982358371,
       "dN":0.00853621608636617,
       "dS":0.02967583310094885,
       "nonsynonymous":0.006559063513300052,
       "synonymous":0.00687349631028364
      },
     "YangochiropteraAfterSaccopteryx":{
       "Nucleotide GTR":0.003274641494914213,
       "Standard MG94":0.006318872258479623,
       "dN":1.301438241763778e-10,
       "dS":0.02728128307107783,
       "nonsynonymous":1e-10,
       "synonymous":0.006318872258479623
      },
     "ajXP_036993761_2":{
       "Confidence Intervals":{
         "LB":0.1114402955514109,
         "MLE":0.1766235786031257,
         "UB":0.2645745741716739
        },
       "Lineage dN/dS":0.1766235786031257,
       "Nucleotide GTR":0.0380072429096087,
       "Standard MG94":0.02906265608580573,
       "dN":0.02039839435951236,
       "dS":0.05780573020804389,
       "nonsynonymous":0.01567373211030542,
       "original name":"ajXP_036993761.2",
       "synonymous":0.01338892397550036
      },
     "drXP_024419672_2":{
       "Confidence Intervals":{
         "LB":0.0331570323950235,
         "MLE":0.04312020198956774,
         "UB":0.05524057023719261
        },
       "Lineage dN/dS":0.04312020198956774,
       "Nucleotide GTR":0.5743431215078399,
       "Standard MG94":1028.159513832084,
       "dN":0.2818328193792451,
       "dS":4438.07086084093,
       "nonsynonymous":0.2165548931444417,
       "original name":"drXP_024419672.2",
       "synonymous":1027.942958938939
      },
     "mbXP_014390748_1":{
       "Confidence Intervals":{
         "LB":0.3899701202123445,
         "MLE":0.5058705695215024,
         "UB":0.642351052631851
        },
       "Lineage dN/dS":0.5058705695215024,
       "Nucleotide GTR":0.1666040662963049,
       "Standard MG94":0.1640716266923718,
       "dN":0.156373085242717,
       "dS":0.1896109922506659,
       "nonsynonymous":0.1201540574301796,
       "original name":"mbXP_014390748.1",
       "synonymous":0.04391756926219204
      },
     "mdXP_059555429_1":{
       "Confidence Intervals":{
         "LB":0.1446184451971005,
         "MLE":0.238918237708205,
         "UB":0.3656265774003419
        },
       "Lineage dN/dS":0.238918237708205,
       "Nucleotide GTR":0.03034235146338745,
       "Standard MG94":0.02930447260269289,
       "dN":0.03051965151836351,
       "dS":0.02527320268630682,
       "nonsynonymous":0.02345071055926684,
       "original name":"mdXP_059555429.1",
       "synonymous":0.005853762043426042
      },
     "mlXP_014304793_1":{
       "Confidence Intervals":{
         "LB":0.3118565480035991,
         "MLE":0.4126094483255316,
         "UB":0.5316929100092344
        },
       "Lineage dN/dS":0.4126094483255316,
       "Nucleotide GTR":0.1353664950903332,
       "Standard MG94":0.1391692510073387,
       "dN":0.1114567006348839,
       "dS":0.2311036725004541,
       "nonsynonymous":0.08564117532295025,
       "original name":"mlXP_014304793.1",
       "synonymous":0.05352807568438846
      },
     "mmXP_036169334_1":{
       "Confidence Intervals":{
         "LB":0.08334621693811234,
         "MLE":0.1547949678262692,
         "UB":0.257930111035079
        },
       "Lineage dN/dS":0.1547949678262692,
       "Nucleotide GTR":0.009989268145864873,
       "Standard MG94":0.01019778833362177,
       "dN":0.009826441500478773,
       "dS":0.01142970513014424,
       "nonsynonymous":0.007550447793174923,
       "original name":"mmXP_036169334.1",
       "synonymous":0.002647340540446849
      },
     "moXP_036097854_1":{
       "Confidence Intervals":{
         "LB":0.3207957948646578,
         "MLE":0.5237471489568492,
         "UB":0.8028586533633585
        },
       "Lineage dN/dS":0.5237471489568492,
       "Nucleotide GTR":0.07437148657263384,
       "Standard MG94":0.07033283655222969,
       "dN":0.05768804858305582,
       "dS":0.1122810243308822,
       "nonsynonymous":0.0443263819456188,
       "original name":"moXP_036097854.1",
       "synonymous":0.02600645460661087
      },
     "paXP_024905334_1":{
       "Confidence Intervals":{
         "LB":0.3245814613681197,
         "MLE":0.5463378099058079,
         "UB":0.8518109184923136
        },
       "Lineage dN/dS":0.5463378099058079,
       "Nucleotide GTR":0.01065579555505237,
       "Standard MG94":0.01051177299433487,
       "dN":0.009913014479406698,
       "dS":0.01249811192540312,
       "nonsynonymous":0.007616968797514397,
       "original name":"paXP_024905334.1",