{
 "analysis":{
   "authors":"Sergei L Kosakovsky Pond",
   "contact":"spond@temple.edu",
   "info":"Fit an MG94xREV model with several selectable options frequency estimator and \nreport the fit results including dN/dS ratios, and synonymous and non-synonymous branch lengths. v0.2 adds LRT test for dN/dS != 1. \nv0.3 adds LRT test support for dN/dS != 1 for local models. v0.4 adds the lineage option",
   "requirements":"in-frame codon alignment and a phylogenetic tree",
   "version":"0.4"
  },
 "branch attributes":{
   "0":{
     "AjPh":{
       "Nucleotide GTR":0.004481092888901708,
       "Standard MG94":0.003750580878847173,
       "dN":1.311921549296139e-10,
       "dS":0.01577469683784544,
       "nonsynonymous":1e-10,
       "synonymous":0.003750580878847173
      },
     "MolossusPhyllostomus":{
       "Nucleotide GTR":0.007739512233735924,
       "Standard MG94":0.007250707038543375,
       "dN":0.006881871931677253,
       "dS":0.008433168166023703,
       "nonsynonymous":0.00524564287808936,
       "synonymous":0.002005064160454016
      },
     "Myobl":{
       "Nucleotide GTR":0.003259629191935928,
       "Standard MG94":0.003577717431466744,
       "dN":1.311921549296139e-10,
       "dS":0.01504764453185456,
       "nonsynonymous":1e-10,
       "synonymous":0.003577717431466744
      },
     "Phyllostomidae":{
       "Nucleotide GTR":0.01208441399921876,
       "Standard MG94":0.01368475911611624,
       "dN":1.311921549296139e-10,
       "dS":0.05755719802582385,
       "nonsynonymous":1e-10,
       "synonymous":0.01368475911611623
      },
     "Phyllostomus":{
       "Nucleotide GTR":0.01731512759253078,
       "Standard MG94":0.01840200382280527,
       "dN":1.311921549296139e-10,
       "dS":0.07739761943298012,
       "nonsynonymous":1e-10,
       "synonymous":0.01840200382280525
      },
     "Pipistrellus":{
       "Nucleotide GTR":0.02158582156053842,
       "Standard MG94":0.02173064192604396,
       "dN":0.01151371138501949,
       "dS":0.05448545019138906,
       "nonsynonymous":0.008776219425008091,
       "synonymous":0.01295442250103584
      },
     "Pteropodidae":{
       "Nucleotide GTR":0.01568640066287896,
       "Standard MG94":0.01682576491336469,
       "dN":0.00457617025740252,
       "dS":0.05609716082558609,
       "nonsynonymous":0.003488143220040624,
       "synonymous":0.01333762169332407
      },
     "Pteropus":{
       "Nucleotide GTR":0.005409627462788732,
       "Standard MG94":0.005326858807620442,
       "dN":1.311921549296139e-10,
       "dS":0.0224044182761492,
       "nonsynonymous":1e-10,
       "synonymous":0.005326858807620443
      },
     "Vespertilionidae":{
       "Nucleotide GTR":0.016366207830769,
       "Standard MG94":0.01623640457739361,
       "dN":0.0115736215036647,
       "dS":0.03118498085963716,
       "nonsynonymous":0.008821885355777619,
       "synonymous":0.007414519221616007
      },
     "Yangochiroptera":{
       "Nucleotide GTR":0.01622122094791386,
       "Standard MG94":0.0181417856056215,
       "dN":0.002279125337703933,
       "dS":0.06899643256320469,
       "nonsynonymous":0.001737242092659206,
       "synonymous":0.01640454351296228
      },
     "YangochiropteraAfterSaccopteryx":{
       "Nucleotide GTR":0.001131074714173024,
       "Standard MG94":0,
       "dN":1.311921549296139e-10,
       "dS":4.205934319884377e-10,
       "nonsynonymous":1e-10,
       "synonymous":1e-10
      },
     "ajXP_053522461_1":{
       "Confidence Intervals":{
         "LB":0.0008572103421652863,
         "MLE":0.01725734390395752,
         "UB":0.0782252252596046
        },
       "Lineage dN/dS":0.01725734390395752,
       "Nucleotide GTR":0.005750871992046516,
       "Standard MG94":0.005889581322431067,
       "dN":1.311921549296139e-10,
       "dS":0.02477119221376284,
       "nonsynonymous":1e-10,
       "original name":"ajXP_053522461.1",
       "synonymous":0.005889581322431066
      },
     "drXP_053768868_1":{
       "Confidence Intervals":{
         "LB":0.0005928134306240701,
         "MLE":0.01249768957745375,
         "UB":0.05619166446125008
        },
       "Lineage dN/dS":0.01249768957745375,
       "Nucleotide GTR":0.02210972993208194,
       "Standard MG94":0.02429906150108614,
       "dN":1.311921549296139e-10,
       "dS":0.1022002567083994,
       "nonsynonymous":1e-10,
       "original name":"drXP_053768868.1",
       "synonymous":0.02429906150108615
      },
     "mbXP_014384547_1":{
       "Confidence Intervals":{
         "LB":0.3658939341189641,
         "MLE":0.5097476940029267,
         "UB":0.6897827008929945
        },
       "Lineage dN/dS":0.5097476940029267,
       "Nucleotide GTR":0.0854845969192469,
       "Standard MG94":0.0849491964482048,
       "dN":0.07752991852548512,
       "dS":0.108734914169412,
       "nonsynonymous":0.05909645936304712,
       "original name":"mbXP_014384547.1",
       "synonymous":0.02585273708515762
      },
     "mdXP_059554721_1":{
       "Confidence Intervals":{
         "LB":0.09599113732896769,
         "MLE":0.2003430877665392,
         "UB":0.3609125160342235
        },
       "Lineage dN/dS":0.2003430877665392,
       "Nucleotide GTR":0.005044960844411735,
       "Standard MG94":0.005378357027032901,
       "dN":1.311921549296139e-10,
       "dS":0.02262101640458899,
       "nonsynonymous":1e-10,
       "original name":"mdXP_059554721.1",
       "synonymous":0.005378357027032901
      },
     "mlXP_014309403_1":{
       "Confidence Intervals":{
         "LB":0.119473811036462,
         "MLE":0.2388834869782833,
         "UB":0.4191481060956545
        },
       "Lineage dN/dS":0.2388834869782833,
       "Nucleotide GTR":0.00179980144432774,
       "Standard MG94":0.001743941020244569,
       "dN":0.002287913805160345,
       "dS":4.205934319884377e-10,
       "nonsynonymous":0.001743941020244569,
       "original name":"mlXP_014309403.1",
       "synonymous":1e-10
      },
     "mmXP_036167860_1":{
       "Confidence Intervals":{
         "LB":0.1561999741984944,
         "MLE":0.3008180614475987,
         "UB":0.5164775389259186
        },
       "Lineage dN/dS":0.3008180614475987,
       "Nucleotide GTR":0.003702100552195653,
       "Standard MG94":0.003484856316142518,
       "dN":0.004571858097348129,
       "dS":4.205934319884377e-10,
       "nonsynonymous":0.003484856316142518,
       "original name":"mmXP_036167860.1",
       "synonymous":1e-10
      },
     "moXP_036096732_1":{
       "Confidence Intervals":{
         "LB":0.03238986086799619,
         "MLE":0.1045928928206328,
         "UB":0.2431485958985026
        },
       "Lineage dN/dS":0.1045928928206328,
       "Nucleotide GTR":0.007107789806200293,
       "Standard MG94":0.007486800366152514,
       "dN":1.311921549296139e-10,
       "dS":0.03148899060612378,
       "nonsynonymous":1e-10,
       "original name":"moXP_036096732.1",
       "synonymous":0.007486800366152514
      },
     "paXP_015453419_1":{
       "Confidence Intervals":{
         "LB":0.03571392410366783,
         "MLE":0.1149362090537216,
         "UB":0.2678054643281685
        },
       "Lineage dN/dS":0.1149362090537216,
       "Nucleotide GTR":0.008838734998136793,
       "Standard MG94":0.008996445394563535,
       "dN":0.004846832849418828,
       "dS":0.0222998306672657,
       "nonsynonymous":0.003694453263626326,
       "original name":"paXP_015453419.1",
       "synonymous":0.005301992130937207
      },
     "pdXP_028383783_1":{
       "Confidence Intervals":{
         "LB":0.000510051744339556,
         "MLE":0.01100809877957823,
         "UB":0.04948521297133771
        },
       "Lineage dN/dS":0.01100809877957823,
       "Nucleotide GTR":0.008797403930274759,
       "Standard MG94":0.009069831114926773,
       "dN":1.311921549296139e-10,
       "dS":0.03814711396182571,
       "nonsynonymous":1e-10,
       "original name":"pdXP_028383783.1",
       "synonymous":0.009069831114926775
      },