{
 "analysis":{
   "authors":"Sergei L Kosakovsky Pond",
   "contact":"spond@temple.edu",
   "info":"Fit an MG94xREV model with several selectable options frequency estimator and \nreport the fit results including dN/dS ratios, and synonymous and non-synonymous branch lengths. v0.2 adds LRT test for dN/dS != 1. \nv0.3 adds LRT test support for dN/dS != 1 for local models. v0.4 adds the lineage option",
   "requirements":"in-frame codon alignment and a phylogenetic tree",
   "version":"0.4"
  },
 "branch attributes":{
   "0":{
     "AjPh":{
       "Nucleotide GTR":0.005803849633114005,
       "Standard MG94":0.006685555854874454,
       "dN":0.003143375381609047,
       "dS":0.01813708196604174,
       "nonsynonymous":0.002400770286986273,
       "synonymous":0.004284785567888174
      },
     "MolossusPhyllostomus":{
       "Nucleotide GTR":0.0009741720740123012,
       "Standard MG94":0.005749345953525903,
       "dN":1.309319512428229e-10,
       "dS":0.02433642411226287,
       "nonsynonymous":1e-10,
       "synonymous":0.005749345953525903
      },
     "Myotis":{
       "Nucleotide GTR":0.01975733657044489,
       "Standard MG94":0.0204298464235088,
       "dN":0.009534554182073929,
       "dS":0.05565327011218702,
       "nonsynonymous":0.007282068350445185,
       "synonymous":0.01314777807306362
      },
     "Phyllostomidae":{
       "Nucleotide GTR":0.0321665115510437,
       "Standard MG94":0.03246822051766771,
       "dN":0.03042891627060934,
       "dS":0.03906109346981154,
       "nonsynonymous":0.02324025265168216,
       "synonymous":0.009227967865985566
      },
     "Phyllostomus":{
       "Nucleotide GTR":0.004917952068023101,
       "Standard MG94":0.004829121328432231,
       "dN":0.00632286278319965,
       "dS":4.232903065667507e-10,
       "nonsynonymous":0.004829121328432231,
       "synonymous":1e-10
      },
     "Pipistrellus":{
       "Nucleotide GTR":0.01515067618808156,
       "Standard MG94":0.01579251598452405,
       "dN":0.006354267704121927,
       "dS":0.04630545778476718,
       "nonsynonymous":0.004853107010020397,
       "synonymous":0.01093940897450366
      },
     "Pteropodidae":{
       "Nucleotide GTR":0.01685535548823443,
       "Standard MG94":0.01664348711330004,
       "dN":0.01519496850589488,
       "dS":0.02132640735985673,
       "nonsynonymous":0.01160524101387193,
       "synonymous":0.005038246099428139
      },
     "Pteropus":{
       "Nucleotide GTR":0.0158287228068724,
       "Standard MG94":0.01560357567837066,
       "dN":0.01625830999445144,
       "dS":0.01348688310071542,
       "nonsynonymous":0.012417373941292,
       "synonymous":0.003186201737078665
      },
     "Pteropusgv":{
       "Nucleotide GTR":0.002189249991894706,
       "Standard MG94":0.00251913541259193,
       "dN":1.309319512428229e-10,
       "dS":0.01066325601079196,
       "nonsynonymous":1e-10,
       "synonymous":0.00251913541259193
      },
     "Vespertilionidae":{
       "Nucleotide GTR":0.009068595819300859,
       "Standard MG94":0.004540395876436187,
       "dN":1.309319512428229e-10,
       "dS":0.01921905562471085,
       "nonsynonymous":1e-10,
       "synonymous":0.004540395876436188
      },
     "Yangochiroptera":{
       "Nucleotide GTR":0.01378377299807144,
       "Standard MG94":0.01383250443197066,
       "dN":0.004362358022740343,
       "dS":0.04444856979069135,
       "nonsynonymous":0.00333177500322288,
       "synonymous":0.01050072942874775
      },
     "ajXP_037013438_1":{
       "Confidence Intervals":{
         "LB":0.2626866343488888,
         "MLE":0.446852464612172,
         "UB":0.7005318218459697
        },
       "Lineage dN/dS":0.446852464612172,
       "Nucleotide GTR":0.01982122190070719,
       "Standard MG94":0.02005018873283333,
       "dN":0.01594977437949464,
       "dS":0.03330643086624903,
       "nonsynonymous":0.0121817281634447,
       "original name":"ajXP_037013438.1",
       "synonymous":0.007868460569388631
      },
     "drXP_024425702_1":{
       "Confidence Intervals":{
         "LB":0.2957935826883555,
         "MLE":0.5213351866450401,
         "UB":0.8421888578310691
        },
       "Lineage dN/dS":0.5213351866450401,
       "Nucleotide GTR":0.01408850749240615,
       "Standard MG94":0.01363557184782464,
       "dN":0.01273381085760581,
       "dS":0.01655087771760245,
       "nonsynonymous":0.009725518283913772,
       "original name":"drXP_024425702.1",
       "synonymous":0.003910053563910863
      },
     "mbXP_014399783_1":{
       "Confidence Intervals":{
         "LB":0.1012179682995229,
         "MLE":0.1249968047780273,
         "UB":0.1551528215487576
        },
       "Lineage dN/dS":0.1249968047780273,
       "Nucleotide GTR":1.019249016167878,
       "Standard MG94":1.217421881881921,
       "dN":0.8536221987917304,
       "dS":2.393550992633064,
       "nonsynonymous":0.6519586630223095,
       "original name":"mbXP_014399783.1",
       "synonymous":0.565463218859611
      },
     "mdXP_059535550_1":{
       "Confidence Intervals":{
         "LB":0.03407583846208652,
         "MLE":0.1093376688794423,
         "UB":0.2518700912389696
        },
       "Lineage dN/dS":0.1093376688794423,
       "Nucleotide GTR":0,
       "Standard MG94":0,
       "dN":1.309319512428229e-10,
       "dS":4.232903065667507e-10,
       "nonsynonymous":1e-10,
       "original name":"mdXP_059535550.1",
       "synonymous":1e-10
      },
     "mlXP_023609510_1":{
       "Confidence Intervals":{
         "LB":0.5512971483646001,
         "MLE":0.7364570532193125,
         "UB":0.960393512030716
        },
       "Lineage dN/dS":0.7364570532193125,
       "Nucleotide GTR":0.174537191945069,
       "Standard MG94":0.173857307457246,
       "dN":0.1937100597490431,
       "dS":0.1096752837111579,
       "nonsynonymous":0.1479471266641353,
       "original name":"mlXP_023609510.1",
       "synonymous":0.02591018079311076
      },
     "mmXP_036159909_1":{
       "Confidence Intervals":{
         "LB":0.1879573085857392,
         "MLE":0.3184453522769148,
         "UB":0.4991397709905406
        },
       "Lineage dN/dS":0.3184453522769148,
       "Nucleotide GTR":0.04274615531456349,
       "Standard MG94":0.0426248628875599,
       "dN":0.04311685235805694,
       "dS":0.0410343086201139,
       "nonsynonymous":0.03293073382683617,
       "original name":"mmXP_036159909.1",
       "synonymous":0.009694129060723719
      },
     "moXP_036127494_1":{
       "Confidence Intervals":{
         "LB":0.1281321168661718,
         "MLE":0.160504088619727,
         "UB":0.1999110733825999
        },
       "Lineage dN/dS":0.160504088619727,
       "Nucleotide GTR":0.6658927931883838,
       "Standard MG94":1.02047273874399,
       "dN":0.4493088000522828,
       "dS":2.866990387139143,
       "nonsynonymous":0.3431620744878434,
       "original name":"moXP_036127494.1",
       "synonymous":0.6773106642561477
      },
     "paXP_006911708_1":{
       "Confidence Intervals":{
         "LB":0.5529673972455749,
         "MLE":1.089451118098955,
         "UB":1.899587572356735
        },
       "Lineage dN/dS":1.089451118098955,
       "Nucleotide GTR":0.002460329383177405,
       "Standard MG94":0.002410447846833302,
       "dN":0.003156046399549454,
       "dS":4.232903065667507e-10,
       "nonsynonymous":0.002410447846833302,
       "original name":"paXP_006911708.1",
       "synonymous":1e-10
      },
     "pdXP_028378622_1":{
       "Confidence Intervals":{
         "LB":0.2724217930968904,
         "MLE":0.492056943040782,
         "UB":0.8072846976702897
        },
       "Lineage dN/dS":0.492056943040782,
       "Nucleotide GTR":0,
       "Standard MG94":0,
       "dN":1.309319512428229e-10,
       "dS":4.232903065667507e-10,
       "nonsynonymous":1e-10,
       "original name":"pdXP_028378622.1",
       "synonymous":1e-10
      },
     "pgXP_039730182_1":{
       "Confidence Intervals":{
         "LB":0.515662571395986,
         "MLE":0.8314898005657075,