{
 "analysis":{
   "authors":"Sergei L Kosakovsky Pond",
   "contact":"spond@temple.edu",
   "info":"Fit an MG94xREV model with several selectable options frequency estimator and \nreport the fit results including dN/dS ratios, and synonymous and non-synonymous branch lengths. v0.2 adds LRT test for dN/dS != 1. \nv0.3 adds LRT test support for dN/dS != 1 for local models. v0.4 adds the lineage option",
   "requirements":"in-frame codon alignment and a phylogenetic tree",
   "version":"0.4"
  },
 "branch attributes":{
   "0":{
     "MolossusPhyllostomus":{
       "Nucleotide GTR":0.005924038352109979,
       "Standard MG94":0.004702953335886229,
       "dN":0.006024027742542735,
       "dS":4.559945838167342e-10,
       "nonsynonymous":0.004702953335886227,
       "synonymous":1e-10
      },
     "Myodm":{
       "Nucleotide GTR":0.00242542777919301,
       "Standard MG94":0.002349711156228382,
       "dN":0.003009752421754493,
       "dS":4.559945838167342e-10,
       "nonsynonymous":0.002349711156228382,
       "synonymous":1e-10
      },
     "Myotis":{
       "Nucleotide GTR":0.006642311077806538,
       "Standard MG94":0.005750255530358569,
       "dN":1.28090315006444e-10,
       "dS":0.0262208537740573,
       "nonsynonymous":1e-10,
       "synonymous":0.005750255530358569
      },
     "Phyllostomidae":{
       "Nucleotide GTR":0.009619846517527115,
       "Standard MG94":0.01192938144839116,
       "dN":0.003000537729155465,
       "dS":0.04371558148633094,
       "nonsynonymous":0.002342517253552318,
       "synonymous":0.009586864194838854
      },
     "Phyllostomus":{
       "Nucleotide GTR":0.0108969176201141,
       "Standard MG94":0.01448371666083791,
       "dN":1.28090315006444e-10,
       "dS":0.06604496350878278,
       "nonsynonymous":1e-10,
       "synonymous":0.0144837166608379
      },
     "Pipistrellus":{
       "Nucleotide GTR":0.01873781958151051,
       "Standard MG94":0.02139218158517406,
       "dN":0.009026391705685092,
       "dS":0.06541372380231272,
       "nonsynonymous":0.007046896328759117,
       "synonymous":0.01434528525641496
      },
     "Pteropodidae":{
       "Nucleotide GTR":0.02511256176764724,
       "Standard MG94":0.02738498711421267,
       "dN":0.006042307307108475,
       "dS":0.1033637712688513,
       "nonsynonymous":0.004717224176398111,
       "synonymous":0.02266776293781454
      },
     "Pteropus":{
       "Nucleotide GTR":0.004946192769521866,
       "Standard MG94":0.005176898611745104,
       "dN":1.28090315006444e-10,
       "dS":0.02360637727924136,
       "nonsynonymous":1e-10,
       "synonymous":0.005176898611745102
      },
     "Yangochiroptera":{
       "Nucleotide GTR":0.01912605082947813,
       "Standard MG94":0.02230845031023165,
       "dN":0.006023008087724589,
       "dS":0.08028374257296024,
       "nonsynonymous":0.004702157292236795,
       "synonymous":0.01760629301799483
      },
     "ajXP_053524271_1":{
       "Confidence Intervals":{
         "LB":0.01564130810883571,
         "MLE":0.06358523756243821,
         "UB":0.1653900645852339
        },
       "Lineage dN/dS":0.06358523756243821,
       "Nucleotide GTR":0.01283712181964348,
       "Standard MG94":0.01288924719095829,
       "dN":1.28090315006444e-10,
       "dS":0.05877426908552035,
       "nonsynonymous":1e-10,
       "original name":"ajXP_053524271.1",
       "synonymous":0.01288924719095829
      },
     "drXP_024413494_2":{
       "Confidence Intervals":{
         "LB":0.03773092196821292,
         "MLE":0.105592684357261,
         "UB":0.2273958466915657
        },
       "Lineage dN/dS":0.105592684357261,
       "Nucleotide GTR":0.01707046834161548,
       "Standard MG94":0.0182265701824631,
       "dN":0.006000076826743844,
       "dS":0.06175222431953647,
       "nonsynonymous":0.00468425487628943,
       "original name":"drXP_024413494.2",
       "synonymous":0.01354231530617366
      },
     "mbXP_014390861_1":{
       "Confidence Intervals":{
         "LB":0.2307667938243935,
         "MLE":0.3409341131428459,
         "UB":0.4827772250094665
        },
       "Lineage dN/dS":0.3409341131428459,
       "Nucleotide GTR":0.1299573994883123,
       "Standard MG94":0.1344778206772429,
       "dN":0.09217879952030501,
       "dS":0.2850600450034369,
       "nonsynonymous":0.07196391039843071,
       "original name":"mbXP_014390861.1",
       "synonymous":0.06251391027881234
      },
     "mdXP_059557556_1":{
       "Confidence Intervals":{
         "LB":0.07610480702184566,
         "MLE":0.216516852094481,
         "UB":0.472885485840585
        },
       "Lineage dN/dS":0.216516852094481,
       "Nucleotide GTR":0,
       "Standard MG94":0,
       "dN":1.28090315006444e-10,
       "dS":4.559945838167342e-10,
       "nonsynonymous":1e-10,
       "original name":"mdXP_059557556.1",
       "synonymous":1e-10
      },
     "mlXP_006100654_1":{
       "Confidence Intervals":{
         "LB":0.05103392475381368,
         "MLE":0.1684878584624999,
         "UB":0.3982840007983394
        },
       "Lineage dN/dS":0.1684878584624999,
       "Nucleotide GTR":0,
       "Standard MG94":0,
       "dN":1.28090315006444e-10,
       "dS":4.559945838167342e-10,
       "nonsynonymous":1e-10,
       "original name":"mlXP_006100654.1",
       "synonymous":1e-10
      },
     "mmXP_036172778_1":{
       "Confidence Intervals":{
         "LB":0.07593965608012031,
         "MLE":0.2156468538062263,
         "UB":0.4718350861112743
        },
       "Lineage dN/dS":0.2156468538062263,
       "Nucleotide GTR":0,
       "Standard MG94":0,
       "dN":1.28090315006444e-10,
       "dS":4.559945838167342e-10,
       "nonsynonymous":1e-10,
       "original name":"mmXP_036172778.1",
       "synonymous":1e-10
      },
     "moXP_036104242_1":{
       "Confidence Intervals":{
         "LB":0.08368424410349357,
         "MLE":0.1948874227083306,
         "UB":0.3783071985031677
        },
       "Lineage dN/dS":0.1948874227083306,
       "Nucleotide GTR":0.01943011636199824,
       "Standard MG94":0.02101013970164222,
       "dN":0.009078013740913143,
       "dS":0.06348786185602812,
       "nonsynonymous":0.007087197607763275,
       "original name":"moXP_036104242.1",
       "synonymous":0.01392294209387893
      },
     "paXP_015455893_1":{
       "Confidence Intervals":{
         "LB":0.009236777414910607,
         "MLE":0.05616226548357462,
         "UB":0.1738239297223306
        },
       "Lineage dN/dS":0.05616226548357462,
       "Nucleotide GTR":0.002427926865869213,
       "Standard MG94":0.002492956723975754,
       "dN":1.28090315006444e-10,
       "dS":0.01136774763822452,
       "nonsynonymous":1e-10,
       "original name":"paXP_015455893.1",
       "synonymous":0.002492956723975751
      },
     "pdXP_035878485_1":{
       "Confidence Intervals":{
         "LB":0.01371005163041924,
         "MLE":0.05573033953664705,
         "UB":0.1451036032531005
        },
       "Lineage dN/dS":0.05573033953664705,
       "Nucleotide GTR":0.003869874873260031,
       "Standard MG94":0.003880043781921563,
       "dN":1.28090315006444e-10,
       "dS":0.01769278949528029,
       "nonsynonymous":1e-10,
       "original name":"pdXP_035878485.1",
       "synonymous":0.003880043781921561
      },
     "pgXP_039710410_1":{
       "Confidence Intervals":{
         "LB":0.009236398271257265,
         "MLE":0.05613340537694127,
         "UB":0.1738182435571247
        },
       "Lineage dN/dS":0.05613340537694127,
       "Nucleotide GTR":0.002428099923869755,
       "Standard MG94":0.002499018932348476,
       "dN":1.28090315006444e-10,
       "dS":0.01139539098006383,
       "nonsynonymous":1e-10,
       "original name":"pgXP_039710410.1",
       "synonymous":0.002499018932348476
      },
     "phXP_045698747_1":{
       "Confidence Intervals":{
         "LB":0.01266011264321821,
         "MLE":0.05162111559559177,
         "UB":0.1340996745416007
        },
       "Lineage dN/dS":0.05162111559559177,