{
 "analysis":{
   "authors":"Sergei L Kosakovsky Pond",
   "contact":"spond@temple.edu",
   "info":"Fit an MG94xREV model with several selectable options frequency estimator and \nreport the fit results including dN/dS ratios, and synonymous and non-synonymous branch lengths. v0.2 adds LRT test for dN/dS != 1. \nv0.3 adds LRT test support for dN/dS != 1 for local models. v0.4 adds the lineage option",
   "requirements":"in-frame codon alignment and a phylogenetic tree",
   "version":"0.4"
  },
 "branch attributes":{
   "0":{
     "AjPh":{
       "Nucleotide GTR":0.008713343357731508,
       "Standard MG94":0.009966409040830322,
       "dN":0.005278479984959238,
       "dS":0.02410957407102092,
       "nonsynonymous":0.003964422523441898,
       "synonymous":0.006001986517388432
      },
     "MolossusPhyllostomus":{
       "Nucleotide GTR":0.007267014312360156,
       "Standard MG94":0.008777665566797887,
       "dN":0.001175020699019009,
       "dS":0.03171433114970917,
       "nonsynonymous":0.0008825037772189973,
       "synonymous":0.007895161789578893
      },
     "Myobl":{
       "Nucleotide GTR":0.01316419602159952,
       "Standard MG94":0.01675600821897278,
       "dN":0.0103150340606544,
       "dS":0.03618799180716357,
       "nonsynonymous":0.007747145670089045,
       "synonymous":0.009008862548883736
      },
     "Myodm":{
       "Nucleotide GTR":0.002631741812069854,
       "Standard MG94":0.001812792409789478,
       "dN":0.002071939399278598,
       "dS":0.001030963462350199,
       "nonsynonymous":0.001556137987661647,
       "synonymous":0.00025665442212783
      },
     "Myotis":{
       "Nucleotide GTR":0.01023467731481095,
       "Standard MG94":0.008460819343431266,
       "dN":0.002827701976524836,
       "dS":0.02545555360776762,
       "nonsynonymous":0.002123756353582688,
       "synonymous":0.006337062989848582
      },
     "Phyllostomidae":{
       "Nucleotide GTR":0.03090979739825527,
       "Standard MG94":0.03835403640977361,
       "dN":0.01899923896893649,
       "dS":0.09674615179147809,
       "nonsynonymous":0.0142694508857342,
       "synonymous":0.0240845855240394
      },
     "Phyllostomus":{
       "Nucleotide GTR":0.0304193523204119,
       "Standard MG94":0.04146259353326353,
       "dN":0.01336957275279778,
       "dS":0.1262173379757158,
       "nonsynonymous":0.01004126860403278,
       "synonymous":0.03142132492923075
      },
     "Pipistrellus":{
       "Nucleotide GTR":0.03422735918221014,
       "Standard MG94":0.04771534405957928,
       "dN":0.01357662189048607,
       "dS":0.1507095608668118,
       "nonsynonymous":0.01019677364852468,
       "synonymous":0.03751857041105464
      },
     "Pteropodidae":{
       "Nucleotide GTR":0.03906970921574245,
       "Standard MG94":0.04885236570846088,
       "dN":0.01854583983347946,
       "dS":0.1402851053751999,
       "nonsynonymous":0.01392892373590381,
       "synonymous":0.03492344197255704
      },
     "Pteropus":{
       "Nucleotide GTR":0.02157998058855426,
       "Standard MG94":0.01939352489402547,
       "dN":0.01285759406090124,
       "dS":0.03911198635047994,
       "nonsynonymous":0.00965674505493143,
       "synonymous":0.009736779839094042
      },
     "Pteropusgv":{
       "Nucleotide GTR":0.004566821140808316,
       "Standard MG94":0.003837581670440521,
       "dN":0.002506984130327039,
       "dS":0.007851904492801093,
       "nonsynonymous":0.001882879992062083,
       "synonymous":0.001954701678378436
      },
     "Vespertilionidae":{
       "Nucleotide GTR":0.0192912113989192,
       "Standard MG94":0.02853783772640751,
       "dN":0.0107720343765185,
       "dS":0.0821360653609986,
       "nonsynonymous":0.008090377500198125,
       "synonymous":0.02044746022620935
      },
     "Yangochiroptera":{
       "Nucleotide GTR":0.01896686172997711,
       "Standard MG94":0.02100347050963062,
       "dN":0.006725036525025094,
       "dS":0.06408054053569012,
       "nonsynonymous":0.005050864329645611,
       "synonymous":0.01595260617998502
      },
     "YangochiropteraAfterSaccopteryx":{
       "Nucleotide GTR":0.01065324337759692,
       "Standard MG94":0.01127848003607378,
       "dN":0.006423890771796113,
       "dS":0.0259244476478239,
       "nonsynonymous":0.004824687663192064,
       "synonymous":0.006453792372881702
      },
     "ajXP_036982712_2":{
       "Confidence Intervals":{
         "LB":0.09205241355113833,
         "MLE":0.1235906040851439,
         "UB":0.1614082866028264
        },
       "Lineage dN/dS":0.1235906040851439,
       "Nucleotide GTR":0.03788159425172669,
       "Standard MG94":0.03855504124400019,
       "dN":0.0183519735124124,
       "dS":0.09950633074487554,
       "nonsynonymous":0.01378331969611109,
       "original name":"ajXP_036982712.2",
       "synonymous":0.02477172154788909
      },
     "drXP_045038620_2":{
       "Confidence Intervals":{
         "LB":0.09194658808230632,
         "MLE":0.1238727420049588,
         "UB":0.1621860089075626
        },
       "Lineage dN/dS":0.1238727420049588,
       "Nucleotide GTR":0.04319157380845452,
       "Standard MG94":0.04216111945047313,
       "dN":0.02053506302514206,
       "dS":0.1074054696380288,
       "nonsynonymous":0.01542293740037754,
       "original name":"drXP_045038620.2",
       "synonymous":0.02673818205009558
      },
     "mbXP_014388937_1":{
       "Confidence Intervals":{
         "LB":0.186102671863578,
         "MLE":0.224020074735381,
         "UB":0.2663427958221037
        },
       "Lineage dN/dS":0.224020074735381,
       "Nucleotide GTR":0.1220763805010059,
       "Standard MG94":0.1239198196909341,
       "dN":0.1083717631549768,
       "dS":0.1708272551205251,
       "nonsynonymous":0.08139302601902704,
       "original name":"mbXP_014388937.1",
       "synonymous":0.04252679367190701
      },
     "mdXP_059532761_1":{
       "Confidence Intervals":{
         "LB":0.0624568419031442,
         "MLE":0.09218244248887489,
         "UB":0.1294977043044425
        },
       "Lineage dN/dS":0.09218244248887489,
       "Nucleotide GTR":0.008039609884155901,
       "Standard MG94":0.007636144524123878,
       "dN":0.003983960669405301,
       "dS":0.01865453630485968,
       "nonsynonymous":0.002992168854537961,
       "original name":"mdXP_059532761.1",
       "synonymous":0.004643975669585923
      },
     "mlXP_023608941_1":{
       "Confidence Intervals":{
         "LB":0.06954636703230779,
         "MLE":0.07848755700352136,
         "UB":0.08843496902062446
        },
       "Lineage dN/dS":0.07848755700352136,
       "Nucleotide GTR":0.6210696696395559,
       "Standard MG94":583.9156285194186,
       "dN":0.4662286577541702,
       "dS":2344.14302331643,
       "nonsynonymous":0.3501628114800912,
       "original name":"mlXP_023608941.1",
       "synonymous":583.5654657079386
      },
     "mmXP_036183558_1":{
       "Confidence Intervals":{
         "LB":0.04791608754313625,
         "MLE":0.07347208049102981,
         "UB":0.1061104013983335
        },
       "Lineage dN/dS":0.07347208049102981,
       "Nucleotide GTR":0.007753724422734569,
       "Standard MG94":0.008785864224832214,
       "dN":1.331462515346745e-10,
       "dS":0.03529222261543717,
       "nonsynonymous":1e-10,
       "original name":"mmXP_036183558.1",
       "synonymous":0.008785864224832211
      },
     "moXP_036099575_1":{
       "Confidence Intervals":{
         "LB":0.06455588103412281,
         "MLE":0.09476052033827743,
         "UB":0.1326303671290271
        },
       "Lineage dN/dS":0.09476052033827743,
       "Nucleotide GTR":0.05500764059097578,
       "Standard MG94":0.0567154824415553,
       "dN":0.0248159802640544,
       "dS":0.1529541239184973,
       "nonsynonymous":0.01863813661895823,
       "original name":"moXP_036099575.1",
       "synonymous":0.03807734582259695
      },
     "paXP_006919081_1":{
       "Confidence Intervals":{
         "LB":0.07773006386070731,
         "MLE":0.1155399287145728,