{
 "analysis":{
   "authors":"Sergei L Kosakovsky Pond",
   "contact":"spond@temple.edu",
   "info":"Fit an MG94xREV model with several selectable options frequency estimator and \nreport the fit results including dN/dS ratios, and synonymous and non-synonymous branch lengths. v0.2 adds LRT test for dN/dS != 1. \nv0.3 adds LRT test support for dN/dS != 1 for local models. v0.4 adds the lineage option",
   "requirements":"in-frame codon alignment and a phylogenetic tree",
   "version":"0.4"
  },
 "branch attributes":{
   "0":{
     "AjPh":{
       "Nucleotide GTR":0.02045778618001623,
       "Standard MG94":0.02507955640095498,
       "dN":0.0332827136616585,
       "dS":4.057305328168745e-10,
       "nonsynonymous":0.02507955640095498,
       "synonymous":1e-10
      },
     "MolossusPhyllostomus":{
       "Nucleotide GTR":0.00712385903035076,
       "Standard MG94":0.0008803627239998649,
       "dN":1.327085420872562e-10,
       "dS":0.003571900370805802,
       "nonsynonymous":1e-10,
       "synonymous":0.0008803627239998649
      },
     "Myobl":{
       "Nucleotide GTR":0.01286803905303606,
       "Standard MG94":0.01285669838866962,
       "dN":0.01265361785964593,
       "dS":0.01347757757210107,
       "nonsynonymous":0.009534893278630203,
       "synonymous":0.003321805110039413
      },
     "Myodm":{
       "Nucleotide GTR":0.01032809282346687,
       "Standard MG94":0.01060018971104659,
       "dN":0.01406735722401327,
       "dS":4.057305328168745e-10,
       "nonsynonymous":0.01060018971104659,
       "synonymous":1e-10
      },
     "Myotis":{
       "Nucleotide GTR":0.02174118338237328,
       "Standard MG94":0.02364354893950453,
       "dN":0.01819138506403867,
       "dS":0.04031247860601551,
       "nonsynonymous":0.01370777252008223,
       "synonymous":0.00993577641942231
      },
     "Phyllostomidae":{
       "Nucleotide GTR":0.4173501630437251,
       "Standard MG94":0.4666567428084586,
       "dN":0.3069114020446708,
       "dS":0.9550470242757163,
       "nonsynonymous":0.2312672547053345,
       "synonymous":0.2353894881031235
      },
     "Pipistrellus":{
       "Nucleotide GTR":0.03395600069313402,
       "Standard MG94":0.03172293593706207,
       "dN":0.03693612047022208,
       "dS":0.01578463908710508,
       "nonsynonymous":0.02783251167504838,
       "synonymous":0.003890424262013685
      },
     "Pteropus":{
       "Nucleotide GTR":0.1376930304527678,
       "Standard MG94":0.1403743475891574,
       "dN":0.1415318813834227,
       "dS":0.1368354133524147,
       "nonsynonymous":0.1066486596547531,
       "synonymous":0.03372568793440425
      },
     "Pteropusgv":{
       "Nucleotide GTR":0.01079742686755496,
       "Standard MG94":0.01657941868350329,
       "dN":0.01300372900384656,
       "dS":0.02751139379299598,
       "nonsynonymous":0.009798712878102881,
       "synonymous":0.006780705805400448
      },
     "Vespertilionidae":{
       "Nucleotide GTR":0.05729257824974076,
       "Standard MG94":0.0696936130633657,
       "dN":0.07278990638904088,
       "dS":0.06022729898120574,
       "nonsynonymous":0.05484945071673031,
       "synonymous":0.01484416234663542
      },
     "Yangochiroptera":{
       "Nucleotide GTR":0.02820904429797652,
       "Standard MG94":0.02380189777207259,
       "dN":0.02135704259938727,
       "dS":0.03127656651812438,
       "nonsynonymous":0.01609319359815208,
       "synonymous":0.007708704173920523
      },
     "YangochiropteraAfterSaccopteryx":{
       "Nucleotide GTR":0.01239168152536301,
       "Standard MG94":0.01025357748376842,
       "dN":0.01360737319049624,
       "dS":4.057305328168745e-10,
       "nonsynonymous":0.01025357748376842,
       "synonymous":1e-10
      },
     "ajXP_037006109_2":{
       "Confidence Intervals":{
         "LB":0.2751057319433895,
         "MLE":0.3597782442557448,
         "UB":0.4608862542033632
        },
       "Lineage dN/dS":0.3597782442557448,
       "Nucleotide GTR":0.07264938415691612,
       "Standard MG94":0.07392985890527178,
       "dN":0.04004653251519882,
       "dS":0.1775215332137225,
       "nonsynonymous":0.03017630356369081,
       "original name":"ajXP_037006109.2",
       "synonymous":0.04375355534158096
      },
     "drXP_024433098_1":{
       "Confidence Intervals":{
         "LB":0.3571118786038593,
         "MLE":0.4708252526767029,
         "UB":0.611690141630828
        },
       "Lineage dN/dS":0.4708252526767029,
       "Nucleotide GTR":0.04814652138946931,
       "Standard MG94":0.04438193771076652,
       "dN":0.05033364269226519,
       "dS":0.0261857583591422,
       "nonsynonymous":0.03792795994938343,
       "original name":"drXP_024433098.1",
       "synonymous":0.006453977761383089
      },
     "mbXP_005874893_1":{
       "Confidence Intervals":{
         "LB":0.7210220020650091,
         "MLE":1.080833491043328,
         "UB":1.542984485804323
        },
       "Lineage dN/dS":1.080833491043328,
       "Nucleotide GTR":0.01666752486968457,
       "Standard MG94":0.016722678733492,
       "dN":0.01781923890868177,
       "dS":0.01337015946722674,
       "nonsynonymous":0.01342734885668895,
       "original name":"mbXP_005874893.1",
       "synonymous":0.003295329876803069
      },
     "mdXP_059524733_1":{
       "Confidence Intervals":{
         "LB":0.917731552416135,
         "MLE":1.382626384601048,
         "UB":1.990677336858461
        },
       "Lineage dN/dS":1.382626384601048,
       "Nucleotide GTR":0.01004557362157736,
       "Standard MG94":0.0100173820631279,
       "dN":0.01329392169128734,
       "dS":4.057305328168745e-10,
       "nonsynonymous":0.0100173820631279,
       "original name":"mdXP_059524733.1",
       "synonymous":1e-10
      },
     "mlXP_014316104_1":{
       "Confidence Intervals":{
         "LB":0.893003356522591,
         "MLE":1.306441260732724,
         "UB":1.831139370211285
        },
       "Lineage dN/dS":1.306441260732724,
       "Nucleotide GTR":0.02684324297534271,
       "Standard MG94":0.02686251120919851,
       "dN":0.03129004016697937,
       "dS":0.01332620333595365,
       "nonsynonymous":0.0235780151562558,
       "original name":"mlXP_014316104.1",
       "synonymous":0.003284496052942704
      },
     "mmXP_036192054_1":{
       "Confidence Intervals":{
         "LB":0.6786587294619079,
         "MLE":0.9084083308932858,
         "UB":1.182856279693243
        },
       "Lineage dN/dS":0.9084083308932858,
       "Nucleotide GTR":0.1750305373789758,
       "Standard MG94":0.1748277246198394,
       "dN":0.1558116419664498,
       "dS":0.2329656954369445,
       "nonsynonymous":0.1174089018806365,
       "original name":"mmXP_036192054.1",
       "synonymous":0.05741882273920287
      },
     "moXP_036137138_1":{
       "Confidence Intervals":{
         "LB":0.3170481173805665,
         "MLE":0.4154630693275455,
         "UB":0.5404235777911223
        },
       "Lineage dN/dS":0.4154630693275455,
       "Nucleotide GTR":0.6450681847822881,
       "Standard MG94":0.7260378896591666,
       "dN":0.4951988905616923,
       "dS":1.431783191549009,
       "nonsynonymous":0.3731477136084411,
       "original name":"moXP_036137138.1",
       "synonymous":0.3528901760507241
      },
     "paXP_015448989_1":{
       "Confidence Intervals":{
         "LB":0.7712992686414579,
         "MLE":1.176164644129939,
         "UB":1.700010636240119
        },
       "Lineage dN/dS":1.176164644129939,
       "Nucleotide GTR":0.0158282505801574,
       "Standard MG94":0.009978768829499796,
       "dN":0.01324267863188674,
       "dS":4.057305328168745e-10,
       "nonsynonymous":0.009978768829499796,
       "original name":"paXP_015448989.1",
       "synonymous":1e-10
      },
     "pdXP_028363499_2":{
       "Confidence Intervals":{
         "LB":0.263532769379795,
         "MLE":0.3461581475867572,
         "UB":0.4472050054785472
        },
       "Lineage dN/dS":0.3461581475867572,
       "Nucleotide GTR":0.05984469232876486,