{
 "analysis":{
   "authors":"Sergei L Kosakovsky Pond",
   "contact":"spond@temple.edu",
   "info":"Fit an MG94xREV model with several selectable options frequency estimator and \nreport the fit results including dN/dS ratios, and synonymous and non-synonymous branch lengths. v0.2 adds LRT test for dN/dS != 1. \nv0.3 adds LRT test support for dN/dS != 1 for local models. v0.4 adds the lineage option",
   "requirements":"in-frame codon alignment and a phylogenetic tree",
   "version":"0.4"
  },
 "branch attributes":{
   "0":{
     "AjPh":{
       "Nucleotide GTR":0.001396957364384319,
       "Standard MG94":0.0008057949540404888,
       "dN":1.301079384353592e-10,
       "dS":0.003482148752791957,
       "nonsynonymous":1e-10,
       "synonymous":0.0008057949540404888
      },
     "Myodm":{
       "Nucleotide GTR":0.001426857989863965,
       "Standard MG94":0.001485299611523571,
       "dN":1.301079384353592e-10,
       "dS":0.006418548743517326,
       "nonsynonymous":1e-10,
       "synonymous":0.001485299611523571
      },
     "Myotis":{
       "Nucleotide GTR":0.007836197254472521,
       "Standard MG94":0.007947421098083574,
       "dN":1.301079384353592e-10,
       "dS":0.03434385177747547,
       "nonsynonymous":1e-10,
       "synonymous":0.007947421098083574
      },
     "Phyllostomidae":{
       "Nucleotide GTR":0.01789671896670179,
       "Standard MG94":0.01953158364849282,
       "dN":1.301079384353592e-10,
       "dS":0.08440345686035866,
       "nonsynonymous":1e-10,
       "synonymous":0.01953158364849283
      },
     "Phyllostomus":{
       "Nucleotide GTR":0.01843382820031484,
       "Standard MG94":0.02184302838772909,
       "dN":1.301079384353592e-10,
       "dS":0.09439209525467977,
       "nonsynonymous":1e-10,
       "synonymous":0.02184302838772908
      },
     "Pipistrellus":{
       "Nucleotide GTR":0.01577749384601511,
       "Standard MG94":0.01954416462364449,
       "dN":0.001835634471735659,
       "dS":0.07836097863410393,
       "nonsynonymous":0.001410855089866517,
       "synonymous":0.01813330953377798
      },
     "Pteropodidae":{
       "Nucleotide GTR":0.02038666042135658,
       "Standard MG94":0.0232676698578744,
       "dN":1.301079384353592e-10,
       "dS":0.1005485169269269,
       "nonsynonymous":1e-10,
       "synonymous":0.0232676698578744
      },
     "Pteropus":{
       "Nucleotide GTR":0.004163045449953391,
       "Standard MG94":0.004352930548065976,
       "dN":1.301079384353592e-10,
       "dS":0.01881068081021555,
       "nonsynonymous":1e-10,
       "synonymous":0.004352930548065975
      },
     "Vespertilionidae":{
       "Nucleotide GTR":0.01696305222161773,
       "Standard MG94":0.01901851924665469,
       "dN":0.007369278820236204,
       "dS":0.05771011034123952,
       "nonsynonymous":0.005663973243183345,
       "synonymous":0.01335454600347137
      },
     "Yangochiroptera":{
       "Nucleotide GTR":0.001506362846739803,
       "Standard MG94":0.001540547626291078,
       "dN":1.301079384353592e-10,
       "dS":0.006657296584704775,
       "nonsynonymous":1e-10,
       "synonymous":0.001540547626291078
      },
     "ajXP_036998406_1":{
       "Confidence Intervals":{
         "LB":0,
         "MLE":0,
         "UB":0.02076038800594692
        },
       "Lineage dN/dS":0,
       "Nucleotide GTR":0.006544729491401131,
       "Standard MG94":0.008158829131014773,
       "dN":1.301079384353592e-10,
       "dS":0.0352574268929689,
       "nonsynonymous":1e-10,
       "original name":"ajXP_036998406.1",
       "synonymous":0.00815882913101477
      },
     "drXP_024434723_2":{
       "Confidence Intervals":{
         "LB":0,
         "MLE":0,
         "UB":0.01860762019772856
        },
       "Lineage dN/dS":0,
       "Nucleotide GTR":0.01200836521650088,
       "Standard MG94":0.01244406166790462,
       "dN":1.301079384353592e-10,
       "dS":0.05377555865705127,
       "nonsynonymous":1e-10,
       "original name":"drXP_024434723.2",
       "synonymous":0.01244406166790461
      },
     "mbXP_005856578_1":{
       "Confidence Intervals":{
         "LB":0.01659886090249948,
         "MLE":0.05364941088306853,
         "UB":0.1245043897806975
        },
       "Lineage dN/dS":0.05364941088306853,
       "Nucleotide GTR":0.001432618362412651,
       "Standard MG94":0.001592406421689753,
       "dN":1.301079384353592e-10,
       "dS":0.006881398310352603,
       "nonsynonymous":1e-10,
       "original name":"mbXP_005856578.1",
       "synonymous":0.001592406421689752
      },
     "mdXP_059541322_1":{
       "Confidence Intervals":{
         "LB":0.01481494583632367,
         "MLE":0.04781903710639442,
         "UB":0.1110826488189543
        },
       "Lineage dN/dS":0.04781903710639442,
       "Nucleotide GTR":0.002849923872917256,
       "Standard MG94":0.003017644340386587,
       "dN":1.301079384353592e-10,
       "dS":0.01304039746533195,
       "nonsynonymous":1e-10,
       "original name":"mdXP_059541322.1",
       "synonymous":0.003017644340386587
      },
     "mlXP_014318392_1":{
       "Confidence Intervals":{
         "LB":0.1965408614550586,
         "MLE":0.2551891858148097,
         "UB":0.3251242157554106
        },
       "Lineage dN/dS":0.2551891858148097,
       "Nucleotide GTR":0.1613429946241236,
       "Standard MG94":0.1643926077082613,
       "dN":0.1293758068838013,
       "dS":0.2806968206308429,
       "nonsynonymous":0.09943728909983339,
       "original name":"mlXP_014318392.1",
       "synonymous":0.06495531860842789
      },
     "mmXP_036155836_1":{
       "Confidence Intervals":{
         "LB":0.01568481354641572,
         "MLE":0.05062058352515592,
         "UB":0.1176245207755806
        },
       "Lineage dN/dS":0.05062058352515592,
       "Nucleotide GTR":0.001430860450853502,
       "Standard MG94":0.00150068561289859,
       "dN":1.301079384353592e-10,
       "dS":0.006485037550911603,
       "nonsynonymous":1e-10,
       "original name":"mmXP_036155836.1",
       "synonymous":0.00150068561289859
      },
     "moXP_036105675_1":{
       "Confidence Intervals":{
         "LB":0,
         "MLE":0,
         "UB":0.02559931537933532
        },
       "Lineage dN/dS":0,
       "Nucleotide GTR":0.02028808578579765,
       "Standard MG94":0.02281089159667642,
       "dN":1.301079384353592e-10,
       "dS":0.09857460303660349,
       "nonsynonymous":1e-10,
       "original name":"moXP_036105675.1",
       "synonymous":0.02281089159667642
      },
     "paXP_015448287_1":{
       "Confidence Intervals":{
         "LB":0.05128623464266592,
         "MLE":0.1023867968059528,
         "UB":0.1798328345563347
        },
       "Lineage dN/dS":0.1023867968059528,
       "Nucleotide GTR":0.02026654557276649,
       "Standard MG94":0.02028008390957611,
       "dN":0.01945429913899034,
       "dS":0.02302283154857067,
       "nonsynonymous":0.0149524305533868,
       "original name":"paXP_015448287.1",
       "synonymous":0.005327653356189288
      },
     "pdXP_028382756_1":{
       "Confidence Intervals":{
         "LB":0,
         "MLE":0,
         "UB":0.01333512081804054
        },
       "Lineage dN/dS":0,
       "Nucleotide GTR":0.004022989382297669,
       "Standard MG94":0.003046413783126305,
       "dN":1.301079384353592e-10,
       "dS":0.01316472125099516,
       "nonsynonymous":1e-10,
       "original name":"pdXP_028382756.1",
       "synonymous":0.003046413783126305
      },
     "pgXP_039709588_1":{
       "Confidence Intervals":{
         "LB":0,
         "MLE":0,
         "UB":0.02146458019885033
        },
       "Lineage dN/dS":0,
       "Nucleotide GTR":0.001425781775806946,
       "Standard MG94":0.001445344073594499,
       "dN":1.301079384353592e-10,
       "dS":0.006245885554365782,
       "nonsynonymous":1e-10,
       "original name":"pgXP_039709588.1",
       "synonymous":0.001445344073594498
      },
     "phXP_045677479_1":{
       "Confidence Intervals":{
         "LB":0,
         "MLE":0,