{
 "analysis":{
   "authors":"Sergei L Kosakovsky Pond",
   "contact":"spond@temple.edu",
   "info":"Fit an MG94xREV model with several selectable options frequency estimator and \nreport the fit results including dN/dS ratios, and synonymous and non-synonymous branch lengths. v0.2 adds LRT test for dN/dS != 1. \nv0.3 adds LRT test support for dN/dS != 1 for local models. v0.4 adds the lineage option",
   "requirements":"in-frame codon alignment and a phylogenetic tree",
   "version":"0.4"
  },
 "branch attributes":{
   "0":{
     "MolossusPhyllostomus":{
       "Nucleotide GTR":0.006229671054589017,
       "Standard MG94":0.005499256437832289,
       "dN":0.007043050178205566,
       "dS":4.56217044674803e-10,
       "nonsynonymous":0.005499256437832289,
       "synonymous":1e-10
      },
     "Myodm":{
       "Nucleotide GTR":0.004864487117142573,
       "Standard MG94":0.004715692376004475,
       "dN":0.006039517961136011,
       "dS":4.56217044674803e-10,
       "nonsynonymous":0.004715692376004475,
       "synonymous":1e-10
      },
     "Myotis":{
       "Nucleotide GTR":0.006556277672913469,
       "Standard MG94":0.005673722202058424,
       "dN":1.280727723434155e-10,
       "dS":0.0258844877532891,
       "nonsynonymous":1e-10,
       "synonymous":0.005673722202058424
      },
     "Phyllostomidae":{
       "Nucleotide GTR":0.01214095704676189,
       "Standard MG94":0.01346794300714096,
       "dN":0.005005007400386729,
       "dS":0.04361436211825254,
       "nonsynonymous":0.003907940234920704,
       "synonymous":0.009560002772220267
      },
     "Phyllostomus":{
       "Nucleotide GTR":0.01099780806454685,
       "Standard MG94":0.01453503538070627,
       "dN":1.280727723434155e-10,
       "dS":0.06631130885629516,
       "nonsynonymous":1e-10,
       "synonymous":0.01453503538070627
      },
     "Pipistrellus":{
       "Nucleotide GTR":0.01873040243448172,
       "Standard MG94":0.02135727404860242,
       "dN":0.009053025199728009,
       "dS":0.06518710566749637,
       "nonsynonymous":0.007068657165828461,
       "synonymous":0.01428861688277397
      },
     "Pteropodidae":{
       "Nucleotide GTR":0.02508115989590197,
       "Standard MG94":0.02724099168381213,
       "dN":0.006040264268730645,
       "dS":0.1027615963313761,
       "nonsynonymous":0.004716275097515829,
       "synonymous":0.02252471658629629
      },
     "Pteropus":{
       "Nucleotide GTR":0.004936773920028273,
       "Standard MG94":0.005159859055416199,
       "dN":1.280727723434155e-10,
       "dS":0.02354015649200499,
       "nonsynonymous":1e-10,
       "synonymous":0.005159859055416199
      },
     "Yangochiroptera":{
       "Nucleotide GTR":0.01949890189525522,
       "Standard MG94":0.02299486310877175,
       "dN":0.007051714231774132,
       "dS":0.07978707686651662,
       "nonsynonymous":0.005506021383581518,
       "synonymous":0.01748884172519021
      },
     "ajXP_053524271_1":{
       "Confidence Intervals":{
         "LB":0.0252159531255779,
         "MLE":0.08160871516426701,
         "UB":0.1900930415905543
        },
       "Lineage dN/dS":0.08160871516426701,
       "Nucleotide GTR":0.01275421515876938,
       "Standard MG94":0.01290130780465735,
       "dN":1.280727723434155e-10,
       "dS":0.05885796519080747,
       "nonsynonymous":1e-10,
       "original name":"ajXP_053524271.1",
       "synonymous":0.01290130780465735
      },
     "drXP_024413494_2":{
       "Confidence Intervals":{
         "LB":0.04804351332975929,
         "MLE":0.1211813798286329,
         "UB":0.2460174569290586
        },
       "Lineage dN/dS":0.1211813798286329,
       "Nucleotide GTR":0.01687334719067473,
       "Standard MG94":0.01833958765766656,
       "dN":0.006012194376151977,
       "dS":0.06225186369051808,
       "nonsynonymous":0.004694357954578219,
       "original name":"drXP_024413494.2",
       "synonymous":0.01364522970308835
      },
     "mbXP_014390861_1":{
       "Confidence Intervals":{
         "LB":0.2374300308493966,
         "MLE":0.349168953579152,
         "UB":0.491723385606411
        },
       "Lineage dN/dS":0.349168953579152,
       "Nucleotide GTR":0.1326019074701164,
       "Standard MG94":0.1372851832593896,
       "dN":0.09549691870558062,
       "dS":0.2861421042738561,
       "nonsynonymous":0.07456457524751189,
       "original name":"mbXP_014390861.1",
       "synonymous":0.06272060801187769
      },
     "mdXP_059557556_1":{
       "Confidence Intervals":{
         "LB":0.09687868008858519,
         "MLE":0.246804677311347,
         "UB":0.5071177505881206
        },
       "Lineage dN/dS":0.246804677311347,
       "Nucleotide GTR":0,
       "Standard MG94":0,
       "dN":1.280727723434155e-10,
       "dS":4.56217044674803e-10,
       "nonsynonymous":1e-10,
       "original name":"mdXP_059557556.1",
       "synonymous":1e-10
      },
     "mlXP_006100655_1":{
       "Confidence Intervals":{
         "LB":0.05305552366882926,
         "MLE":0.1808448367872383,
         "UB":0.437928579560769
        },
       "Lineage dN/dS":0.1808448367872383,
       "Nucleotide GTR":0,
       "Standard MG94":0,
       "dN":1.280727723434155e-10,
       "dS":4.56217044674803e-10,
       "nonsynonymous":1e-10,
       "original name":"mlXP_006100655.1",
       "synonymous":1e-10
      },
     "mmXP_036172778_1":{
       "Confidence Intervals":{
         "LB":0.09682923076767867,
         "MLE":0.2464836585423809,
         "UB":0.5068501160465292
        },
       "Lineage dN/dS":0.2464836585423809,
       "Nucleotide GTR":0,
       "Standard MG94":0,
       "dN":1.280727723434155e-10,
       "dS":4.56217044674803e-10,
       "nonsynonymous":1e-10,
       "original name":"mmXP_036172778.1",
       "synonymous":1e-10
      },
     "moXP_036104243_1":{
       "Confidence Intervals":{
         "LB":0.08433069666953677,
         "MLE":0.1993883026000189,
         "UB":0.390222774543911
        },
       "Lineage dN/dS":0.1993883026000189,
       "Nucleotide GTR":0.01936477474716876,
       "Standard MG94":0.02103577243033334,
       "dN":0.009084277010987064,
       "dS":0.06360903620757312,
       "nonsynonymous":0.007093058770234475,
       "original name":"moXP_036104243.1",
       "synonymous":0.01394271366009887
      },
     "paXP_006926563_1":{
       "Confidence Intervals":{
         "LB":0.00888570300334845,
         "MLE":0.054170856121748,
         "UB":0.1674016979457648
        },
       "Lineage dN/dS":0.054170856121748,
       "Nucleotide GTR":0.002422043920031599,
       "Standard MG94":0.002484512065963128,
       "dN":1.280727723434155e-10,
       "dS":0.01133476752192587,
       "nonsynonymous":1e-10,
       "original name":"paXP_006926563.1",
       "synonymous":0.002484512065963128
      },
     "pdXP_035878485_1":{
       "Confidence Intervals":{
         "LB":0.02203586021365278,
         "MLE":0.07136645831531362,
         "UB":0.1661557503611434
        },
       "Lineage dN/dS":0.07136645831531362,
       "Nucleotide GTR":0.003880739679312816,
       "Standard MG94":0.003920140937888539,
       "dN":1.280727723434155e-10,
       "dS":0.0178843511339222,
       "nonsynonymous":1e-10,
       "original name":"pdXP_035878485.1",
       "synonymous":0.003920140937888539
      },
     "pgXP_039710411_1":{
       "Confidence Intervals":{
         "LB":0.008878558360032686,
         "MLE":0.05399701566639063,
         "UB":0.1672674437990443
        },
       "Lineage dN/dS":0.05399701566639063,
       "Nucleotide GTR":0.002422227456137546,
       "Standard MG94":0.002490534731084506,
       "dN":1.280727723434155e-10,
       "dS":0.01136224394675329,
       "nonsynonymous":1e-10,
       "original name":"pgXP_039710411.1",
       "synonymous":0.002490534731084506
      },
     "phXP_045698747_1":{
       "Confidence Intervals":{
         "LB":0.02039370696151905,
         "MLE":0.06601192243207957,
         "UB":0.153809411909652
        },
       "Lineage dN/dS":0.06601192243207957,