{
 "analysis":{
   "authors":"Sergei L Kosakovsky Pond",
   "contact":"spond@temple.edu",
   "info":"Fit an MG94xREV model with several selectable options frequency estimator and \nreport the fit results including dN/dS ratios, and synonymous and non-synonymous branch lengths. v0.2 adds LRT test for dN/dS != 1. \nv0.3 adds LRT test support for dN/dS != 1 for local models. v0.4 adds the lineage option",
   "requirements":"in-frame codon alignment and a phylogenetic tree",
   "version":"0.4"
  },
 "branch attributes":{
   "0":{
     "MolossusPhyllostomus":{
       "Nucleotide GTR":0.006229671054589017,
       "Standard MG94":0.005499256368551603,
       "dN":0.007043050089475872,
       "dS":4.56217044674803e-10,
       "nonsynonymous":0.005499256368551603,
       "synonymous":1e-10
      },
     "Myodm":{
       "Nucleotide GTR":0.004864487117142573,
       "Standard MG94":0.004715692369251592,
       "dN":0.006039517952487406,
       "dS":4.56217044674803e-10,
       "nonsynonymous":0.004715692369251592,
       "synonymous":1e-10
      },
     "Myotis":{
       "Nucleotide GTR":0.006556277672913469,
       "Standard MG94":0.005673722207398059,
       "dN":1.280727723434155e-10,
       "dS":0.02588448777764941,
       "nonsynonymous":1e-10,
       "synonymous":0.005673722207398057
      },
     "Phyllostomidae":{
       "Nucleotide GTR":0.01214095704676189,
       "Standard MG94":0.01346794301887959,
       "dN":0.005005007396126036,
       "dS":0.04361436218698348,
       "nonsynonymous":0.003907940231593929,
       "synonymous":0.00956000278728567
      },
     "Phyllostomus":{
       "Nucleotide GTR":0.01099780806454685,
       "Standard MG94":0.01453503535179811,
       "dN":1.280727723434155e-10,
       "dS":0.0663113087244112,
       "nonsynonymous":1e-10,
       "synonymous":0.01453503535179811
      },
     "Pipistrellus":{
       "Nucleotide GTR":0.01873040243448172,
       "Standard MG94":0.02135727403109,
       "dN":0.009053025186921452,
       "dS":0.06518710563322079,
       "nonsynonymous":0.007068657155829023,
       "synonymous":0.01428861687526097
      },
     "Pteropodidae":{
       "Nucleotide GTR":0.02508115989590197,
       "Standard MG94":0.02724099177815011,
       "dN":0.006040264273838779,
       "dS":0.1027615967435661,
       "nonsynonymous":0.004716275101504292,
       "synonymous":0.02252471667664582
      },
     "Pteropus":{
       "Nucleotide GTR":0.004936773920028273,
       "Standard MG94":0.005159859076062725,
       "dN":1.280727723434155e-10,
       "dS":0.02354015658619796,
       "nonsynonymous":1e-10,
       "synonymous":0.005159859076062725
      },
     "Yangochiroptera":{
       "Nucleotide GTR":0.01949890189525522,
       "Standard MG94":0.0229948631494781,
       "dN":0.007051714226263854,
       "dS":0.07978707707185444,
       "nonsynonymous":0.005506021379279059,
       "synonymous":0.01748884177019901
      },
     "ajXP_053524271_1":{
       "Confidence Intervals":{
         "LB":0.0252159034647592,
         "MLE":0.08160857798004902,
         "UB":0.1900926607672017
        },
       "Lineage dN/dS":0.08160857798004902,
       "Nucleotide GTR":0.01275421515876938,
       "Standard MG94":0.01290130785674268,
       "dN":1.280727723434155e-10,
       "dS":0.05885796542842963,
       "nonsynonymous":1e-10,
       "original name":"ajXP_053524271.1",
       "synonymous":0.01290130785674268
      },
     "drXP_024413494_2":{
       "Confidence Intervals":{
         "LB":0.04804290547080512,
         "MLE":0.1211799891102474,
         "UB":0.246014343394847
        },
       "Lineage dN/dS":0.1211799891102474,
       "Nucleotide GTR":0.01687334719067473,
       "Standard MG94":0.0183395876784343,
       "dN":0.006012194332161955,
       "dS":0.06225186394196392,
       "nonsynonymous":0.004694357920230542,
       "original name":"drXP_024413494.2",
       "synonymous":0.01364522975820375
      },
     "mbXP_014390861_1":{
       "Confidence Intervals":{
         "LB":0.2370661341446938,
         "MLE":0.3485844316399017,
         "UB":0.4909900414823697
        },
       "Lineage dN/dS":0.3485844316399017,
       "Nucleotide GTR":0.1326019074701164,
       "Standard MG94":0.1372851834326231,
       "dN":0.09549691860359932,
       "dS":0.2861421054274516,
       "nonsynonymous":0.07456457516788427,
       "original name":"mbXP_014390861.1",
       "synonymous":0.0627206082647388
      },
     "mdXP_059557556_1":{
       "Confidence Intervals":{
         "LB":0.09687867557573407,
         "MLE":0.2468046803629188,
         "UB":0.507117726775709
        },
       "Lineage dN/dS":0.2468046803629188,
       "Nucleotide GTR":0,
       "Standard MG94":0,
       "dN":1.280727723434155e-10,
       "dS":4.56217044674803e-10,
       "nonsynonymous":1e-10,
       "original name":"mdXP_059557556.1",
       "synonymous":1e-10
      },
     "mlXP_006100655_1":{
       "Confidence Intervals":{
         "LB":0.05305483122655939,
         "MLE":0.1805357030597952,
         "UB":0.437905497166943
        },
       "Lineage dN/dS":0.1805357030597952,
       "Nucleotide GTR":0,
       "Standard MG94":0,
       "dN":1.280727723434155e-10,
       "dS":4.56217044674803e-10,
       "nonsynonymous":1e-10,
       "original name":"mlXP_006100655.1",
       "synonymous":1e-10
      },
     "mmXP_036172778_1":{
       "Confidence Intervals":{
         "LB":0.09682923106770065,
         "MLE":0.2464836615891989,
         "UB":0.5068501176285214
        },
       "Lineage dN/dS":0.2464836615891989,
       "Nucleotide GTR":0,
       "Standard MG94":0,
       "dN":1.280727723434155e-10,
       "dS":4.56217044674803e-10,
       "nonsynonymous":1e-10,
       "original name":"mmXP_036172778.1",
       "synonymous":1e-10
      },
     "moXP_036104243_1":{
       "Confidence Intervals":{
         "LB":0.08433069214859817,
         "MLE":0.1993882723563624,
         "UB":0.3902227535380726
        },
       "Lineage dN/dS":0.1993882723563624,
       "Nucleotide GTR":0.01936477474716876,
       "Standard MG94":0.02103577244411718,
       "dN":0.009084276925679483,
       "dS":0.06360903657433746,
       "nonsynonymous":0.007093058703625797,
       "original name":"moXP_036104243.1",
       "synonymous":0.01394271374049138
      },
     "paXP_006926563_1":{
       "Confidence Intervals":{
         "LB":0.00888532466611996,
         "MLE":0.05407383597328927,
         "UB":0.1673952679738236
        },
       "Lineage dN/dS":0.05407383597328927,
       "Nucleotide GTR":0.002422043920031599,
       "Standard MG94":0.002484512075760692,
       "dN":1.280727723434155e-10,
       "dS":0.01133476756662403,
       "nonsynonymous":1e-10,
       "original name":"paXP_006926563.1",
       "synonymous":0.002484512075760692
      },
     "pdXP_035878485_1":{
       "Confidence Intervals":{
         "LB":0.02203585784256707,
         "MLE":0.07136644864554396,
         "UB":0.1661557326063182
        },
       "Lineage dN/dS":0.07136644864554396,
       "Nucleotide GTR":0.003880739679312816,
       "Standard MG94":0.00392014095343043,
       "dN":1.280727723434155e-10,
       "dS":0.01788435120482695,
       "nonsynonymous":1e-10,
       "original name":"pdXP_035878485.1",
       "synonymous":0.003920140953430429
      },
     "pgXP_039710411_1":{
       "Confidence Intervals":{
         "LB":0.00888410311963473,
         "MLE":0.05405250248633325,
         "UB":0.1673719302624636
        },
       "Lineage dN/dS":0.05405250248633325,
       "Nucleotide GTR":0.002422227456137546,
       "Standard MG94":0.002490534740941779,
       "dN":1.280727723434155e-10,
       "dS":0.01136224399172384,
       "nonsynonymous":1e-10,
       "original name":"pgXP_039710411.1",
       "synonymous":0.002490534740941778
      },
     "phXP_045698747_1":{
       "Confidence Intervals":{
         "LB":0.02039370294010385,
         "MLE":0.06601186584008555,
         "UB":0.153809381493166
        },
       "Lineage dN/dS":0.06601186584008555,