{
 "analysis":{
   "authors":"Sergei L Kosakovsky Pond",
   "contact":"spond@temple.edu",
   "info":"Fit an MG94xREV model with several selectable options frequency estimator and \nreport the fit results including dN/dS ratios, and synonymous and non-synonymous branch lengths. v0.2 adds LRT test for dN/dS != 1. \nv0.3 adds LRT test support for dN/dS != 1 for local models. v0.4 adds the lineage option",
   "requirements":"in-frame codon alignment and a phylogenetic tree",
   "version":"0.4"
  },
 "branch attributes":{
   "0":{
     "MolossusPhyllostomus":{
       "Nucleotide GTR":7.986284335827864e-05,
       "Standard MG94":0.004205237708322588,
       "dN":1.293367391529783e-10,
       "dS":0.01853961102225534,
       "nonsynonymous":1e-10,
       "synonymous":0.004205237708322588
      },
     "Myotis":{
       "Nucleotide GTR":0.01837437336652637,
       "Standard MG94":0.01408488310334603,
       "dN":1.293367391529783e-10,
       "dS":0.06209595560155209,
       "nonsynonymous":1e-10,
       "synonymous":0.01408488310334603
      },
     "Phyllostomidae":{
       "Nucleotide GTR":0.07640972218048581,
       "Standard MG94":0.08049916291993904,
       "dN":0.04846466870292782,
       "dS":0.189694987479599,
       "nonsynonymous":0.03747169522002889,
       "synonymous":0.0430274676999102
      },
     "Phyllostomus":{
       "Nucleotide GTR":0.02634804152252987,
       "Standard MG94":0.02534604391261754,
       "dN":0.02471567759776764,
       "dS":0.02749477050272284,
       "nonsynonymous":0.01910955677375951,
       "synonymous":0.006236487138858014
      },
     "Pipistrellus":{
       "Nucleotide GTR":0.02158884733099673,
       "Standard MG94":0.02324043622076446,
       "dN":0.01448802814271359,
       "dS":0.05307472704774031,
       "nonsynonymous":0.01120178863144004,
       "synonymous":0.0120386475893244
      },
     "Pteropodidae":{
       "Nucleotide GTR":0.07826597707931189,
       "Standard MG94":0.08570440057998457,
       "dN":0.03698900359572096,
       "dS":0.2517603372341372,
       "nonsynonymous":0.02859899193219237,
       "synonymous":0.05710540864779227
      },
     "Pteropus":{
       "Nucleotide GTR":0.01193266392223945,
       "Standard MG94":0.01316273602868902,
       "dN":1.293367391529783e-10,
       "dS":0.05803049028062237,
       "nonsynonymous":1e-10,
       "synonymous":0.01316273602868903
      },
     "Vespertilionidae":{
       "Nucleotide GTR":0.07140825441840766,
       "Standard MG94":0.06888993759325694,
       "dN":0.05243093574764109,
       "dS":0.1249936570959231,
       "nonsynonymous":0.04053831578792647,
       "synonymous":0.02835162180533043
      },
     "Yangochiroptera":{
       "Nucleotide GTR":0.01898819734922864,
       "Standard MG94":0.01918282734277562,
       "dN":0.01468887254033541,
       "dS":0.03450134921054759,
       "nonsynonymous":0.01135707660215675,
       "synonymous":0.007825750740618869
      },
     "ajXP_053511624_1":{
       "Confidence Intervals":{
         "LB":0.1615856944958551,
         "MLE":0.3143937441512316,
         "UB":0.5382686920944317
        },
       "Lineage dN/dS":0.3143937441512316,
       "Nucleotide GTR":0.0571554187321453,
       "Standard MG94":0.05757534024469334,
       "dN":0.02569794320921339,
       "dS":0.1662356684060924,
       "nonsynonymous":0.01986902049449236,
       "original name":"ajXP_053511624.1",
       "synonymous":0.03770631975020093
      },
     "drXP_024433069_1":{
       "Confidence Intervals":{
         "LB":0.3027496190893544,
         "MLE":0.5109305427130579,
         "UB":0.8015899682277949
        },
       "Lineage dN/dS":0.5109305427130579,
       "Nucleotide GTR":0.07691808601554821,
       "Standard MG94":0.07730122679097766,
       "dN":0.06328547995696922,
       "dS":0.1250766348243057,
       "nonsynonymous":0.04893078360520264,
       "original name":"drXP_024433069.1",
       "synonymous":0.02837044318577507
      },
     "mbXP_014402084_1":{
       "Confidence Intervals":{
         "LB":0.2835216386408765,
         "MLE":0.4583095983295682,
         "UB":0.6949503917145563
        },
       "Lineage dN/dS":0.4583095983295682,
       "Nucleotide GTR":0.1163065274422781,
       "Standard MG94":0.1170440367851843,
       "dN":0.08534024695163551,
       "dS":0.2251125909221231,
       "nonsynonymous":0.06598298945104518,
       "original name":"mbXP_014402084.1",
       "synonymous":0.05106104733413922
      },
     "mdXP_059524609_1":{
       "Confidence Intervals":{
         "LB":0.2197651013122071,
         "MLE":0.4425698821263168,
         "UB":0.7854412840324043
        },
       "Lineage dN/dS":0.4425698821263168,
       "Nucleotide GTR":0.005567454273199393,
       "Standard MG94":0.005552160150253834,
       "dN":0.007180982890889412,
       "dS":4.408695134061884e-10,
       "nonsynonymous":0.005552160150253835,
       "original name":"mdXP_059524609.1",
       "synonymous":1e-10
      },
     "mlXP_014316098_1":{
       "Confidence Intervals":{
         "LB":0.2195044053945673,
         "MLE":0.4407934770622767,
         "UB":0.784520795524831
        },
       "Lineage dN/dS":0.4407934770622767,
       "Nucleotide GTR":0.005567932178357652,
       "Standard MG94":0.005555685167127198,
       "dN":0.007185542032768012,
       "dS":4.408695134061884e-10,
       "nonsynonymous":0.005555685167127198,
       "original name":"mlXP_014316098.1",
       "synonymous":1e-10
      },
     "mmXP_036192254_1":{
       "Confidence Intervals":{
         "LB":0.1868520434764828,
         "MLE":0.3941960095982981,
         "UB":0.7171366470819097
        },
       "Lineage dN/dS":0.3941960095982981,
       "Nucleotide GTR":0,
       "Standard MG94":0,
       "dN":1.293367391529783e-10,
       "dS":4.408695134061884e-10,
       "nonsynonymous":1e-10,
       "original name":"mmXP_036192254.1",
       "synonymous":1e-10
      },
     "moXP_036134633_1":{
       "Confidence Intervals":{
         "LB":0.3949715500962329,
         "MLE":0.7188945318879332,
         "UB":1.191898857029323
        },
       "Lineage dN/dS":0.7188945318879332,
       "Nucleotide GTR":0.1089419991166237,
       "Standard MG94":0.1057979030545459,
       "dN":0.09109355371458286,
       "dS":0.155920547099224,
       "nonsynonymous":0.07043130537475374,
       "original name":"moXP_036134633.1",
       "synonymous":0.03536659767979217
      },
     "paXP_006907716_1":{
       "Confidence Intervals":{
         "LB":0.05885475464280962,
         "MLE":0.1663961292766999,
         "UB":0.3608077876130954
        },
       "Lineage dN/dS":0.1663961292766999,
       "Nucleotide GTR":0,
       "Standard MG94":0,
       "dN":1.293367391529783e-10,
       "dS":4.408695134061884e-10,
       "nonsynonymous":1e-10,
       "original name":"paXP_006907716.1",
       "synonymous":1e-10
      },
     "pdXP_035877998_1":{
       "Confidence Intervals":{
         "LB":0.2420883808837899,
         "MLE":0.4558008540558844,
         "UB":0.7712717301173209
        },
       "Lineage dN/dS":0.4558008540558844,
       "Nucleotide GTR":0.003034883331673776,
       "Standard MG94":0.007894552184750282,
       "dN":1.293367391529783e-10,
       "dS":0.03480467380250619,
       "nonsynonymous":1e-10,
       "original name":"pdXP_035877998.1",
       "synonymous":0.007894552184750284
      },
     "pgXP_039701390_1":{
       "Confidence Intervals":{
         "LB":0.07370502409431122,
         "MLE":0.1870374954036,
         "UB":0.3826863486354792
        },
       "Lineage dN/dS":0.1870374954036,
       "Nucleotide GTR":0.01132215321708061,
       "Standard MG94":0.011236117298185,
       "dN":0.007260414345055046,
       "dS":0.02478807660899446,
       "nonsynonymous":0.005613574605795105,
       "original name":"pgXP_039701390.1",
       "synonymous":0.005622542692389878
      },
     "phXP_045713868_1":{
       "Confidence Intervals":{
         "LB":0.3703055160925844,
         "MLE":0.6130202005274836,
         "UB":0.9469045739351175
        },