{
 "analysis":{
   "authors":"Sergei L Kosakovsky Pond",
   "contact":"spond@temple.edu",
   "info":"Fit an MG94xREV model with several selectable options frequency estimator and \nreport the fit results including dN/dS ratios, and synonymous and non-synonymous branch lengths. v0.2 adds LRT test for dN/dS != 1. \nv0.3 adds LRT test support for dN/dS != 1 for local models. v0.4 adds the lineage option",
   "requirements":"in-frame codon alignment and a phylogenetic tree",
   "version":"0.4"
  },
 "branch attributes":{
   "0":{
     "MolossusPhyllostomus":{
       "Nucleotide GTR":0.005924038352109979,
       "Standard MG94":0.004702953340835499,
       "dN":0.006024027748882273,
       "dS":4.559945838167342e-10,
       "nonsynonymous":0.004702953340835499,
       "synonymous":1e-10
      },
     "Myodm":{
       "Nucleotide GTR":0.00242542777919301,
       "Standard MG94":0.002349711180740313,
       "dN":0.003009752453151902,
       "dS":4.559945838167342e-10,
       "nonsynonymous":0.002349711180740313,
       "synonymous":1e-10
      },
     "Myotis":{
       "Nucleotide GTR":0.006642311077806538,
       "Standard MG94":0.005750255524176834,
       "dN":1.28090315006444e-10,
       "dS":0.02622085374586891,
       "nonsynonymous":1e-10,
       "synonymous":0.005750255524176833
      },
     "Phyllostomidae":{
       "Nucleotide GTR":0.009619846517527115,
       "Standard MG94":0.01192938145442549,
       "dN":0.003000537753342763,
       "dS":0.04371558142774154,
       "nonsynonymous":0.002342517272435321,
       "synonymous":0.009586864181990151
      },
     "Phyllostomus":{
       "Nucleotide GTR":0.0108969176201141,
       "Standard MG94":0.01448371665694401,
       "dN":1.28090315006444e-10,
       "dS":0.06604496349102684,
       "nonsynonymous":1e-10,
       "synonymous":0.01448371665694401
      },
     "Pipistrellus":{
       "Nucleotide GTR":0.01873781958151051,
       "Standard MG94":0.0213921815844362,
       "dN":0.009026391687268728,
       "dS":0.06541372386450933,
       "nonsynonymous":0.007046896314381479,
       "synonymous":0.01434528527005473
      },
     "Pteropodidae":{
       "Nucleotide GTR":0.02511256176764724,
       "Standard MG94":0.02738498710896079,
       "dN":0.006042307306757613,
       "dS":0.1033637712461523,
       "nonsynonymous":0.004717224176124194,
       "synonymous":0.02266776293283662
      },
     "Pteropus":{
       "Nucleotide GTR":0.004946192769521866,
       "Standard MG94":0.005176898615059569,
       "dN":1.28090315006444e-10,
       "dS":0.02360637729435516,
       "nonsynonymous":1e-10,
       "synonymous":0.005176898615059569
      },
     "Yangochiroptera":{
       "Nucleotide GTR":0.01912605082947813,
       "Standard MG94":0.02230845030160687,
       "dN":0.00602300808755287,
       "dS":0.08028374253424321,
       "nonsynonymous":0.004702157292102735,
       "synonymous":0.01760629300950415
      },
     "ajXP_053524271_1":{
       "Confidence Intervals":{
         "LB":0.01564128126675064,
         "MLE":0.06358508502505986,
         "UB":0.1653897820509499
        },
       "Lineage dN/dS":0.06358508502505986,
       "Nucleotide GTR":0.01283712181964348,
       "Standard MG94":0.01288924718125407,
       "dN":1.28090315006444e-10,
       "dS":0.05877426904126964,
       "nonsynonymous":1e-10,
       "original name":"ajXP_053524271.1",
       "synonymous":0.01288924718125407
      },
     "drXP_024413494_2":{
       "Confidence Intervals":{
         "LB":0.03773074095054584,
         "MLE":0.1055922558941284,
         "UB":0.2273947603581755
        },
       "Lineage dN/dS":0.1055922558941284,
       "Nucleotide GTR":0.01707046834161548,
       "Standard MG94":0.01822657020119007,
       "dN":0.006000076851045571,
       "dS":0.06175222431841769,
       "nonsynonymous":0.004684254895261766,
       "original name":"drXP_024413494.2",
       "synonymous":0.01354231530592831
      },
     "mbXP_014390861_1":{
       "Confidence Intervals":{
         "LB":0.2307667906503348,
         "MLE":0.3409341052110968,
         "UB":0.4827772183615039
        },
       "Lineage dN/dS":0.3409341052110968,
       "Nucleotide GTR":0.1299573994883123,
       "Standard MG94":0.1344778206207979,
       "dN":0.09217879943734961,
       "dS":0.2850600450413657,
       "nonsynonymous":0.07196391033366749,
       "original name":"mbXP_014390861.1",
       "synonymous":0.06251391028713014
      },
     "mdXP_059557556_1":{
       "Confidence Intervals":{
         "LB":0.07610480673131605,
         "MLE":0.2165168317773795,
         "UB":0.4728854839567079
        },
       "Lineage dN/dS":0.2165168317773795,
       "Nucleotide GTR":0,
       "Standard MG94":0,
       "dN":1.28090315006444e-10,
       "dS":4.559945838167342e-10,
       "nonsynonymous":1e-10,
       "original name":"mdXP_059557556.1",
       "synonymous":1e-10
      },
     "mlXP_006100654_1":{
       "Confidence Intervals":{
         "LB":0.05103392168595253,
         "MLE":0.1684878555776126,
         "UB":0.3982839784944345
        },
       "Lineage dN/dS":0.1684878555776126,
       "Nucleotide GTR":0,
       "Standard MG94":0,
       "dN":1.28090315006444e-10,
       "dS":4.559945838167342e-10,
       "nonsynonymous":1e-10,
       "original name":"mlXP_006100654.1",
       "synonymous":1e-10
      },
     "mmXP_036172778_1":{
       "Confidence Intervals":{
         "LB":0.07593965553528868,
         "MLE":0.2156468335852336,
         "UB":0.4718350826747337
        },
       "Lineage dN/dS":0.2156468335852336,
       "Nucleotide GTR":0,
       "Standard MG94":0,
       "dN":1.28090315006444e-10,
       "dS":4.559945838167342e-10,
       "nonsynonymous":1e-10,
       "original name":"mmXP_036172778.1",
       "synonymous":1e-10
      },
     "moXP_036104242_1":{
       "Confidence Intervals":{
         "LB":0.08368424416207033,
         "MLE":0.1948874047459987,
         "UB":0.3783071989322837
        },
       "Lineage dN/dS":0.1948874047459987,
       "Nucleotide GTR":0.01943011636199824,
       "Standard MG94":0.02101013968675138,
       "dN":0.009078013722131382,
       "dS":0.06348786185498873,
       "nonsynonymous":0.00708719759310037,
       "original name":"moXP_036104242.1",
       "synonymous":0.01392294209365099
      },
     "paXP_015455893_1":{
       "Confidence Intervals":{
         "LB":0.009238767651863142,
         "MLE":0.05615234922537693,
         "UB":0.1738609625632594
        },
       "Lineage dN/dS":0.05615234922537693,
       "Nucleotide GTR":0.002427926865869213,
       "Standard MG94":0.002492956718487425,
       "dN":1.28090315006444e-10,
       "dS":0.01136774761319805,
       "nonsynonymous":1e-10,
       "original name":"paXP_015455893.1",
       "synonymous":0.002492956718487425
      },
     "pdXP_035878485_1":{
       "Confidence Intervals":{
         "LB":0.01371005086545971,
         "MLE":0.05573033499815868,
         "UB":0.1451035947602439
        },
       "Lineage dN/dS":0.05573033499815868,
       "Nucleotide GTR":0.003869874873260031,
       "Standard MG94":0.003880043767673086,
       "dN":1.28090315006444e-10,
       "dS":0.01769278943030802,
       "nonsynonymous":1e-10,
       "original name":"pdXP_035878485.1",
       "synonymous":0.003880043767673086
      },
     "pgXP_039710410_1":{
       "Confidence Intervals":{
         "LB":0.009236148504017739,
         "MLE":0.05612540310994121,
         "UB":0.17381352986836
        },
       "Lineage dN/dS":0.05612540310994121,
       "Nucleotide GTR":0.002428099923869755,
       "Standard MG94":0.002499018915794455,
       "dN":1.28090315006444e-10,
       "dS":0.01139539090457839,
       "nonsynonymous":1e-10,
       "original name":"pgXP_039710410.1",
       "synonymous":0.002499018915794455
      },
     "phXP_045698747_1":{
       "Confidence Intervals":{
         "LB":0.01266010644305134,
         "MLE":0.05162109373637809,
         "UB":0.1340996087737009
        },
       "Lineage dN/dS":0.05162109373637809,