{
 "analysis":{
   "authors":"Sergei L Kosakovsky Pond",
   "contact":"spond@temple.edu",
   "info":"Fit an MG94xREV model with several selectable options frequency estimator and \nreport the fit results including dN/dS ratios, and synonymous and non-synonymous branch lengths. v0.2 adds LRT test for dN/dS != 1. \nv0.3 adds LRT test support for dN/dS != 1 for local models. v0.4 adds the lineage option",
   "requirements":"in-frame codon alignment and a phylogenetic tree",
   "version":"0.4"
  },
 "branch attributes":{
   "0":{
     "AjPh":{
       "Nucleotide GTR":0.009796362125709846,
       "Standard MG94":0.010724563490646,
       "dN":0.008300198407289768,
       "dS":0.02001054138310958,
       "nonsynonymous":0.006581827626424261,
       "synonymous":0.004142735864221749
      },
     "MolossusPhyllostomus":{
       "Nucleotide GTR":0.02580856014161054,
       "Standard MG94":0.02574744683052813,
       "dN":0.03071593624822199,
       "dS":0.006716780530148635,
       "nonsynonymous":0.02435688737181002,
       "synonymous":0.001390559458718106
      },
     "Myobl":{
       "Nucleotide GTR":0.003808734966589111,
       "Standard MG94":0.003739759963703561,
       "dN":0.002085116806326023,
       "dS":0.01007749345310565,
       "nonsynonymous":0.001653439921164408,
       "synonymous":0.002086320042539153
      },
     "Myodm":{
       "Nucleotide GTR":0.0233746813563296,
       "Standard MG94":0.02273649788546871,
       "dN":0.02602711449440814,
       "dS":0.01013254095960705,
       "nonsynonymous":0.020638781485627,
       "synonymous":0.002097716399841699
      },
     "Myotis":{
       "Nucleotide GTR":0.04584186326006817,
       "Standard MG94":0.0445071330956748,
       "dN":0.05141057906168094,
       "dS":0.01806505675071933,
       "nonsynonymous":0.04076716639224637,
       "synonymous":0.003739966703428414
      },
     "Phyllostomidae":{
       "Nucleotide GTR":0.04097910637917065,
       "Standard MG94":0.03989392796764638,
       "dN":0.03286493430065358,
       "dS":0.0668168861665005,
       "nonsynonymous":0.02606098335320292,
       "synonymous":0.01383294461444346
      },
     "Phyllostomus":{
       "Nucleotide GTR":0.01942109102921307,
       "Standard MG94":0.01943380172978267,
       "dN":0.01728504543245546,
       "dS":0.02766412298389409,
       "nonsynonymous":0.013706562658962,
       "synonymous":0.005727239070820678
      },
     "Pipistrellus":{
       "Nucleotide GTR":0.08630804380715604,
       "Standard MG94":0.08390151199445102,
       "dN":0.08760359553560738,
       "dS":0.06972152476594365,
       "nonsynonymous":0.0694672268031518,
       "synonymous":0.01443428519129926
      },
     "Pteropodidae":{
       "Nucleotide GTR":0.04404651734750148,
       "Standard MG94":0.04383145897419707,
       "dN":0.03819103696959082,
       "dS":0.06543580990241187,
       "nonsynonymous":0.03028443536813248,
       "synonymous":0.01354702360606461
      },
     "Pteropus":{
       "Nucleotide GTR":0.009073709599642989,
       "Standard MG94":0.009465333421095031,
       "dN":0.004413313055571914,
       "dS":0.0288159459788283,
       "nonsynonymous":0.003499635113265553,
       "synonymous":0.005965698307829473
      },
     "Pteropusgv":{
       "Nucleotide GTR":0.005675489952150078,
       "Standard MG94":0.005688826670654546,
       "dN":0.004709687331034214,
       "dS":0.009439196746422459,
       "nonsynonymous":0.003734651711457473,
       "synonymous":0.001954174959197076
      },
     "Vespertilionidae":{
       "Nucleotide GTR":0.03926742116353121,
       "Standard MG94":0.04018622450144047,
       "dN":0.02715528812691645,
       "dS":0.09009825628355675,
       "nonsynonymous":0.02153339195365209,
       "synonymous":0.0186528325477884
      },
     "Yangochiroptera":{
       "Nucleotide GTR":0.02263973067517585,
       "Standard MG94":0.02312980773513933,
       "dN":0.02103245875215792,
       "dS":0.03116322498836264,
       "nonsynonymous":0.0166781577106641,
       "synonymous":0.006451650024475219
      },
     "YangochiropteraAfterSaccopteryx":{
       "Nucleotide GTR":0.004348588050278022,
       "Standard MG94":0.006532406254358834,
       "dN":0.008237874199336246,
       "dS":4.830272080807341e-10,
       "nonsynonymous":0.006532406254358836,
       "synonymous":1e-10
      },
     "ajXP_037010898_2":{
       "Confidence Intervals":{
         "LB":0.4891617725281171,
         "MLE":0.7050487886104033,
         "UB":0.9726221419523977
        },
       "Lineage dN/dS":0.7050487886104033,
       "Nucleotide GTR":0.03223932995071612,
       "Standard MG94":0.03223547269853334,
       "dN":0.02621906865423877,
       "dS":0.05527993713625152,
       "nonsynonymous":0.02079099582198198,
       "original name":"ajXP_037010898.2",
       "synonymous":0.01144447687655142
      },
     "drXP_045059922_1":{
       "Confidence Intervals":{
         "LB":0.4816833734365291,
         "MLE":0.749523914317608,
         "UB":1.095042855216668
        },
       "Lineage dN/dS":0.749523914317608,
       "Nucleotide GTR":0.01301813569588636,
       "Standard MG94":0.01225486292321333,
       "dN":0.009694753357945281,
       "dS":0.02206077911486728,
       "nonsynonymous":0.007687671107554765,
       "original name":"drXP_045059922.1",
       "synonymous":0.004567191815658551
      },
     "mbXP_005856915_1":{
       "Confidence Intervals":{
         "LB":0.9273938173728752,
         "MLE":1.2351478875309,
         "UB":1.60267823218469
        },
       "Lineage dN/dS":1.2351478875309,
       "Nucleotide GTR":0.01145329348137484,
       "Standard MG94":0.01129562402442815,
       "dN":0.01424466361903765,
       "dS":4.830272080807341e-10,
       "nonsynonymous":0.01129562402442815,
       "original name":"mbXP_005856915.1",
       "synonymous":1e-10
      },
     "mdXP_059563865_1":{
       "Confidence Intervals":{
         "LB":0.8708046340118397,
         "MLE":1.091066702521254,
         "UB":1.349526441241463
        },
       "Lineage dN/dS":1.091066702521254,
       "Nucleotide GTR":0.0769707360266294,
       "Standard MG94":0.07693571221759592,
       "dN":0.0685339941478907,
       "dS":0.109116578370803,
       "nonsynonymous":0.05434556065980532,
       "original name":"mdXP_059563865.1",
       "synonymous":0.02259015155779073
      },
     "mlXP_023613660_1":{
       "Confidence Intervals":{
         "LB":0.7344916084117589,
         "MLE":0.9326247244374869,
         "UB":1.160589735492762
        },
       "Lineage dN/dS":0.9326247244374869,
       "Nucleotide GTR":0.09028863967952304,
       "Standard MG94":0.09136957744921066,
       "dN":0.07710564844081451,
       "dS":0.1460043064926883,
       "nonsynonymous":0.06114264529091184,
       "original name":"mlXP_023613660.1",
       "synonymous":0.03022693215829881
      },
     "mmXP_036180265_1":{
       "Confidence Intervals":{
         "LB":1.089835860514949,
         "MLE":1.415184645880086,
         "UB":1.807006267378105
        },
       "Lineage dN/dS":1.415184645880086,
       "Nucleotide GTR":0.009883575538416487,
       "Standard MG94":0.009533816944213435,
       "dN":0.01202288736612558,
       "dS":4.830272080807341e-10,
       "nonsynonymous":0.009533816944213432,
       "original name":"mmXP_036180265.1",
       "synonymous":1e-10
      },
     "moXP_036114810_1":{
       "Confidence Intervals":{
         "LB":1.138429292403098,
         "MLE":1.50492848495105,
         "UB":1.952361332486036
        },
       "Lineage dN/dS":1.50492848495105,
       "Nucleotide GTR":0.09648126787440067,
       "Standard MG94":0.09754976816480314,
       "dN":0.09778741281132008,
       "dS":0.09663952451009648,
       "nonsynonymous":0.07754271206250103,
       "original name":"moXP_036114810.1",
       "synonymous":0.02000705610230221
      },
     "paXP_006912872_1":{
       "Confidence Intervals":{
         "LB":0.2564236063334833,
         "MLE":0.4599993819302615,
         "UB":0.7424854647593384
        },