{
 "analysis":{
   "authors":"Sergei L Kosakovsky Pond",
   "contact":"spond@temple.edu",
   "info":"Fit an MG94xREV model with several selectable options frequency estimator and \nreport the fit results including dN/dS ratios, and synonymous and non-synonymous branch lengths. v0.2 adds LRT test for dN/dS != 1. \nv0.3 adds LRT test support for dN/dS != 1 for local models. v0.4 adds the lineage option",
   "requirements":"in-frame codon alignment and a phylogenetic tree",
   "version":"0.4"
  },
 "branch attributes":{
   "0":{
     "MolossusPhyllostomus":{
       "Nucleotide GTR":0.006229671054589017,
       "Standard MG94":0.005499256342202615,
       "dN":0.007043050055729992,
       "dS":4.56217044674803e-10,
       "nonsynonymous":0.005499256342202615,
       "synonymous":1e-10
      },
     "Myodm":{
       "Nucleotide GTR":0.004864487117142573,
       "Standard MG94":0.004715692343870999,
       "dN":0.006039517919981778,
       "dS":4.56217044674803e-10,
       "nonsynonymous":0.004715692343870999,
       "synonymous":1e-10
      },
     "Myotis":{
       "Nucleotide GTR":0.006556277672913469,
       "Standard MG94":0.005673722233874558,
       "dN":1.280727723434155e-10,
       "dS":0.02588448789843972,
       "nonsynonymous":1e-10,
       "synonymous":0.005673722233874558
      },
     "Phyllostomidae":{
       "Nucleotide GTR":0.01214095704676189,
       "Standard MG94":0.01346794282075065,
       "dN":0.005005007342101851,
       "dS":0.0436143614755288,
       "nonsynonymous":0.003907940189411516,
       "synonymous":0.009560002631339133
      },
     "Phyllostomus":{
       "Nucleotide GTR":0.01099780806454685,
       "Standard MG94":0.01453503536753858,
       "dN":1.280727723434155e-10,
       "dS":0.06631130879622191,
       "nonsynonymous":1e-10,
       "synonymous":0.01453503536753858
      },
     "Pipistrellus":{
       "Nucleotide GTR":0.01873040243448172,
       "Standard MG94":0.02135727396060956,
       "dN":0.009053025131206288,
       "dS":0.06518710551014392,
       "nonsynonymous":0.007068657112326284,
       "synonymous":0.01428861684828327
      },
     "Pteropodidae":{
       "Nucleotide GTR":0.02508115989590197,
       "Standard MG94":0.02724099132695089,
       "dN":0.006040264202050863,
       "dS":0.1027615949408391,
       "nonsynonymous":0.00471627504545185,
       "synonymous":0.02252471628149903
      },
     "Pteropus":{
       "Nucleotide GTR":0.004936773920028273,
       "Standard MG94":0.005159858965660937,
       "dN":1.280727723434155e-10,
       "dS":0.0235401560825262,
       "nonsynonymous":1e-10,
       "synonymous":0.005159858965660939
      },
     "Yangochiroptera":{
       "Nucleotide GTR":0.01949890189525522,
       "Standard MG94":0.02299486278751909,
       "dN":0.007051714176243451,
       "dS":0.07978707559871714,
       "nonsynonymous":0.005506021340222825,
       "synonymous":0.01748884144729628
      },
     "ajXP_053524271_1":{
       "Confidence Intervals":{
         "LB":0.0252159316702877,
         "MLE":0.08160865489972266,
         "UB":0.1900928777553732
        },
       "Lineage dN/dS":0.08160865489972266,
       "Nucleotide GTR":0.01275421515876938,
       "Standard MG94":0.01290130760108233,
       "dN":1.280727723434155e-10,
       "dS":0.05885796426206354,
       "nonsynonymous":1e-10,
       "original name":"ajXP_053524271.1",
       "synonymous":0.01290130760108233
      },
     "drXP_024413494_2":{
       "Confidence Intervals":{
         "LB":0.04804327925009785,
         "MLE":0.1211808446182233,
         "UB":0.2460162579493037
        },
       "Lineage dN/dS":0.1211808446182233,
       "Nucleotide GTR":0.01687334719067473,
       "Standard MG94":0.01833958730505335,
       "dN":0.006012194301321975,
       "dS":0.06225186234839381,
       "nonsynonymous":0.004694357896150498,
       "original name":"drXP_024413494.2",
       "synonymous":0.01364522940890288
      },
     "mbXP_014390861_1":{
       "Confidence Intervals":{
         "LB":0.2374300431606848,
         "MLE":0.3491690078586371,
         "UB":0.4917234105720235
        },
       "Lineage dN/dS":0.3491690078586371,
       "Nucleotide GTR":0.1326019074701164,
       "Standard MG94":0.1372851805487316,
       "dN":0.0954969169653312,
       "dS":0.2861420981064365,
       "nonsynonymous":0.07456457388871456,
       "original name":"mbXP_014390861.1",
       "synonymous":0.06272060666001684
      },
     "mdXP_059557556_1":{
       "Confidence Intervals":{
         "LB":0.09687868988196774,
         "MLE":0.2468047443318459,
         "UB":0.5071178024437649
        },
       "Lineage dN/dS":0.2468047443318459,
       "Nucleotide GTR":0,
       "Standard MG94":0,
       "dN":1.280727723434155e-10,
       "dS":4.56217044674803e-10,
       "nonsynonymous":1e-10,
       "original name":"mdXP_059557556.1",
       "synonymous":1e-10
      },
     "mlXP_006100655_1":{
       "Confidence Intervals":{
         "LB":0.05305552501348111,
         "MLE":0.1808448615140008,
         "UB":0.4379285910908371
        },
       "Lineage dN/dS":0.1808448615140008,
       "Nucleotide GTR":0,
       "Standard MG94":0,
       "dN":1.280727723434155e-10,
       "dS":4.56217044674803e-10,
       "nonsynonymous":1e-10,
       "original name":"mlXP_006100655.1",
       "synonymous":1e-10
      },
     "mmXP_036172778_1":{
       "Confidence Intervals":{
         "LB":0.09682923327866162,
         "MLE":0.2464837254584727,
         "UB":0.5068501287447428
        },
       "Lineage dN/dS":0.2464837254584727,
       "Nucleotide GTR":0,
       "Standard MG94":0,
       "dN":1.280727723434155e-10,
       "dS":4.56217044674803e-10,
       "nonsynonymous":1e-10,
       "original name":"mmXP_036172778.1",
       "synonymous":1e-10
      },
     "moXP_036104243_1":{
       "Confidence Intervals":{
         "LB":0.08433069421837965,
         "MLE":0.1993882892652737,
         "UB":0.3902227631454528
        },
       "Lineage dN/dS":0.1993882892652737,
       "Nucleotide GTR":0.01936477474716876,
       "Standard MG94":0.02103577208257353,
       "dN":0.009084276919702591,
       "dS":0.06360903494620444,
       "nonsynonymous":0.007093058698959002,
       "original name":"moXP_036104243.1",
       "synonymous":0.01394271338361453
      },
     "paXP_006926563_1":{
       "Confidence Intervals":{
         "LB":0.008888511526520771,
         "MLE":0.05408422623360067,
         "UB":0.1674528111539688
        },
       "Lineage dN/dS":0.05408422623360067,
       "Nucleotide GTR":0.002422043920031599,
       "Standard MG94":0.002484512011877297,
       "dN":1.280727723434155e-10,
       "dS":0.0113347672751771,
       "nonsynonymous":1e-10,
       "original name":"paXP_006926563.1",
       "synonymous":0.002484512011877297
      },
     "pdXP_035878485_1":{
       "Confidence Intervals":{
         "LB":0.0220358592007547,
         "MLE":0.07136645405185248,
         "UB":0.1661557428000665
        },
       "Lineage dN/dS":0.07136645405185248,
       "Nucleotide GTR":0.003880739679312816,
       "Standard MG94":0.003920140852950316,
       "dN":1.280727723434155e-10,
       "dS":0.01788435074641955,
       "nonsynonymous":1e-10,
       "original name":"pdXP_035878485.1",
       "synonymous":0.003920140852950316
      },
     "pgXP_039710411_1":{
       "Confidence Intervals":{
         "LB":0.008880742495778526,
         "MLE":0.05398016122574364,
         "UB":0.1673081803982072
        },
       "Lineage dN/dS":0.05398016122574364,
       "Nucleotide GTR":0.002422227456137546,
       "Standard MG94":0.002490534676920858,
       "dN":1.280727723434155e-10,
       "dS":0.01136224369964949,
       "nonsynonymous":1e-10,
       "original name":"pgXP_039710411.1",
       "synonymous":0.002490534676920858
      },
     "phXP_045698747_1":{
       "Confidence Intervals":{
         "LB":0.02039370546914425,
         "MLE":0.06601189603806748,
         "UB":0.1538093994421655
        },
       "Lineage dN/dS":0.06601189603806748,