{
 "analysis":{
   "authors":"Sergei L Kosakovsky Pond",
   "contact":"spond@temple.edu",
   "info":"Fit an MG94xREV model with several selectable options frequency estimator and \nreport the fit results including dN/dS ratios, and synonymous and non-synonymous branch lengths. v0.2 adds LRT test for dN/dS != 1. \nv0.3 adds LRT test support for dN/dS != 1 for local models. v0.4 adds the lineage option",
   "requirements":"in-frame codon alignment and a phylogenetic tree",
   "version":"0.4"
  },
 "branch attributes":{
   "0":{
     "AjPh":{
       "Nucleotide GTR":0.001531875684748961,
       "Standard MG94":0.0006740877347080329,
       "dN":1.293682799565802e-10,
       "dS":0.002969379579190051,
       "nonsynonymous":1e-10,
       "synonymous":0.0006740877347080327
      },
     "MolossusPhyllostomus":{
       "Nucleotide GTR":0.01154261717525918,
       "Standard MG94":0.01197870515486226,
       "dN":1.293682799565802e-10,
       "dS":0.05276660683848924,
       "nonsynonymous":1e-10,
       "synonymous":0.01197870515486226
      },
     "Myobl":{
       "Nucleotide GTR":0.003512626201645785,
       "Standard MG94":0.003811782628364558,
       "dN":1.293682799565802e-10,
       "dS":0.01679103314627069,
       "nonsynonymous":1e-10,
       "synonymous":0.003811782628364559
      },
     "Myodm":{
       "Nucleotide GTR":0.007247723867796373,
       "Standard MG94":0.007066662640971322,
       "dN":1.293682799565802e-10,
       "dS":0.0311288911794458,
       "nonsynonymous":1e-10,
       "synonymous":0.007066662640971322
      },
     "Myotis":{
       "Nucleotide GTR":0.01821125608809135,
       "Standard MG94":0.01720158829969687,
       "dN":0.01159266811381715,
       "dS":0.03630015380701383,
       "nonsynonymous":0.008960981871064522,
       "synonymous":0.008240606428632336
      },
     "Phyllostomidae":{
       "Nucleotide GTR":0.01764099380801809,
       "Standard MG94":0.01749806150082314,
       "dN":0.008657223076554215,
       "dS":0.04760141940036564,
       "nonsynonymous":0.006691920986705423,
       "synonymous":0.01080614051411773
      },
     "Phyllostomus":{
       "Nucleotide GTR":0.0133880444321866,
       "Standard MG94":0.01401061524191363,
       "dN":0.002764367663584446,
       "dS":0.05230447376871974,
       "nonsynonymous":0.002136820296684975,
       "synonymous":0.01187379494522865
      },
     "Pipistrellus":{
       "Nucleotide GTR":0.0322925972806042,
       "Standard MG94":0.03497972510772192,
       "dN":0.01123924161165761,
       "dS":0.1158168852381883,
       "nonsynonymous":0.008687787775666356,
       "synonymous":0.02629193733205562
      },
     "Pteropodidae":{
       "Nucleotide GTR":0.008520791717710823,
       "Standard MG94":0.009144230119075268,
       "dN":1.293682799565802e-10,
       "dS":0.04028064713973375,
       "nonsynonymous":1e-10,
       "synonymous":0.00914423011907527
      },
     "Pteropus":{
       "Nucleotide GTR":0.009309487942289569,
       "Standard MG94":0.009175682428693595,
       "dN":0.002784292947035794,
       "dS":0.03093858271126787,
       "nonsynonymous":0.002152222281976915,
       "synonymous":0.007023460146716678
      },
     "Vespertilionidae":{
       "Nucleotide GTR":0.01499894019700354,
       "Standard MG94":0.01553283892618606,
       "dN":0.005583029243400634,
       "dS":0.04941228197663315,
       "nonsynonymous":0.004315609085375846,
       "synonymous":0.01121722984081024
      },
     "Yangochiroptera":{
       "Nucleotide GTR":0.01258564582945147,
       "Standard MG94":0.01157402125015619,
       "dN":0.007295841158250858,
       "dS":0.0261413711195746,
       "nonsynonymous":0.005639590447287045,
       "synonymous":0.005934430802869134
      },
     "YangochiropteraAfterSaccopteryx":{
       "Nucleotide GTR":0.005777907855743857,
       "Standard MG94":0.00620035086292331,
       "dN":1.293682799565802e-10,
       "dS":0.02731275809988195,
       "nonsynonymous":1e-10,
       "synonymous":0.00620035086292331
      },
     "ajXP_036997559_2":{
       "Confidence Intervals":{
         "LB":0.0631456757782098,
         "MLE":0.1151020409565769,
         "UB":0.1904304786146814
        },
       "Lineage dN/dS":0.1151020409565769,
       "Nucleotide GTR":0.02369512571743362,
       "Standard MG94":0.02470998571058754,
       "dN":0.002771017970595365,
       "dS":0.09941292293547128,
       "nonsynonymous":0.002141960897621426,
       "original name":"ajXP_036997559.2",
       "synonymous":0.02256802481296615
      },
     "drXP_024426682_2":{
       "Confidence Intervals":{
         "LB":0.1023229974626708,
         "MLE":0.1720579991478885,
         "UB":0.2684229156168408
        },
       "Lineage dN/dS":0.1720579991478885,
       "Nucleotide GTR":0.02358766708334002,
       "Standard MG94":0.02457139394548132,
       "dN":0.008527654820015627,
       "dS":0.07920087564882139,
       "nonsynonymous":0.006591766407405091,
       "original name":"drXP_024426682.2",
       "synonymous":0.01797962753807621
      },
     "mbXP_005856932_1":{
       "Confidence Intervals":{
         "LB":0.09281565868860552,
         "MLE":0.1568369499852219,
         "UB":0.2458266471604255
        },
       "Lineage dN/dS":0.1568369499852219,
       "Nucleotide GTR":0,
       "Standard MG94":0,
       "dN":1.293682799565802e-10,
       "dS":4.405034280109217e-10,
       "nonsynonymous":1e-10,
       "original name":"mbXP_005856932.1",
       "synonymous":1e-10
      },
     "mdXP_059563908_1":{
       "Confidence Intervals":{
         "LB":0.08443011378717052,
         "MLE":0.1425843104040204,
         "UB":0.2232946740002253
        },
       "Lineage dN/dS":0.1425843104040204,
       "Nucleotide GTR":0.001250724462554548,
       "Standard MG94":0.001407861568958738,
       "dN":1.293682799565802e-10,
       "dS":0.006201678472911587,
       "nonsynonymous":1e-10,
       "original name":"mdXP_059563908.1",
       "synonymous":0.001407861568958738
      },
     "mlXP_006093578_1":{
       "Confidence Intervals":{
         "LB":0.3226536298714834,
         "MLE":0.4117460943561508,
         "UB":0.5165088182253119
        },
       "Lineage dN/dS":0.4117460943561508,
       "Nucleotide GTR":0.09993683524949064,
       "Standard MG94":0.09842357040076045,
       "dN":0.09023494398880287,
       "dS":0.1263061240404832,
       "nonsynonymous":0.06975043961246789,
       "original name":"mlXP_006093578.1",
       "synonymous":0.02867313078829244
      },
     "mmXP_036180315_1":{
       "Confidence Intervals":{
         "LB":0.0909324806112372,
         "MLE":0.1489084644939168,
         "UB":0.2277845989667794
        },
       "Lineage dN/dS":0.1489084644939168,
       "Nucleotide GTR":0.007358270671957205,
       "Standard MG94":0.007181762630847493,
       "dN":0.002768695039634414,
       "dS":0.02220840905936708,
       "nonsynonymous":0.002140165302161913,
       "original name":"mmXP_036180315.1",
       "synonymous":0.005041597328685591
      },
     "moXP_036116076_1":{
       "Confidence Intervals":{
         "LB":0.06712787042345182,
         "MLE":0.1078454136265636,
         "UB":0.1625742796153719
        },
       "Lineage dN/dS":0.1078454136265636,
       "Nucleotide GTR":0.06335430689462361,
       "Standard MG94":0.06952453276782478,
       "dN":0.02069077002381142,
       "dS":0.2358051689379104,
       "nonsynonymous":0.01599369646930132,
       "original name":"moXP_036116076.1",
       "synonymous":0.05353083629852341
      },
     "paXP_015441441_1":{
       "Confidence Intervals":{
         "LB":0.01695637033623231,
         "MLE":0.06837904060233939,
         "UB":0.1771406415176605
        },
       "Lineage dN/dS":0.06837904060233939,
       "Nucleotide GTR":0.003215995964440513,
       "Standard MG94":0.003209757906142707,
       "dN":0.001386602549012699,
       "dS":0.00941766439513516,
       "nonsynonymous":0.001071825759357768,
       "original name":"paXP_015441441.1",
       "synonymous":0.002137932146784942
      },