{
 "analysis":{
   "authors":"Sergei L Kosakovsky Pond",
   "contact":"spond@temple.edu",
   "info":"Fit an MG94xREV model with several selectable options frequency estimator and \nreport the fit results including dN/dS ratios, and synonymous and non-synonymous branch lengths. v0.2 adds LRT test for dN/dS != 1. \nv0.3 adds LRT test support for dN/dS != 1 for local models. v0.4 adds the lineage option",
   "requirements":"in-frame codon alignment and a phylogenetic tree",
   "version":"0.4"
  },
 "branch attributes":{
   "0":{
     "AjPh":{
       "Nucleotide GTR":0.008906227070052732,
       "Standard MG94":0.01152812140491688,
       "dN":0.01050440912796257,
       "dS":0.01484848350320852,
       "nonsynonymous":0.008028969792088534,
       "synonymous":0.003499151612828353
      },
     "MolossusPhyllostomus":{
       "Nucleotide GTR":0.009836882377448491,
       "Standard MG94":0.01052044428954296,
       "dN":0.009637603779092325,
       "dS":0.0133838955108743,
       "nonsynonymous":0.0073664333393552,
       "synonymous":0.00315401095018776
      },
     "Myobl":{
       "Nucleotide GTR":0.007426732298711465,
       "Standard MG94":0.008084461163759616,
       "dN":1.308313444934523e-10,
       "dS":0.03430602657579188,
       "nonsynonymous":1e-10,
       "synonymous":0.008084461163759613
      },
     "Myodm":{
       "Nucleotide GTR":0.00356389248472719,
       "Standard MG94":0.003437436242662466,
       "dN":1.308313444934523e-10,
       "dS":0.0145865972641433,
       "nonsynonymous":1e-10,
       "synonymous":0.003437436242662466
      },
     "Myotis":{
       "Nucleotide GTR":0.02861233005594702,
       "Standard MG94":0.02564853375513424,
       "dN":0.03042884855960849,
       "dS":0.0101438099650658,
       "nonsynonymous":0.02325807219777624,
       "synonymous":0.002390461557357995
      },
     "Phyllostomidae":{
       "Nucleotide GTR":0.04388112751427561,
       "Standard MG94":0.04738239672912294,
       "dN":0.05525660762432564,
       "dS":0.02184276806688617,
       "nonsynonymous":0.04223499180434628,
       "synonymous":0.005147404924776653
      },
     "Phyllostomus":{
       "Nucleotide GTR":0.02331530202909708,
       "Standard MG94":0.0240824180094747,
       "dN":0.02425647331608347,
       "dS":0.02351787789788217,
       "nonsynonymous":0.01854026144116972,
       "synonymous":0.005542156568304944
      },
     "Pipistrellus":{
       "Nucleotide GTR":0.06965760412078545,
       "Standard MG94":0.07630641145296869,
       "dN":0.05787939561577796,
       "dS":0.1360735612154582,
       "nonsynonymous":0.04423970099816151,
       "synonymous":0.03206671045480716
      },
     "Pteropodidae":{
       "Nucleotide GTR":0.2075466126450189,
       "Standard MG94":0.2254823433266773,
       "dN":0.1783281406938232,
       "dS":0.378424757637761,
       "nonsynonymous":0.1363038355863934,
       "synonymous":0.08917850774028334
      },
     "Pteropus":{
       "Nucleotide GTR":0.03822823306305628,
       "Standard MG94":0.04060965473171527,
       "dN":0.01290180056297698,
       "dS":0.1304787623686613,
       "nonsynonymous":0.009861398744260914,
       "synonymous":0.03074825598745437
      },
     "Pteropusgv":{
       "Nucleotide GTR":0.008832419503332922,
       "Standard MG94":0.009799972859492417,
       "dN":0.008750087018111061,
       "dS":0.01320522766959101,
       "nonsynonymous":0.006688066267291914,
       "synonymous":0.003111906592200502
      },
     "Vespertilionidae":{
       "Nucleotide GTR":0.07714681954308603,
       "Standard MG94":0.07814946295982324,
       "dN":0.08596812546654198,
       "dS":0.05279000285460742,
       "nonsynonymous":0.06570912024132289,
       "synonymous":0.01244034271850037
      },
     "Yangochiroptera":{
       "Nucleotide GTR":0.05645235475301079,
       "Standard MG94":0.06583122781263467,
       "dN":0.005462964089969904,
       "dS":0.2616328210110279,
       "nonsynonymous":0.004175577428422213,
       "synonymous":0.06165565038421242
      },
     "YangochiropteraAfterSaccopteryx":{
       "Nucleotide GTR":0.0115749087085332,
       "Standard MG94":0.01081665825761899,
       "dN":0.01415157942770496,
       "dS":4.243452455381473e-10,
       "nonsynonymous":0.01081665825761899,
       "synonymous":1e-10
      },
     "ajXP_037006028_2":{
       "Confidence Intervals":{
         "LB":0.2487404042205986,
         "MLE":0.378166990618722,
         "UB":0.546608635328797
        },
       "Lineage dN/dS":0.378166990618722,
       "Nucleotide GTR":0.0225386931479952,
       "Standard MG94":0.02494464543624328,
       "dN":0.01066818503644018,
       "dS":0.07124966597414123,
       "nonsynonymous":0.008154150733331407,
       "original name":"ajXP_037006028.2",
       "synonymous":0.01679049470291193
      },
     "drXP_024414225_1":{
       "Confidence Intervals":{
         "LB":0.2613337001534055,
         "MLE":0.4144467474228157,
         "UB":0.6128213703277833
        },
       "Lineage dN/dS":0.4144467474228157,
       "Nucleotide GTR":0.02656237191597956,
       "Standard MG94":0.02112284388566031,
       "dN":0.01084855662700293,
       "dS":0.05444700612204709,
       "nonsynonymous":0.008292016465171975,
       "original name":"drXP_024414225.1",
       "synonymous":0.01283082742048832
      },
     "mbXP_014385142_1":{
       "Confidence Intervals":{
         "LB":0.3061297442398734,
         "MLE":0.3728417052318102,
         "UB":0.4550131035476733
        },
       "Lineage dN/dS":0.3728417052318102,
       "Nucleotide GTR":0.838414197363231,
       "Standard MG94":4.528087424271594,
       "dN":0.5975591408876524,
       "dS":17.27656903595959,
       "nonsynonymous":0.4567400443687699,
       "original name":"mbXP_014385142.1",
       "synonymous":4.071347379902829
      },
     "mdXP_059516695_1":{
       "Confidence Intervals":{
         "LB":0.7130156746743922,
         "MLE":0.9930852112165841,
         "UB":1.342158253951739
        },
       "Lineage dN/dS":0.9930852112165841,
       "Nucleotide GTR":0.02139227382703953,
       "Standard MG94":0.02325766419509817,
       "dN":0.01767461920797215,
       "dS":0.04136600516709746,
       "nonsynonymous":0.01350946845070197,
       "original name":"mdXP_059516695.1",
       "synonymous":0.009748195744396244
      },
     "mlXP_023604869_1":{
       "Confidence Intervals":{
         "LB":0.6737638293908321,
         "MLE":0.9426343827020148,
         "UB":1.280155454916902
        },
       "Lineage dN/dS":0.9426343827020148,
       "Nucleotide GTR":0.01370818109416777,
       "Standard MG94":0.01099962329303956,
       "dN":0.0107328507341844,
       "dS":0.01186488740408673,
       "nonsynonymous":0.008203577495698321,
       "original name":"mlXP_023604869.1",
       "synonymous":0.00279604579734124
      },
     "mmXP_036167544_1":{
       "Confidence Intervals":{
         "LB":0.7050059943948795,
         "MLE":0.9034911799899532,
         "UB":1.139812629080662
        },
       "Lineage dN/dS":0.9034911799899532,
       "Nucleotide GTR":0.1658050493990726,
       "Standard MG94":0.165587478794031,
       "dN":0.1492124570163408,
       "dS":0.2186990833858064,
       "nonsynonymous":0.1140494715498459,
       "original name":"mmXP_036167544.1",
       "synonymous":0.05153800724418534
      },
     "moXP_036119267_1":{
       "Confidence Intervals":{
         "LB":0.201059790324171,
         "MLE":0.3146989933739569,
         "UB":0.4641339473966392
        },
       "Lineage dN/dS":0.3146989933739569,
       "Nucleotide GTR":0.07391572912241069,
       "Standard MG94":0.07824898401369505,
       "dN":0.06318810815256194,
       "dS":0.1270982188056828,
       "nonsynonymous":0.04829737735801094,
       "original name":"moXP_036119267.1",
       "synonymous":0.02995160665568412
      },
     "paXP_024900830_1":{
       "Confidence Intervals":{
         "LB":0.272017321637425,
         "MLE":0.374934051204762,
         "UB":0.5009298477663037
        },