{
 "analysis":{
   "authors":"Sergei L Kosakovsky Pond",
   "contact":"spond@temple.edu",
   "info":"Fit an MG94xREV model with several selectable options frequency estimator and \nreport the fit results including dN/dS ratios, and synonymous and non-synonymous branch lengths. v0.2 adds LRT test for dN/dS != 1. \nv0.3 adds LRT test support for dN/dS != 1 for local models. v0.4 adds the lineage option",
   "requirements":"in-frame codon alignment and a phylogenetic tree",
   "version":"0.4"
  },
 "branch attributes":{
   "0":{
     "MolossusPhyllostomus":{
       "Nucleotide GTR":0.005924038352109979,
       "Standard MG94":0.004703178662925088,
       "dN":0.006024316364656604,
       "dS":4.559945838167342e-10,
       "nonsynonymous":0.004703178662925086,
       "synonymous":1e-10
      },
     "Myodm":{
       "Nucleotide GTR":0.00242542777919301,
       "Standard MG94":0.002350379182614153,
       "dN":0.003010608098856352,
       "dS":4.559945838167342e-10,
       "nonsynonymous":0.002350379182614153,
       "synonymous":1e-10
      },
     "Myotis":{
       "Nucleotide GTR":0.006642311077806538,
       "Standard MG94":0.005757627970643255,
       "dN":1.28090315006444e-10,
       "dS":0.02625447170245059,
       "nonsynonymous":1e-10,
       "synonymous":0.005757627970643255
      },
     "Phyllostomidae":{
       "Nucleotide GTR":0.009619846517527115,
       "Standard MG94":0.01192954092181037,
       "dN":0.003000683409058887,
       "dS":0.04371579006391922,
       "nonsynonymous":0.002342630985729036,
       "synonymous":0.009586909936081337
      },
     "Phyllostomus":{
       "Nucleotide GTR":0.0108969176201141,
       "Standard MG94":0.01448378337081026,
       "dN":1.28090315006444e-10,
       "dS":0.06604526770264359,
       "nonsynonymous":1e-10,
       "synonymous":0.01448378337081026
      },
     "Pipistrellus":{
       "Nucleotide GTR":0.01873781958151051,
       "Standard MG94":0.02139258621332134,
       "dN":0.009026824077743037,
       "dS":0.06541402966364068,
       "nonsynonymous":0.007047233881257074,
       "synonymous":0.01434535233206428
      },
     "Pteropodidae":{
       "Nucleotide GTR":0.02511256176764724,
       "Standard MG94":0.02738604939124007,
       "dN":0.006043535951830561,
       "dS":0.1033642412858963,
       "nonsynonymous":0.004718183378287828,
       "synonymous":0.02266786601295219
      },
     "Pteropus":{
       "Nucleotide GTR":0.004946192769521866,
       "Standard MG94":0.005176924532009785,
       "dN":1.28090315006444e-10,
       "dS":0.02360649547424443,
       "nonsynonymous":1e-10,
       "synonymous":0.005176924532009785
      },
     "Yangochiroptera":{
       "Nucleotide GTR":0.01912605082947813,
       "Standard MG94":0.02230948093382228,
       "dN":0.006024224171050074,
       "dS":0.08028411296993969,
       "nonsynonymous":0.004703106687454868,
       "synonymous":0.0176063742463674
      },
     "ajXP_053524271_1":{
       "Confidence Intervals":{
         "LB":0.01563688771830369,
         "MLE":0.06353020568979385,
         "UB":0.1653423435207208
        },
       "Lineage dN/dS":0.06353020568979385,
       "Nucleotide GTR":0.01283712181964348,
       "Standard MG94":0.01288930816309847,
       "dN":1.28090315006444e-10,
       "dS":0.05877454711517722,
       "nonsynonymous":1e-10,
       "original name":"ajXP_053524271.1",
       "synonymous":0.01288930816309847
      },
     "drXP_024413494_2":{
       "Confidence Intervals":{
         "LB":0.03775439433458289,
         "MLE":0.1055906863119298,
         "UB":0.2275373281598098
        },
       "Lineage dN/dS":0.1055906863119298,
       "Nucleotide GTR":0.01707046834161548,
       "Standard MG94":0.01822685825707102,
       "dN":0.006000365227028053,
       "dS":0.06175251123475444,
       "nonsynonymous":0.004684480030146061,
       "original name":"drXP_024413494.2",
       "synonymous":0.01354237822692495
      },
     "mbXP_014390861_1":{
       "Confidence Intervals":{
         "LB":0.230480927798164,
         "MLE":0.3403313815768828,
         "UB":0.4821906308290133
        },
       "Lineage dN/dS":0.3403313815768828,
       "Nucleotide GTR":0.1299573994883123,
       "Standard MG94":0.134481516340075,
       "dN":0.09218317454686131,
       "dS":0.2850613221682067,
       "nonsynonymous":0.07196732597794278,
       "original name":"mbXP_014390861.1",
       "synonymous":0.06251419036213242
      },
     "mdXP_059557556_1":{
       "Confidence Intervals":{
         "LB":0.07600212884560073,
         "MLE":0.2160028393339724,
         "UB":0.4722271190249446
        },
       "Lineage dN/dS":0.2160028393339724,
       "Nucleotide GTR":0,
       "Standard MG94":0,
       "dN":1.28090315006444e-10,
       "dS":4.559945838167342e-10,
       "nonsynonymous":1e-10,
       "original name":"mdXP_059557556.1",
       "synonymous":1e-10
      },
     "mlXP_006100653_1":{
       "Confidence Intervals":{
         "LB":0.05104054713876376,
         "MLE":0.1684092651448488,
         "UB":0.3983426947082283
        },
       "Lineage dN/dS":0.1684092651448488,
       "Nucleotide GTR":0,
       "Standard MG94":0,
       "dN":1.28090315006444e-10,
       "dS":4.559945838167342e-10,
       "nonsynonymous":1e-10,
       "original name":"mlXP_006100653.1",
       "synonymous":1e-10
      },
     "mmXP_036172778_1":{
       "Confidence Intervals":{
         "LB":0.0760181644032706,
         "MLE":0.2160694320587249,
         "UB":0.4723254827924137
        },
       "Lineage dN/dS":0.2160694320587249,
       "Nucleotide GTR":0,
       "Standard MG94":0,
       "dN":1.28090315006444e-10,
       "dS":4.559945838167342e-10,
       "nonsynonymous":1e-10,
       "original name":"mmXP_036172778.1",
       "synonymous":1e-10
      },
     "moXP_036104241_1":{
       "Confidence Intervals":{
         "LB":0.08389015444681767,
         "MLE":0.1955604549510354,
         "UB":0.379236915821086
        },
       "Lineage dN/dS":0.1955604549510354,
       "Nucleotide GTR":0.01943011636199824,
       "Standard MG94":0.02101054288160742,
       "dN":0.009078447561580204,
       "dS":0.06348815595675425,
       "nonsynonymous":0.007087536291189136,
       "original name":"moXP_036104241.1",
       "synonymous":0.01392300659041827
      },
     "paXP_015455893_1":{
       "Confidence Intervals":{
         "LB":0.009241176953937162,
         "MLE":0.05627293959358672,
         "UB":0.1739061616544552
        },
       "Lineage dN/dS":0.05627293959358672,
       "Nucleotide GTR":0.002427926865869213,
       "Standard MG94":0.002492971376658867,
       "dN":1.28090315006444e-10,
       "dS":0.01136781445366591,
       "nonsynonymous":1e-10,
       "original name":"paXP_015455893.1",
       "synonymous":0.002492971376658867
      },
     "pdXP_035878485_1":{
       "Confidence Intervals":{
         "LB":0.0137135540890604,
         "MLE":0.05572473771702809,
         "UB":0.1451408418899425
        },
       "Lineage dN/dS":0.05572473771702809,
       "Nucleotide GTR":0.003869874873260031,
       "Standard MG94":0.003880064954884604,
       "dN":1.28090315006444e-10,
       "dS":0.017692886042845,
       "nonsynonymous":1e-10,
       "original name":"pdXP_035878485.1",
       "synonymous":0.003880064954884604
      },
     "pgXP_039710410_1":{
       "Confidence Intervals":{
         "LB":0.0092326887191809,
         "MLE":0.05607217200746199,
         "UB":0.1737480056190867
        },
       "Lineage dN/dS":0.05607217200746199,
       "Nucleotide GTR":0.002428099923869755,
       "Standard MG94":0.002498782565082425,
       "dN":1.28090315006444e-10,
       "dS":0.01139431315813272,
       "nonsynonymous":1e-10,
       "original name":"pgXP_039710410.1",
       "synonymous":0.002498782565082425
      },
     "phXP_045698747_1":{
       "Confidence Intervals":{
         "LB":0.01266253042653177,
         "MLE":0.05160493365907984,
         "UB":0.1341239855765851
        },
       "Lineage dN/dS":0.05160493365907984,