{
 "analysis":{
   "authors":"Sergei L Kosakovsky Pond",
   "contact":"spond@temple.edu",
   "info":"Fit an MG94xREV model with several selectable options frequency estimator and \nreport the fit results including dN/dS ratios, and synonymous and non-synonymous branch lengths. v0.2 adds LRT test for dN/dS != 1. \nv0.3 adds LRT test support for dN/dS != 1 for local models. v0.4 adds the lineage option",
   "requirements":"in-frame codon alignment and a phylogenetic tree",
   "version":"0.4"
  },
 "branch attributes":{
   "0":{
     "MolossusPhyllostomus":{
       "Nucleotide GTR":0.005924038352109979,
       "Standard MG94":0.004703440266271731,
       "dN":0.006024651453207387,
       "dS":4.559945838167342e-10,
       "nonsynonymous":0.004703440266271729,
       "synonymous":1e-10
      },
     "Myodm":{
       "Nucleotide GTR":0.00242542777919301,
       "Standard MG94":0.002350787544660833,
       "dN":0.003011131171088311,
       "dS":4.559945838167342e-10,
       "nonsynonymous":0.002350787544660833,
       "synonymous":1e-10
      },
     "Myotis":{
       "Nucleotide GTR":0.006642311077806538,
       "Standard MG94":0.005749641495579667,
       "dN":1.28090315006444e-10,
       "dS":0.02621805380872276,
       "nonsynonymous":1e-10,
       "synonymous":0.005749641495579668
      },
     "Phyllostomidae":{
       "Nucleotide GTR":0.009619846517527115,
       "Standard MG94":0.01193253746927588,
       "dN":0.003001090384364849,
       "dS":0.04372800534801682,
       "nonsynonymous":0.002342948711004317,
       "synonymous":0.009589588758271582
      },
     "Phyllostomus":{
       "Nucleotide GTR":0.0108969176201141,
       "Standard MG94":0.01448681773359952,
       "dN":1.28090315006444e-10,
       "dS":0.06605910423261596,
       "nonsynonymous":1e-10,
       "synonymous":0.01448681773359952
      },
     "Pipistrellus":{
       "Nucleotide GTR":0.01873781958151051,
       "Standard MG94":0.0213955023104131,
       "dN":0.009026636316384399,
       "dS":0.06542799532870505,
       "nonsynonymous":0.007047087296124055,
       "synonymous":0.01434841501428903
      },
     "Pteropodidae":{
       "Nucleotide GTR":0.02511256176764724,
       "Standard MG94":0.02739917248083107,
       "dN":0.006041987598443843,
       "dS":0.1034295939178561,
       "nonsynonymous":0.004716974580115507,
       "synonymous":0.02268219790071559
      },
     "Pteropus":{
       "Nucleotide GTR":0.004946192769521866,
       "Standard MG94":0.005174464604087856,
       "dN":1.28090315006444e-10,
       "dS":0.02359527833615464,
       "nonsynonymous":1e-10,
       "synonymous":0.005174464604087857
      },
     "Yangochiroptera":{
       "Nucleotide GTR":0.01912605082947813,
       "Standard MG94":0.02230739581830478,
       "dN":0.00602276083163891,
       "dS":0.08027981436516016,
       "nonsynonymous":0.004701964259620967,
       "synonymous":0.0176054315586838
      },
     "ajXP_053524271_1":{
       "Confidence Intervals":{
         "LB":0.01565020908968713,
         "MLE":0.06358846846820132,
         "UB":0.1654814629858759
        },
       "Lineage dN/dS":0.06358846846820132,
       "Nucleotide GTR":0.01283712181964348,
       "Standard MG94":0.01289279225503017,
       "dN":1.28090315006444e-10,
       "dS":0.05879043438568095,
       "nonsynonymous":1e-10,
       "original name":"ajXP_053524271.1",
       "synonymous":0.01289279225503017
      },
     "drXP_024413494_2":{
       "Confidence Intervals":{
         "LB":0.0377368596115814,
         "MLE":0.1056272126894137,
         "UB":0.2274317265820536
        },
       "Lineage dN/dS":0.1056272126894137,
       "Nucleotide GTR":0.01707046834161548,
       "Standard MG94":0.01822568094832152,
       "dN":0.005998547354501401,
       "dS":0.06175361429835749,
       "nonsynonymous":0.004683060818610388,
       "original name":"drXP_024413494.2",
       "synonymous":0.01354262012971112
      },
     "mbXP_014390861_1":{
       "Confidence Intervals":{
         "LB":0.2311814236156094,
         "MLE":0.341697203065553,
         "UB":0.4836354746743665
        },
       "Lineage dN/dS":0.341697203065553,
       "Nucleotide GTR":0.1299573994883123,
       "Standard MG94":0.1344146220222023,
       "dN":0.09207520283361317,
       "dS":0.2851406611530428,
       "nonsynonymous":0.07188303255322701,
       "original name":"mbXP_014390861.1",
       "synonymous":0.06253158946897532
      },
     "mdXP_059557556_1":{
       "Confidence Intervals":{
         "LB":0.07597097298156601,
         "MLE":0.2158682776108646,
         "UB":0.4720252123762733
        },
       "Lineage dN/dS":0.2158682776108646,
       "Nucleotide GTR":0,
       "Standard MG94":0,
       "dN":1.28090315006444e-10,
       "dS":4.559945838167342e-10,
       "nonsynonymous":1e-10,
       "original name":"mdXP_059557556.1",
       "synonymous":1e-10
      },
     "mlXP_006100654_1":{
       "Confidence Intervals":{
         "LB":0.0509807678277027,
         "MLE":0.1679986857299125,
         "UB":0.397861222835479
        },
       "Lineage dN/dS":0.1679986857299125,
       "Nucleotide GTR":0,
       "Standard MG94":0,
       "dN":1.28090315006444e-10,
       "dS":4.559945838167342e-10,
       "nonsynonymous":1e-10,
       "original name":"mlXP_006100654.1",
       "synonymous":1e-10
      },
     "mmXP_036172778_1":{
       "Confidence Intervals":{
         "LB":0.07592498951220893,
         "MLE":0.2153744419543717,
         "UB":0.4717451515094696
        },
       "Lineage dN/dS":0.2153744419543717,
       "Nucleotide GTR":0,
       "Standard MG94":0,
       "dN":1.28090315006444e-10,
       "dS":4.559945838167342e-10,
       "nonsynonymous":1e-10,
       "original name":"mmXP_036172778.1",
       "synonymous":1e-10
      },
     "moXP_036104242_1":{
       "Confidence Intervals":{
         "LB":0.08374095953490525,
         "MLE":0.1949848071418487,
         "UB":0.3785636147087721
        },
       "Lineage dN/dS":0.1949848071418487,
       "Nucleotide GTR":0.01943011636199824,
       "Standard MG94":0.02101204193802675,
       "dN":0.009075884808185096,
       "dS":0.06350411483611799,
       "nonsynonymous":0.007085535551792892,
       "original name":"moXP_036104242.1",
       "synonymous":0.01392650638623386
      },
     "paXP_015455893_1":{
       "Confidence Intervals":{
         "LB":0.009233359752267516,
         "MLE":0.0560628880365666,
         "UB":0.1737577648956477
        },
       "Lineage dN/dS":0.0560628880365666,
       "Nucleotide GTR":0.002427926865869213,
       "Standard MG94":0.002492562397312848,
       "dN":1.28090315006444e-10,
       "dS":0.01136594952999913,
       "nonsynonymous":1e-10,
       "original name":"paXP_015455893.1",
       "synonymous":0.002492562397312848
      },
     "pdXP_035878485_1":{
       "Confidence Intervals":{
         "LB":0.01372127090120919,
         "MLE":0.05588490330840937,
         "UB":0.1452227607804346
        },
       "Lineage dN/dS":0.05588490330840937,
       "Nucleotide GTR":0.003869874873260031,
       "Standard MG94":0.003879776587892651,
       "dN":1.28090315006444e-10,
       "dS":0.01769157110498018,
       "nonsynonymous":1e-10,
       "original name":"pdXP_035878485.1",
       "synonymous":0.003879776587892651
      },
     "pgXP_039710410_1":{
       "Confidence Intervals":{
         "LB":0.009234770380532741,
         "MLE":0.05608726262882679,
         "UB":0.1737859006917115
        },
       "Lineage dN/dS":0.05608726262882679,
       "Nucleotide GTR":0.002428099923869755,
       "Standard MG94":0.002499520886176233,
       "dN":1.28090315006444e-10,
       "dS":0.01139767986233166,
       "nonsynonymous":1e-10,
       "original name":"pgXP_039710410.1",
       "synonymous":0.002499520886176233
      },
     "phXP_045698747_1":{
       "Confidence Intervals":{
         "LB":0.0126622968062034,
         "MLE":0.05153132774531551,
         "UB":0.1341203207575374
        },
       "Lineage dN/dS":0.05153132774531551,