{
 "analysis":{
   "authors":"Sergei L Kosakovsky Pond",
   "contact":"spond@temple.edu",
   "info":"Fit an MG94xREV model with several selectable options frequency estimator and \nreport the fit results including dN/dS ratios, and synonymous and non-synonymous branch lengths. v0.2 adds LRT test for dN/dS != 1. \nv0.3 adds LRT test support for dN/dS != 1 for local models. v0.4 adds the lineage option",
   "requirements":"in-frame codon alignment and a phylogenetic tree",
   "version":"0.4"
  },
 "branch attributes":{
   "0":{
     "AjPh":{
       "Nucleotide GTR":0.0221112068002286,
       "Standard MG94":0.02230471912709095,
       "dN":0.02694808522951661,
       "dS":0.007985019053853085,
       "nonsynonymous":0.02034947800424618,
       "synonymous":0.001955241122844785
      },
     "MolossusPhyllostomus":{
       "Nucleotide GTR":0.02207931878281767,
       "Standard MG94":0.02647876140883181,
       "dN":0.02861625807304754,
       "dS":0.01988692469728623,
       "nonsynonymous":0.02160917591218999,
       "synonymous":0.004869585496641826
      },
     "Myobl":{
       "Nucleotide GTR":0.005839173487714423,
       "Standard MG94":0.004737792108337912,
       "dN":0.003020213529374614,
       "dS":0.01003464132514299,
       "nonsynonymous":0.002280672940607213,
       "synonymous":0.0024571191677307
      },
     "Myodm":{
       "Nucleotide GTR":0.0123945050322947,
       "Standard MG94":0.01272100485201068,
       "dN":0.007469506454428827,
       "dS":0.02891612716837891,
       "nonsynonymous":0.005640495641986688,
       "synonymous":0.007080509210023986
      },
     "Myotis":{
       "Nucleotide GTR":0.01537864683804431,
       "Standard MG94":0.01518490746995855,
       "dN":0.01782817386399433,
       "dS":0.00703332494527055,
       "nonsynonymous":0.01346270166549184,
       "synonymous":0.001722205804466706
      },
     "Phyllostomidae":{
       "Nucleotide GTR":0.06755559115715266,
       "Standard MG94":0.06749504627205553,
       "dN":0.04581195074807893,
       "dS":0.1343636535956331,
       "nonsynonymous":0.03459426805799679,
       "synonymous":0.03290077821405873
      },
     "Phyllostomus":{
       "Nucleotide GTR":0.01353568798254257,
       "Standard MG94":0.01427744597749596,
       "dN":0.01145057005550565,
       "dS":0.02299526284875498,
       "nonsynonymous":0.008646741373126198,
       "synonymous":0.005630704604369738
      },
     "Pipistrellus":{
       "Nucleotide GTR":0.03877495385014812,
       "Standard MG94":0.03836643391891433,
       "dN":0.0292233942528718,
       "dS":0.06656269992237507,
       "nonsynonymous":0.02206764649485622,
       "synonymous":0.01629878742405812
      },
     "Pteropodidae":{
       "Nucleotide GTR":0.06406508882423802,
       "Standard MG94":0.06527524707945707,
       "dN":0.04694971138220976,
       "dS":0.1217894587693157,
       "nonsynonymous":0.03545343244022098,
       "synonymous":0.02982181463923615
      },
     "Pteropus":{
       "Nucleotide GTR":0.01766850267886988,
       "Standard MG94":0.01523208676674626,
       "dN":0.001611866390910794,
       "dS":0.05723555287541291,
       "nonsynonymous":0.001217178860325701,
       "synonymous":0.01401490790642056
      },
     "Pteropusgv":{
       "Nucleotide GTR":0.002439424747711622,
       "Standard MG94":0.002426330442793063,
       "dN":0.003213102545122525,
       "dS":4.0839050286725e-10,
       "nonsynonymous":0.002426330442793063,
       "synonymous":1e-10
      },
     "Vespertilionidae":{
       "Nucleotide GTR":0.04975810285027744,
       "Standard MG94":0.05038842827642456,
       "dN":0.04539432990690849,
       "dS":0.06578975335185989,
       "nonsynonymous":0.03427890739139906,
       "synonymous":0.0161095208850254
      },
     "Yangochiroptera":{
       "Nucleotide GTR":0.003703762938752791,
       "Standard MG94":0.006176387276107853,
       "dN":0.008179168561096564,
       "dS":4.0839050286725e-10,
       "nonsynonymous":0.006176387276107855,
       "synonymous":1e-10
      },
     "YangochiropteraAfterSaccopteryx":{
       "Nucleotide GTR":0.008851945597973282,
       "Standard MG94":0.007739228989429566,
       "dN":0.005968354024123663,
       "dS":0.0132004392000867,
       "nonsynonymous":0.004506920914827359,
       "synonymous":0.003232308074602211
      },
     "ajXP_036985862_1":{
       "Confidence Intervals":{
         "LB":0.2824220884798481,
         "MLE":0.4189135650636754,
         "UB":0.5905708059037807
        },
       "Lineage dN/dS":0.4189135650636754,
       "Nucleotide GTR":0.05071896948628168,
       "Standard MG94":0.05309235456689745,
       "dN":0.03007065607534525,
       "dS":0.1240890863135775,
       "nonsynonymous":0.02270744467247874,
       "original name":"ajXP_036985862.1",
       "synonymous":0.03038490989441873
      },
     "drXP_024412873_1":{
       "Confidence Intervals":{
         "LB":0.2216663274580934,
         "MLE":0.3607324427146001,
         "UB":0.5466719481899033
        },
       "Lineage dN/dS":0.3607324427146001,
       "Nucleotide GTR":0.03720151359096257,
       "Standard MG94":0.03794409190430344,
       "dN":0.02366826785705247,
       "dS":0.08196937747206479,
       "nonsynonymous":0.01787276877201474,
       "original name":"drXP_024412873.1",
       "synonymous":0.02007132313228877
      },
     "mbXP_014394659_1":{
       "Confidence Intervals":{
         "LB":0.6141142625798306,
         "MLE":0.7885064300191594,
         "UB":0.9936737056205299
        },
       "Lineage dN/dS":0.7885064300191594,
       "Nucleotide GTR":0.1940861934862305,
       "Standard MG94":0.1950635559416903,
       "dN":0.1713090006452375,
       "dS":0.2683203484743006,
       "nonsynonymous":0.1293616489212131,
       "original name":"mbXP_014394659.1",
       "synonymous":0.06570190702047736
      },
     "mdXP_059551317_1":{
       "Confidence Intervals":{
         "LB":0.6045506717408127,
         "MLE":0.878881179676882,
         "UB":1.224636208677059
        },
       "Lineage dN/dS":0.878881179676882,
       "Nucleotide GTR":0.009399932189779681,
       "Standard MG94":0.009484551645252463,
       "dN":0.009375065248118887,
       "dS":0.009822197295943934,
       "nonsynonymous":0.007079452303572448,
       "original name":"mdXP_059551317.1",
       "synonymous":0.002405099341680015
      },
     "mlXP_006100205_1":{
       "Confidence Intervals":{
         "LB":0.693376138419397,
         "MLE":1.027568837615369,
         "UB":1.457414670319583
        },
       "Lineage dN/dS":1.027568837615369,
       "Nucleotide GTR":0.00315786932235357,
       "Standard MG94":0.004631595288091861,
       "dN":0.006133455833416624,
       "dS":4.0839050286725e-10,
       "nonsynonymous":0.004631595288091862,
       "original name":"mlXP_006100205.1",
       "synonymous":1e-10
      },
     "mmXP_036170037_1":{
       "Confidence Intervals":{
         "LB":0.6285407149817535,
         "MLE":0.9206644929065759,
         "UB":1.291222325746409
        },
       "Lineage dN/dS":0.9206644929065759,
       "Nucleotide GTR":0.006245411897049679,
       "Standard MG94":0.005157367939723784,
       "dN":0.006829717733823582,
       "dS":4.0839050286725e-10,
       "nonsynonymous":0.005157367939723785,
       "original name":"mmXP_036170037.1",
       "synonymous":1e-10
      },
     "moXP_036097190_1":{
       "Confidence Intervals":{
         "LB":0.8825942475361029,
         "MLE":1.331982837621899,
         "UB":1.919887644993821
        },
       "Lineage dN/dS":1.331982837621899,
       "Nucleotide GTR":0.05686122534517286,
       "Standard MG94":0.05680897407208221,
       "dN":0.06000954747383118,
       "dS":0.04693870966379309,
       "nonsynonymous":0.04531538905131329,
       "original name":"moXP_036097190.1",
       "synonymous":0.01149358502076891
      },
     "paXP_006923224_1":{
       "Confidence Intervals":{
         "LB":0.1599644879644889,
         "MLE":0.2989874562919643,
         "UB":0.4981925409849958
        },