{
 "analysis":{
   "authors":"Sergei L Kosakovsky Pond",
   "contact":"spond@temple.edu",
   "info":"Fit an MG94xREV model with several selectable options frequency estimator and \nreport the fit results including dN/dS ratios, and synonymous and non-synonymous branch lengths. v0.2 adds LRT test for dN/dS != 1. \nv0.3 adds LRT test support for dN/dS != 1 for local models. v0.4 adds the lineage option",
   "requirements":"in-frame codon alignment and a phylogenetic tree",
   "version":"0.4"
  },
 "branch attributes":{
   "0":{
     "AjPh":{
       "Nucleotide GTR":0.0108811744187823,
       "Standard MG94":0.0145563157701313,
       "dN":0.0132419961966403,
       "dS":0.01880748959106702,
       "nonsynonymous":0.01011483144054407,
       "synonymous":0.004441484329587222
      },
     "MolossusPhyllostomus":{
       "Nucleotide GTR":0.004498417332511101,
       "Standard MG94":0.005997619541116343,
       "dN":0.002682437831506328,
       "dS":0.01672059284212657,
       "nonsynonymous":0.002048966493609852,
       "synonymous":0.003948653047506492
      },
     "Myobl":{
       "Nucleotide GTR":0.03056021044663877,
       "Standard MG94":0.03235624373020191,
       "dN":0.01488461642534711,
       "dS":0.0888683174340589,
       "nonsynonymous":0.01136953854719713,
       "synonymous":0.02098670518300482
      },
     "Myodm":{
       "Nucleotide GTR":0.003632305625653786,
       "Standard MG94":0.007138827487958747,
       "dN":1.309166274740019e-10,
       "dS":0.03022940389045238,
       "nonsynonymous":1e-10,
       "synonymous":0.007138827487958746
      },
     "Myotis":{
       "Nucleotide GTR":0.02933711865873478,
       "Standard MG94":0.02612560714216793,
       "dN":0.02491917116302149,
       "dS":0.03002783088944088,
       "nonsynonymous":0.01903438214368153,
       "synonymous":0.007091224998486378
      },
     "Phyllostomidae":{
       "Nucleotide GTR":0.0629662391766755,
       "Standard MG94":0.06722402432611531,
       "dN":0.08004581501747471,
       "dS":0.02575187248115283,
       "nonsynonymous":0.06114258865503592,
       "synonymous":0.006081435671079358
      },
     "Phyllostomus":{
       "Nucleotide GTR":0.01852246910172942,
       "Standard MG94":0.01865054287937267,
       "dN":0.01581379754906995,
       "dS":0.02782601110496808,
       "nonsynonymous":0.01207928882235401,
       "synonymous":0.006571254057018679
      },
     "Pipistrellus":{
       "Nucleotide GTR":0.08083376980769758,
       "Standard MG94":0.08629929610144062,
       "dN":0.07253863911630441,
       "dS":0.1308082160886145,
       "nonsynonymous":0.05540827052752296,
       "synonymous":0.03089102557391761
      },
     "Pteropodidae":{
       "Nucleotide GTR":0.163563274218821,
       "Standard MG94":0.2020941028147293,
       "dN":0.1092913594052917,
       "dS":0.5022650819665668,
       "nonsynonymous":0.08348164898075716,
       "synonymous":0.1186124538339721
      },
     "Pteropus":{
       "Nucleotide GTR":0.1178710350518611,
       "Standard MG94":0.1533031683486039,
       "dN":0.1025774126063543,
       "dS":0.3173759016533779,
       "nonsynonymous":0.07835323486829411,
       "synonymous":0.07494993348030986
      },
     "Pteropusgv":{
       "Nucleotide GTR":0.01036790296298812,
       "Standard MG94":0.005986098254744617,
       "dN":0.007836797952391736,
       "dS":4.234505448050277e-10,
       "nonsynonymous":0.005986098254744616,
       "synonymous":1e-10
      },
     "Vespertilionidae":{
       "Nucleotide GTR":0.07676177670732692,
       "Standard MG94":0.07648818457178348,
       "dN":0.09216871687726551,
       "dS":0.02576941740137341,
       "nonsynonymous":0.07040260557855331,
       "synonymous":0.006085578993230155
      },
     "Yangochiroptera":{
       "Nucleotide GTR":0.05599697792295837,
       "Standard MG94":0.04451103959651037,
       "dN":0.007491046307207872,
       "dS":0.1642524095775439,
       "nonsynonymous":0.005721997619206532,
       "synonymous":0.03878904197730381
      },
     "ajXP_037006028_2":{
       "Confidence Intervals":{
         "LB":0.6756325629046558,
         "MLE":1.032990364791185,
         "UB":1.501581285435736
        },
       "Lineage dN/dS":1.032990364791185,
       "Nucleotide GTR":0.02497942971306871,
       "Standard MG94":0.02566956894376156,
       "dN":0.01649870137401484,
       "dS":0.05533279006145513,
       "nonsynonymous":0.01260244912533455,
       "original name":"ajXP_037006028.2",
       "synonymous":0.01306711981842706
      },
     "drXP_024414225_1":{
       "Confidence Intervals":{
         "LB":0.830154579698514,
         "MLE":1.313117055274884,
         "UB":1.949913787109449
        },
       "Lineage dN/dS":1.313117055274884,
       "Nucleotide GTR":0.02859518762444736,
       "Standard MG94":0.02426522649630665,
       "dN":0.01668661014409253,
       "dS":0.04877830237622613,
       "nonsynonymous":0.01274598228357681,
       "original name":"drXP_024414225.1",
       "synonymous":0.01151924421272984
      },
     "mbXP_005852975_1":{
       "Confidence Intervals":{
         "LB":0.3342518954219094,
         "MLE":0.4139967502903833,
         "UB":0.5136915753691397
        },
       "Lineage dN/dS":0.4139967502903833,
       "Nucleotide GTR":0.8879605255683851,
       "Standard MG94":5.066410806615572,
       "dN":0.6374153856250303,
       "dS":19.39202062519922,
       "nonsynonymous":0.4868865001518708,
       "original name":"mbXP_005852975.1",
       "synonymous":4.579524306463704
      },
     "mdXP_059516697_1":{
       "Confidence Intervals":{
         "LB":0.6100754099779372,
         "MLE":0.9055315383595384,
         "UB":1.287569980507757
        },
       "Lineage dN/dS":0.9055315383595384,
       "Nucleotide GTR":0.02225646165362707,
       "Standard MG94":0.02042706599865019,
       "dN":0.01590969968467926,
       "dS":0.03503851195202805,
       "nonsynonymous":0.01215254318084133,
       "original name":"mdXP_059516697.1",
       "synonymous":0.008274522817808884
      },
     "mlXP_023600127_1":{
       "Confidence Intervals":{
         "LB":0.6061785671876503,
         "MLE":0.8761804013586336,
         "UB":1.221118651002991
        },
       "Lineage dN/dS":0.8761804013586336,
       "Nucleotide GTR":0.01711567232668564,
       "Standard MG94":0.01387308803718405,
       "dN":0.01816217898478056,
       "dS":4.234505448050277e-10,
       "nonsynonymous":0.01387308803718405,
       "original name":"mlXP_023600127.1",
       "synonymous":1e-10
      },
     "mmXP_036167544_1":{
       "Confidence Intervals":{
         "LB":0.6297444916884609,
         "MLE":0.8305979758923279,
         "UB":1.074579429467786
        },
       "Lineage dN/dS":0.8305979758923279,
       "Nucleotide GTR":0.1790703572338244,
       "Standard MG94":0.1811570932359339,
       "dN":0.1621866095834331,
       "dS":0.2425172259620956,
       "nonsynonymous":0.1238854167822502,
       "original name":"mmXP_036167544.1",
       "synonymous":0.05727167645368352
      },
     "moXP_036119267_1":{
       "Confidence Intervals":{
         "LB":0.3604071099682837,
         "MLE":0.5844821513839066,
         "UB":0.8863015039620286
        },
       "Lineage dN/dS":0.5844821513839066,
       "Nucleotide GTR":0.09534222804454895,
       "Standard MG94":0.09770315197463149,
       "dN":0.086280564015107,
       "dS":0.1346495749605468,
       "nonsynonymous":0.06590496996436992,
       "original name":"moXP_036119267.1",
       "synonymous":0.03179818201026155
      },
     "paXP_024900830_1":{
       "Confidence Intervals":{
         "LB":0.1807813783092198,
         "MLE":0.2519936352998614,
         "UB":0.3416752023236725
        },
       "Lineage dN/dS":0.2519936352998614,
       "Nucleotide GTR":0.002065473540230085,
       "Standard MG94":0.006917871518340581,
       "dN":1.309166274740019e-10,
       "dS":0.02929376463332503,
       "nonsynonymous":1e-10,
       "original name":"paXP_024900830.1",
       "synonymous":0.006917871518340581
      },