{
 "analysis":{
   "authors":"Sergei L Kosakovsky Pond",
   "contact":"spond@temple.edu",
   "info":"Fit an MG94xREV model with several selectable options frequency estimator and \nreport the fit results including dN/dS ratios, and synonymous and non-synonymous branch lengths. v0.2 adds LRT test for dN/dS != 1. \nv0.3 adds LRT test support for dN/dS != 1 for local models. v0.4 adds the lineage option",
   "requirements":"in-frame codon alignment and a phylogenetic tree",
   "version":"0.4"
  },
 "branch attributes":{
   "0":{
     "MolossusPhyllostomus":{
       "Nucleotide GTR":0.001993602269967799,
       "Standard MG94":0.004776664210776178,
       "dN":1.308186100980684e-10,
       "dS":0.02027594920635605,
       "nonsynonymous":1e-10,
       "synonymous":0.004776664210776178
      },
     "Myotis":{
       "Nucleotide GTR":0.01966522784250023,
       "Standard MG94":0.01290167410226336,
       "dN":1.308186100980684e-10,
       "dS":0.05476493159897958,
       "nonsynonymous":1e-10,
       "synonymous":0.01290167410226336
      },
     "Phyllostomidae":{
       "Nucleotide GTR":0.06983529066698042,
       "Standard MG94":0.07265250037162775,
       "dN":0.04661128171983839,
       "dS":0.1571508556476221,
       "nonsynonymous":0.03563046701451435,
       "synonymous":0.03702203335711336
      },
     "Phyllostomus":{
       "Nucleotide GTR":0.02553091762425331,
       "Standard MG94":0.02557777636550587,
       "dN":0.02623118407671622,
       "dS":0.02345760381674015,
       "nonsynonymous":0.02005156915904547,
       "synonymous":0.005526207206460376
      },
     "Pipistrellus":{
       "Nucleotide GTR":0.0185911754023617,
       "Standard MG94":0.02079778237794527,
       "dN":0.0134599433954607,
       "dS":0.04460754848723684,
       "nonsynonymous":0.01028901269121452,
       "synonymous":0.01050876968673077
      },
     "Pteropodidae":{
       "Nucleotide GTR":0.0745266135938097,
       "Standard MG94":0.07966060566634978,
       "dN":0.04023722350779108,
       "dS":0.2075813069345405,
       "nonsynonymous":0.03075802707093981,
       "synonymous":0.04890257859540984
      },
     "Pteropus":{
       "Nucleotide GTR":0.01036113922059652,
       "Standard MG94":0.01093354575451964,
       "dN":1.308186100980684e-10,
       "dS":0.04641063482416889,
       "nonsynonymous":1e-10,
       "synonymous":0.01093354575451964
      },
     "Pteropusgv":{
       "Nucleotide GTR":0.005093551658003447,
       "Standard MG94":0.005143315139683053,
       "dN":1.308186100980684e-10,
       "dS":0.02183230638009406,
       "nonsynonymous":1e-10,
       "synonymous":0.005143315139683054
      },
     "Vespertilionidae":{
       "Nucleotide GTR":0.05925593491020831,
       "Standard MG94":0.06071651179463444,
       "dN":0.04732825654115174,
       "dS":0.1041586242418849,
       "nonsynonymous":0.03617853492379412,
       "synonymous":0.02453797687084022
      },
     "Yangochiroptera":{
       "Nucleotide GTR":0.0169500639512983,
       "Standard MG94":0.01596089388671579,
       "dN":0.01348528931178606,
       "dS":0.02399371745355438,
       "nonsynonymous":0.01030838754644831,
       "synonymous":0.005652506340267478
      },
     "YangochiropteraAfterSaccopteryx":{
       "Nucleotide GTR":0.007655217836602649,
       "Standard MG94":0.006829109414831527,
       "dN":0.008933746018558938,
       "dS":4.244792665269083e-10,
       "nonsynonymous":0.006829109414831528,
       "synonymous":1e-10
      },
     "ajXP_053511624_1":{
       "Confidence Intervals":{
         "LB":0.1897664472725751,
         "MLE":0.3591201391249242,
         "UB":0.5976431512075183
        },
       "Lineage dN/dS":0.3591201391249242,
       "Nucleotide GTR":0.05446917466714016,
       "Standard MG94":0.0537911718791971,
       "dN":0.02754232429563194,
       "dS":0.1389632399901157,
       "nonsynonymous":0.02105382733770431,
       "original name":"ajXP_053511624.1",
       "synonymous":0.03273734454149286
      },
     "drXP_024433061_1":{
       "Confidence Intervals":{
         "LB":0.3892857999678291,
         "MLE":0.6228306877460947,
         "UB":0.9352943706331199
        },
       "Lineage dN/dS":0.6228306877460947,
       "Nucleotide GTR":0.08293262570539554,
       "Standard MG94":0.08204542894035322,
       "dN":0.07584333027446857,
       "dS":0.102169953200691,
       "nonsynonymous":0.05797594869538247,
       "original name":"drXP_024433061.1",
       "synonymous":0.02406948024497076
      },
     "mbXP_014402084_1":{
       "Confidence Intervals":{
         "LB":0.3652123616272138,
         "MLE":0.5405420194210485,
         "UB":0.766439259647423
        },
       "Lineage dN/dS":0.5405420194210485,
       "Nucleotide GTR":0.1954180786986813,
       "Standard MG94":0.1944704960023134,
       "dN":0.1624318321075692,
       "dS":0.2984293176130001,
       "nonsynonymous":0.124165691705333,
       "original name":"mbXP_014402084.1",
       "synonymous":0.07030480429698027
      },
     "mdXP_059524609_1":{
       "Confidence Intervals":{
         "LB":0.238904687341305,
         "MLE":0.4638060814836251,
         "UB":0.8000816528073472
        },
       "Lineage dN/dS":0.4638060814836251,
       "Nucleotide GTR":0.005058330515240419,
       "Standard MG94":0.005076882270879288,
       "dN":0.006641506823079536,
       "dS":4.244792665269083e-10,
       "nonsynonymous":0.005076882270879287,
       "original name":"mdXP_059524609.1",
       "synonymous":1e-10
      },
     "mlXP_006094480_1":{
       "Confidence Intervals":{
         "LB":0.2391425727594063,
         "MLE":0.4646391258340204,
         "UB":0.8008916665364308
        },
       "Lineage dN/dS":0.4646391258340204,
       "Nucleotide GTR":0.005064971224660651,
       "Standard MG94":0.005098696369051318,
       "dN":0.006670043723113612,
       "dS":4.244792665269083e-10,
       "nonsynonymous":0.005098696369051316,
       "original name":"mlXP_006094480.1",
       "synonymous":1e-10
      },
     "mmXP_036192245_1":{
       "Confidence Intervals":{
         "LB":0.2062684997941368,
         "MLE":0.4155757989735802,
         "UB":0.7345368473062345
        },
       "Lineage dN/dS":0.4155757989735802,
       "Nucleotide GTR":0,
       "Standard MG94":0,
       "dN":1.308186100980684e-10,
       "dS":4.244792665269083e-10,
       "nonsynonymous":1e-10,
       "original name":"mmXP_036192245.1",
       "synonymous":1e-10
      },
     "moXP_036134616_1":{
       "Confidence Intervals":{
         "LB":0.415159503954635,
         "MLE":0.7402591963542872,
         "UB":1.210493171090289
        },
       "Lineage dN/dS":0.7402591963542872,
       "Nucleotide GTR":0.09615761966769167,
       "Standard MG94":0.0942187618467034,
       "dN":0.08363794594469164,
       "dS":0.1285513156781135,
       "nonsynonymous":0.06393428724093025,
       "original name":"moXP_036134616.1",
       "synonymous":0.0302844746057731
      },
     "paXP_006907716_1":{
       "Confidence Intervals":{
         "LB":0.07273542414268341,
         "MLE":0.1898433133243823,
         "UB":0.3932012062792521
        },
       "Lineage dN/dS":0.1898433133243823,
       "Nucleotide GTR":0,
       "Standard MG94":0,
       "dN":1.308186100980684e-10,
       "dS":4.244792665269083e-10,
       "nonsynonymous":1e-10,
       "original name":"paXP_006907716.1",
       "synonymous":1e-10
      },
     "pdXP_035877989_1":{
       "Confidence Intervals":{
         "LB":0.2883515456732965,
         "MLE":0.5179899011508321,
         "UB":0.8429099849490803
        },
       "Lineage dN/dS":0.5179899011508321,
       "Nucleotide GTR":0.004038079077975287,
       "Standard MG94":0.008646581095597931,
       "dN":1.308186100980684e-10,
       "dS":0.0367029440142484,
       "nonsynonymous":1e-10,
       "original name":"pdXP_035877989.1",
       "synonymous":0.008646581095597931
      },
     "pgXP_039701389_1":{
       "Confidence Intervals":{
         "LB":0.2240287534223708,
         "MLE":0.3624859506171155,