{
 "analysis":{
   "authors":"Sergei L Kosakovsky Pond",
   "contact":"spond@temple.edu",
   "info":"Fit an MG94xREV model with several selectable options frequency estimator and \nreport the fit results including dN/dS ratios, and synonymous and non-synonymous branch lengths. v0.2 adds LRT test for dN/dS != 1. \nv0.3 adds LRT test support for dN/dS != 1 for local models. v0.4 adds the lineage option",
   "requirements":"in-frame codon alignment and a phylogenetic tree",
   "version":"0.4"
  },
 "branch attributes":{
   "0":{
     "AjPh":{
       "Nucleotide GTR":0.001664933361242028,
       "Standard MG94":0.0009314297728154038,
       "dN":0.0002495610875549667,
       "dS":0.003246844162029148,
       "nonsynonymous":0.00019278704038122,
       "synonymous":0.0007386427324341835
      },
     "MolossusPhyllostomus":{
       "Nucleotide GTR":0.01167276983302528,
       "Standard MG94":0.01217449946064267,
       "dN":1.294490994111849e-10,
       "dS":0.05351532041633791,
       "nonsynonymous":1e-10,
       "synonymous":0.01217449946064267
      },
     "Myobl":{
       "Nucleotide GTR":0.003568984161685689,
       "Standard MG94":0.003872756511099383,
       "dN":1.294490994111849e-10,
       "dS":0.01702343544027739,
       "nonsynonymous":1e-10,
       "synonymous":0.003872756511099383
      },
     "Myodm":{
       "Nucleotide GTR":0.007375684526372117,
       "Standard MG94":0.007209571887844554,
       "dN":1.294490994111849e-10,
       "dS":0.03169104002097976,
       "nonsynonymous":1e-10,
       "synonymous":0.007209571887844552
      },
     "Myotis":{
       "Nucleotide GTR":0.01852161290563314,
       "Standard MG94":0.01747512945067602,
       "dN":0.01181004268175425,
       "dS":0.03671200555959409,
       "nonsynonymous":0.009123310038828906,
       "synonymous":0.00835181941184711
      },
     "Phyllostomidae":{
       "Nucleotide GTR":0.01785603321147385,
       "Standard MG94":0.01757651731243863,
       "dN":0.008654160904013806,
       "dS":0.04787406999425699,
       "nonsynonymous":0.006685377452124669,
       "synonymous":0.01089113986031396
      },
     "Phyllostomus":{
       "Nucleotide GTR":0.01364177864195374,
       "Standard MG94":0.01429534196801544,
       "dN":0.002812035644808695,
       "dS":0.05328908558940897,
       "nonsynonymous":0.002172309933093071,
       "synonymous":0.01212303203492239
      },
     "Pipistrellus":{
       "Nucleotide GTR":0.03292601527182547,
       "Standard MG94":0.03566584463566054,
       "dN":0.01144521313993568,
       "dS":0.1179115906177117,
       "nonsynonymous":0.008841477609342696,
       "synonymous":0.02682436702631788
      },
     "Pteropodidae":{
       "Nucleotide GTR":0.008091815191680398,
       "Standard MG94":0.008467058992641724,
       "dN":1.294490994111849e-10,
       "dS":0.0372185629840537,
       "nonsynonymous":1e-10,
       "synonymous":0.008467058992641722
      },
     "Pteropus":{
       "Nucleotide GTR":0.009995421059419573,
       "Standard MG94":0.01000707924037883,
       "dN":0.002835734059487486,
       "dS":0.03435874134304955,
       "nonsynonymous":0.002190617062912117,
       "synonymous":0.00781646217746672
      },
     "Vespertilionidae":{
       "Nucleotide GTR":0.01532877799285733,
       "Standard MG94":0.01588188115333588,
       "dN":0.00568576867156162,
       "dS":0.05050471406041522,
       "nonsynonymous":0.004392281365744555,
       "synonymous":0.01148959978759132
      },
     "Yangochiroptera":{
       "Nucleotide GTR":0.0128242618234314,
       "Standard MG94":0.01177999449407729,
       "dN":0.007439030608042007,
       "dS":0.02652056032743022,
       "nonsynonymous":0.00574668394131697,
       "synonymous":0.006033310552760307
      },
     "YangochiropteraAfterSaccopteryx":{
       "Nucleotide GTR":0.005937932629511494,
       "Standard MG94":0.006378988682767111,
       "dN":1.294490994111849e-10,
       "dS":0.02804005408140653,
       "nonsynonymous":1e-10,
       "synonymous":0.00637898868276711
      },
     "ajXP_036997560_2":{
       "Confidence Intervals":{
         "LB":0.06513211577171356,
         "MLE":0.1189347046492484,
         "UB":0.1964833694529876
        },
       "Lineage dN/dS":0.1189347046492484,
       "Nucleotide GTR":0.02407133628355519,
       "Standard MG94":0.02505458999560575,
       "dN":0.002819231958127221,
       "dS":0.1005589635827771,
       "nonsynonymous":0.002177869116858165,
       "original name":"ajXP_036997560.2",
       "synonymous":0.02287672087874761
      },
     "drXP_024426683_2":{
       "Confidence Intervals":{
         "LB":0.1000614433349697,
         "MLE":0.1696132721486484,
         "UB":0.2656851597721622
        },
       "Lineage dN/dS":0.1696132721486484,
       "Nucleotide GTR":0.02514499187886034,
       "Standard MG94":0.02621716190247847,
       "dN":0.008586135389489581,
       "dS":0.08608665491078592,
       "nonsynonymous":0.006632827442249245,
       "original name":"drXP_024426683.2",
       "synonymous":0.01958433446022922
      },
     "mbXP_005856931_1":{
       "Confidence Intervals":{
         "LB":0.09545635748385355,
         "MLE":0.1612723019895044,
         "UB":0.2529845506614314
        },
       "Lineage dN/dS":0.1612723019895044,
       "Nucleotide GTR":0,
       "Standard MG94":0,
       "dN":1.294490994111849e-10,
       "dS":4.395689579628346e-10,
       "nonsynonymous":1e-10,
       "original name":"mbXP_005856931.1",
       "synonymous":1e-10
      },
     "mdXP_059563909_1":{
       "Confidence Intervals":{
         "LB":0.08683799642605115,
         "MLE":0.1467395512606279,
         "UB":0.229772950178279
        },
       "Lineage dN/dS":0.1467395512606279,
       "Nucleotide GTR":0.001258044603666246,
       "Standard MG94":0.001405349469742352,
       "dN":1.294490994111849e-10,
       "dS":0.006177480019882674,
       "nonsynonymous":1e-10,
       "original name":"mdXP_059563909.1",
       "synonymous":0.001405349469742351
      },
     "mlXP_006093578_1":{
       "Confidence Intervals":{
         "LB":0.3162559732912467,
         "MLE":0.4077479321960341,
         "UB":0.5152291130273983
        },
       "Lineage dN/dS":0.4077479321960341,
       "Nucleotide GTR":0.09122832077078367,
       "Standard MG94":0.08985885197495835,
       "dN":0.0806420540314236,
       "dS":0.1211562367093594,
       "nonsynonymous":0.06229634226752743,
       "original name":"mlXP_006093578.1",
       "synonymous":0.02756250970743096
      },
     "mmXP_036180316_1":{
       "Confidence Intervals":{
         "LB":0.09347875435910293,
         "MLE":0.1530872733215562,
         "UB":0.2342706998011616
        },
       "Lineage dN/dS":0.1530872733215562,
       "Nucleotide GTR":0.007485279304810146,
       "Standard MG94":0.007316322994563597,
       "dN":0.002815193039189187,
       "dS":0.0226007630805815,
       "nonsynonymous":0.00217474903417207,
       "original name":"mmXP_036180316.1",
       "synonymous":0.005141573960391531
      },
     "moXP_036116076_1":{
       "Confidence Intervals":{
         "LB":0.06864970180479041,
         "MLE":0.1103582177120962,
         "UB":0.166371186781136
        },
       "Lineage dN/dS":0.1103582177120962,
       "Nucleotide GTR":0.06461078134103447,
       "Standard MG94":0.07103424088880797,
       "dN":0.02103358094771425,
       "dS":0.2408209608253205,
       "nonsynonymous":0.01624853401328249,
       "original name":"moXP_036116076.1",
       "synonymous":0.0547857068755255
      },
     "paXP_015441442_1":{
       "Confidence Intervals":{
         "LB":0.0175948126897758,
         "MLE":0.07081037566262778,
         "UB":0.1837941547666607
        },
       "Lineage dN/dS":0.07081037566262778,
       "Nucleotide GTR":0.003268924606960198,
       "Standard MG94":0.003263593676032343,
       "dN":0.001411554803937702,
       "dS":0.009552542775070774,
       "nonsynonymous":0.001090432309192054,
       "original name":"paXP_015441442.1",
       "synonymous":0.002173161366840294
      },