{
 "analysis":{
   "authors":"Sergei L Kosakovsky Pond",
   "contact":"spond@temple.edu",
   "info":"Fit an MG94xREV model with several selectable options frequency estimator and \nreport the fit results including dN/dS ratios, and synonymous and non-synonymous branch lengths. v0.2 adds LRT test for dN/dS != 1. \nv0.3 adds LRT test support for dN/dS != 1 for local models. v0.4 adds the lineage option",
   "requirements":"in-frame codon alignment and a phylogenetic tree",
   "version":"0.4"
  },
 "branch attributes":{
   "0":{
     "AjPh":{
       "Nucleotide GTR":0.006333312455306754,
       "Standard MG94":0.004596748981171434,
       "dN":1.31926508933993e-10,
       "dS":0.0189946557196597,
       "nonsynonymous":1e-10,
       "synonymous":0.004596748981171434
      },
     "MolossusPhyllostomus":{
       "Nucleotide GTR":0.01241843346880165,
       "Standard MG94":0.007851562975451117,
       "dN":0.007626693716064232,
       "dS":0.008555896981564311,
       "nonsynonymous":0.005781016853769781,
       "synonymous":0.002070546121681331
      },
     "Myobl":{
       "Nucleotide GTR":0.02228548528557737,
       "Standard MG94":0.02296111104047313,
       "dN":0.01856681171471471,
       "dS":0.03672490630804705,
       "nonsynonymous":0.01407360193545656,
       "synonymous":0.008887509105016624
      },
     "Myodm":{
       "Nucleotide GTR":0.004663153176406762,
       "Standard MG94":0.003203454392987709,
       "dN":1.31926508933993e-10,
       "dS":0.01323729304290319,
       "nonsynonymous":1e-10,
       "synonymous":0.003203454392987709
      },
     "Myotis":{
       "Nucleotide GTR":0.01042906039125161,
       "Standard MG94":0.01313506623512674,
       "dN":0.003165646407375529,
       "dS":0.04436121704404438,
       "nonsynonymous":0.002399552927576824,
       "synonymous":0.01073551330754992
      },
     "Phyllostomidae":{
       "Nucleotide GTR":0.0333253488225488,
       "Standard MG94":0.02980403069336473,
       "dN":0.009728782029721156,
       "dS":0.09268359170377308,
       "nonsynonymous":0.007374395114623076,
       "synonymous":0.02242963557874167
      },
     "Phyllostomus":{
       "Nucleotide GTR":0.005280462235388472,
       "Standard MG94":0.006192514044530917,
       "dN":0.003233755129830457,
       "dS":0.01545991913669931,
       "nonsynonymous":0.00245117918753418,
       "synonymous":0.00374133485699674
      },
     "Pipistrellus":{
       "Nucleotide GTR":0.03748141193684674,
       "Standard MG94":0.05178620229801526,
       "dN":0.009815140732708583,
       "dS":0.1832476835770377,
       "nonsynonymous":0.007439854819185285,
       "synonymous":0.04434634747882994
      },
     "Pteropodidae":{
       "Nucleotide GTR":0.03830665943738731,
       "Standard MG94":0.04338675237627002,
       "dN":0.0185696775789645,
       "dS":0.1211186298221068,
       "nonsynonymous":0.01407577425417624,
       "synonymous":0.02931097812209381
      },
     "Pteropus":{
       "Nucleotide GTR":0.0274635117234503,
       "Standard MG94":0.03175780950376216,
       "dN":0.009423121740554185,
       "dS":0.101714370709324,
       "nonsynonymous":0.00714270529607425,
       "synonymous":0.02461510420768792
      },
     "Pteropusgv":{
       "Nucleotide GTR":0.0101070484625338,
       "Standard MG94":0.01168061838179579,
       "dN":0.005253086760228735,
       "dS":0.03181289039078931,
       "nonsynonymous":0.003981828066758759,
       "synonymous":0.007698790315037055
      },
     "Vespertilionidae":{
       "Nucleotide GTR":0.02109916450308824,
       "Standard MG94":0.0283249230798568,
       "dN":0.01144170584237652,
       "dS":0.08120642438144218,
       "nonsynonymous":0.008672787550302851,
       "synonymous":0.01965213552955395
      },
     "Yangochiroptera":{
       "Nucleotide GTR":0.01567855335904365,
       "Standard MG94":0.01576494973503435,
       "dN":0.01375870328021818,
       "dS":0.02204890160388421,
       "nonsynonymous":0.01042906644873177,
       "synonymous":0.005335883286302583
      },
     "YangochiropteraAfterSaccopteryx":{
       "Nucleotide GTR":0.004120683683990481,
       "Standard MG94":0.008298574829572561,
       "dN":1.31926508933993e-10,
       "dS":0.03429131599250269,
       "nonsynonymous":1e-10,
       "synonymous":0.008298574829572561
      },
     "ajXP_053512958_1":{
       "Confidence Intervals":{
         "LB":0.02992207831285757,
         "MLE":0.08558463309753742,
         "UB":0.1789474900421018
        },
       "Lineage dN/dS":0.08558463309753742,
       "Nucleotide GTR":0.007025642627962968,
       "Standard MG94":0.00609500578618266,
       "dN":1.31926508933993e-10,
       "dS":0.02518574257417249,
       "nonsynonymous":1e-10,
       "original name":"ajXP_053512958.1",
       "synonymous":0.00609500578618266
      },
     "drXP_053782653_1":{
       "Confidence Intervals":{
         "LB":0.04040231576344722,
         "MLE":0.09455953300422139,
         "UB":0.1793416742441976
        },
       "Lineage dN/dS":0.09455953300422139,
       "Nucleotide GTR":0.0227350691429194,
       "Standard MG94":0.02550599323610018,
       "dN":0.006468155239764815,
       "dS":0.08513618341973563,
       "nonsynonymous":0.004902847268550886,
       "original name":"drXP_053782653.1",
       "synonymous":0.02060314596754931
      },
     "mbXP_014390751_1":{
       "Confidence Intervals":{
         "LB":0.1660721664394784,
         "MLE":0.2474801316640358,
         "UB":0.3509931122738936
        },
       "Lineage dN/dS":0.2474801316640358,
       "Nucleotide GTR":0.05453650652964025,
       "Standard MG94":0.06361876099004775,
       "dN":0.04882205210263624,
       "dS":0.1099649146456294,
       "nonsynonymous":0.03700700677758664,
       "original name":"mbXP_014390751.1",
       "synonymous":0.02661175421246102
      },
     "mdXP_059555471_1":{
       "Confidence Intervals":{
         "LB":0.1004922878106273,
         "MLE":0.1793021475516655,
         "UB":0.2876043758520993
        },
       "Lineage dN/dS":0.1793021475516655,
       "Nucleotide GTR":0.02050801519487339,
       "Standard MG94":0.02398470945935637,
       "dN":0.01924002433549245,
       "dS":0.03884598080497516,
       "nonsynonymous":0.01458389560290635,
       "original name":"mdXP_059555471.1",
       "synonymous":0.009400813856450028
      },
     "mlXP_014305981_1":{
       "Confidence Intervals":{
         "LB":0.2309397405166529,
         "MLE":0.3044158723868582,
         "UB":0.3932524129166791
        },
       "Lineage dN/dS":0.3044158723868582,
       "Nucleotide GTR":0.2098512278793306,
       "Standard MG94":0.2227193377848474,
       "dN":0.1789159480826961,
       "dS":0.3599200251281253,
       "nonsynonymous":0.1356178902393403,
       "original name":"mlXP_014305981.1",
       "synonymous":0.08710144754550718
      },
     "mmXP_036169299_1":{
       "Confidence Intervals":{
         "LB":0.07273971914544046,
         "MLE":0.1458398023750937,
         "UB":0.2510284336119811
        },
       "Lineage dN/dS":0.1458398023750937,
       "Nucleotide GTR":0.004558374462342156,
       "Standard MG94":0.001696840982168357,
       "dN":0.002238583069935992,
       "dS":4.132193382206201e-10,
       "nonsynonymous":0.001696840982168357,
       "original name":"mmXP_036169299.1",
       "synonymous":1e-10
      },
     "moXP_036096655_1":{
       "Confidence Intervals":{
         "LB":0.09557948073377613,
         "MLE":0.1752662007767859,
         "UB":0.2854037775703001
        },
       "Lineage dN/dS":0.1752662007767859,
       "Nucleotide GTR":0.05749982702217352,
       "Standard MG94":0.06217860824502822,
       "dN":0.02683508388524522,
       "dS":0.1728813613485845,
       "nonsynonymous":0.02034093382905452,
       "original name":"moXP_036096655.1",
       "synonymous":0.04183767441597377
      },
     "paXP_024905339_1":{
       "Confidence Intervals":{
         "LB":0.1157973444986796,
         "MLE":0.1839287246961119,
         "UB":0.2748629961391907
        },