{
 "analysis":{
   "authors":"Sergei L Kosakovsky Pond",
   "contact":"spond@temple.edu",
   "info":"Fit an MG94xREV model with several selectable options frequency estimator and \nreport the fit results including dN/dS ratios, and synonymous and non-synonymous branch lengths. v0.2 adds LRT test for dN/dS != 1. \nv0.3 adds LRT test support for dN/dS != 1 for local models. v0.4 adds the lineage option",
   "requirements":"in-frame codon alignment and a phylogenetic tree",
   "version":"0.4"
  },
 "branch attributes":{
   "0":{
     "AjPh":{
       "Nucleotide GTR":0.02163615188381556,
       "Standard MG94":0.0197611035999608,
       "dN":1.316948683480769e-10,
       "dS":0.08210906284352654,
       "nonsynonymous":1e-10,
       "synonymous":0.0197611035999608
      },
     "MolossusPhyllostomus":{
       "Nucleotide GTR":0.01267605770251536,
       "Standard MG94":0.0187902880780871,
       "dN":0.00151901572944012,
       "dS":0.0732826183789162,
       "nonsynonymous":0.001153435778093704,
       "synonymous":0.01763685229999341
      },
     "Myodm":{
       "Nucleotide GTR":0.006256052316134693,
       "Standard MG94":0.005530151978750485,
       "dN":1.316948683480769e-10,
       "dS":0.0229782508886992,
       "nonsynonymous":1e-10,
       "synonymous":0.005530151978750485
      },
     "Myotis":{
       "Nucleotide GTR":0.004156317397523986,
       "Standard MG94":0.00746699224241316,
       "dN":1.316948683480769e-10,
       "dS":0.03102598658941515,
       "nonsynonymous":1e-10,
       "synonymous":0.007466992242413158
      },
     "Phyllostomidae":{
       "Nucleotide GTR":0.03417931680216681,
       "Standard MG94":0.05026138919277228,
       "dN":0.004569154851533892,
       "dS":0.1944242670423999,
       "nonsynonymous":0.00346950105865732,
       "synonymous":0.04679188813411495
      },
     "Phyllostomus":{
       "Nucleotide GTR":0.01645375560891869,
       "Standard MG94":0.01764671102733998,
       "dN":0.001522048111492055,
       "dS":0.06852139123981128,
       "nonsynonymous":0.001155738359879898,
       "synonymous":0.01649097266746007
      },
     "Pipistrellus":{
       "Nucleotide GTR":0.02083231224037512,
       "Standard MG94":0.02780200027395907,
       "dN":0.006079616567499513,
       "dS":0.09633796473325802,
       "nonsynonymous":0.004616441508890647,
       "synonymous":0.02318555876506843
      },
     "Pteropodidae":{
       "Nucleotide GTR":0.02946894956410058,
       "Standard MG94":0.04726322997100484,
       "dN":0.006124319885615921,
       "dS":0.1770599832926984,
       "nonsynonymous":0.004650386125470737,
       "synonymous":0.04261284384553409
      },
     "Pteropus":{
       "Nucleotide GTR":0.007829399591498112,
       "Standard MG94":0.01224696662539796,
       "dN":1.316948683480769e-10,
       "dS":0.05088718589023378,
       "nonsynonymous":1e-10,
       "synonymous":0.01224696662539796
      },
     "Pteropusgv":{
       "Nucleotide GTR":0.001160739416492973,
       "Standard MG94":0.001306887048727477,
       "dN":1.316948683480769e-10,
       "dS":0.005430226620216101,
       "nonsynonymous":1e-10,
       "synonymous":0.001306887048727477
      },
     "Vespertilionidae":{
       "Nucleotide GTR":0.006785221762921905,
       "Standard MG94":0.01655546604114756,
       "dN":0.001522662543561657,
       "dS":0.06398523710848196,
       "nonsynonymous":0.001156204917216041,
       "synonymous":0.01539926112393152
      },
     "Yangochiroptera":{
       "Nucleotide GTR":0.02069002795341192,
       "Standard MG94":0.02517223219254862,
       "dN":0.007679848669277319,
       "dS":0.08036218701794104,
       "nonsynonymous":0.005831547398626839,
       "synonymous":0.01934068479392173
      },
     "YangochiropteraAfterSaccopteryx":{
       "Nucleotide GTR":0.0008772914314008435,
       "Standard MG94":0,
       "dN":1.316948683480769e-10,
       "dS":4.155084883199004e-10,
       "nonsynonymous":1e-10,
       "synonymous":1e-10
      },
     "ajXP_036996368_1":{
       "Confidence Intervals":{
         "LB":0.01461761331490001,
         "MLE":0.02819489780928823,
         "UB":0.04834400997882021
        },
       "Lineage dN/dS":0.02819489780928823,
       "Nucleotide GTR":0.0177465688003693,
       "Standard MG94":0.01556575649538748,
       "dN":0.004553949504775953,
       "dS":0.05030894226817099,
       "nonsynonymous":0.003457955167045393,
       "original name":"ajXP_036996368.1",
       "synonymous":0.01210780132834208
      },
     "drXP_024416371_2":{
       "Confidence Intervals":{
         "LB":0.01730888758720887,
         "MLE":0.03238198483888868,
         "UB":0.05433372315204172
        },
       "Lineage dN/dS":0.03238198483888868,
       "Nucleotide GTR":0.0192039581985597,
       "Standard MG94":0.02971575228298262,
       "dN":0.006076937169365918,
       "dS":0.1042982205046908,
       "nonsynonymous":0.004614406958746664,
       "original name":"drXP_024416371.2",
       "synonymous":0.02510134532423594
      },
     "mbXP_014390342_1":{
       "Confidence Intervals":{
         "LB":0.2077427749845478,
         "MLE":0.2659331687245194,
         "UB":0.3352065904178835
        },
       "Lineage dN/dS":0.2659331687245194,
       "Nucleotide GTR":0.1177857708699173,
       "Standard MG94":0.1210722734590196,
       "dN":0.1147948007006663,
       "dS":0.1408782328635934,
       "nonsynonymous":0.08716725422987419,
       "original name":"mbXP_014390342.1",
       "synonymous":0.03390501922914534
      },
     "mdXP_059551797_1":{
       "Confidence Intervals":{
         "LB":0.01008615586166411,
         "MLE":0.02351612707538093,
         "UB":0.04553839336160562
        },
       "Lineage dN/dS":0.02351612707538093,
       "Nucleotide GTR":0.002726291249967316,
       "Standard MG94":0.005353308012344357,
       "dN":1.316948683480769e-10,
       "dS":0.02224344919720014,
       "nonsynonymous":1e-10,
       "original name":"mdXP_059551797.1",
       "synonymous":0.005353308012344357
      },
     "mlXP_014314153_1":{
       "Confidence Intervals":{
         "LB":0.02391902912743336,
         "MLE":0.03152271508890748,
         "UB":0.04012416295324507
        },
       "Lineage dN/dS":0.03152271508890748,
       "Nucleotide GTR":0.1818518280657953,
       "Standard MG94":0.5001229065098768,
       "dN":0.08624300265653743,
       "dS":1.805949134617407,
       "nonsynonymous":0.06548698801884395,
       "original name":"mlXP_014314153.1",
       "synonymous":0.4346359184910333
      },
     "mmXP_036170290_1":{
       "Confidence Intervals":{
         "LB":0.01053328674706302,
         "MLE":0.02457439103162709,
         "UB":0.04756245330354438
        },
       "Lineage dN/dS":0.02457439103162709,
       "Nucleotide GTR":0.004244550583377528,
       "Standard MG94":0.002268075934816263,
       "dN":1.316948683480769e-10,
       "dS":0.009424048030702506,
       "nonsynonymous":1e-10,
       "original name":"mmXP_036170290.1",
       "synonymous":0.002268075934816263
      },
     "moXP_036097381_1":{
       "Confidence Intervals":{
         "LB":0.02508555914360085,
         "MLE":0.0445983920321208,
         "UB":0.07229339422567405
        },
       "Lineage dN/dS":0.0445983920321208,
       "Nucleotide GTR":0.05159078139654699,
       "Standard MG94":0.05154389988097726,
       "dN":0.01215249113506107,
       "dS":0.1758271381431307,
       "nonsynonymous":0.0092277636080256,
       "original name":"moXP_036097381.1",
       "synonymous":0.04231613627295172
      },
     "paXP_006923326_1":{
       "Confidence Intervals":{
         "LB":0.005684338228776355,
         "MLE":0.01836827608379915,
         "UB":0.04277519789632495
        },
       "Lineage dN/dS":0.01836827608379915,
       "Nucleotide GTR":0,
       "Standard MG94":0,
       "dN":1.316948683480769e-10,
       "dS":4.155084883199004e-10,
       "nonsynonymous":1e-10,
       "original name":"paXP_006923326.1",
       "synonymous":1e-10
      },