{
 "analysis":{
   "authors":"Sergei L Kosakovsky Pond",
   "contact":"spond@temple.edu",
   "info":"Fit an MG94xREV model with several selectable options frequency estimator and \nreport the fit results including dN/dS ratios, and synonymous and non-synonymous branch lengths. v0.2 adds LRT test for dN/dS != 1. \nv0.3 adds LRT test support for dN/dS != 1 for local models. v0.4 adds the lineage option",
   "requirements":"in-frame codon alignment and a phylogenetic tree",
   "version":"0.4"
  },
 "branch attributes":{
   "0":{
     "AjPh":{
       "Nucleotide GTR":0.003172972568120101,
       "Standard MG94":0.004148465318029339,
       "dN":0.005417998103042311,
       "dS":4.267710268693018e-10,
       "nonsynonymous":0.004148465318029339,
       "synonymous":1e-10
      },
     "MolossusPhyllostomus":{
       "Nucleotide GTR":0.01043905895342809,
       "Standard MG94":0.01164732792598002,
       "dN":0.009022740127253511,
       "dS":0.02022372042696506,
       "nonsynonymous":0.006908552528005656,
       "synonymous":0.00473877539797437
      },
     "Myodm":{
       "Nucleotide GTR":0.0152463065889207,
       "Standard MG94":0.02126041111098284,
       "dN":0.004547891057670203,
       "dS":0.07587208450493056,
       "nonsynonymous":0.003482239743186057,
       "synonymous":0.01777817136779679
      },
     "Myotis":{
       "Nucleotide GTR":0.03103511667682083,
       "Standard MG94":0.02655331790289775,
       "dN":0.02908833184713398,
       "dS":0.01826962680603719,
       "nonsynonymous":0.02227242120284316,
       "synonymous":0.004280896700054627
      },
     "Phyllostomidae":{
       "Nucleotide GTR":0.03455344537539214,
       "Standard MG94":0.03780702141419478,
       "dN":0.04937690316791478,
       "dS":4.267710268693018e-10,
       "nonsynonymous":0.03780702141419479,
       "synonymous":1e-10
      },
     "Phyllostomus":{
       "Nucleotide GTR":0.01849800539456047,
       "Standard MG94":0.01840283299726447,
       "dN":0.02403455413655171,
       "dS":4.267710268693018e-10,
       "nonsynonymous":0.01840283299726447,
       "synonymous":1e-10
      },
     "Pipistrellus":{
       "Nucleotide GTR":0.08110182866283275,
       "Standard MG94":0.08574029761509801,
       "dN":0.07001781880517763,
       "dS":0.1371168030715831,
       "nonsynonymous":0.05361140543667581,
       "synonymous":0.03212889217842218
      },
     "Pteropodidae":{
       "Nucleotide GTR":0.1694150277212646,
       "Standard MG94":0.1801030553086582,
       "dN":0.1577297061750249,
       "dS":0.2532126780176849,
       "nonsynonymous":0.1207708462139598,
       "synonymous":0.05933220909469822
      },
     "Pteropus":{
       "Nucleotide GTR":0.0371722227647952,
       "Standard MG94":0.04029188097761518,
       "dN":1.306024683271558e-10,
       "dS":0.1719540741931252,
       "nonsynonymous":1e-10,
       "synonymous":0.04029188097761519
      },
     "Pteropusgv":{
       "Nucleotide GTR":0.01433665566710047,
       "Standard MG94":0.01332858419882679,
       "dN":0.01222998593755089,
       "dS":0.01691848501836632,
       "nonsynonymous":0.009364283917601841,
       "synonymous":0.003964300281224946
      },
     "Vespertilionidae":{
       "Nucleotide GTR":0.06500106819608928,
       "Standard MG94":0.06764315176835385,
       "dN":0.08226359334486101,
       "dS":0.01986778469597522,
       "nonsynonymous":0.0629877784076736,
       "synonymous":0.004655373360680296
      },
     "Yangochiroptera":{
       "Nucleotide GTR":0.05642972478597858,
       "Standard MG94":0.05447097983635504,
       "dN":0.01494376351533675,
       "dS":0.1836344705013966,
       "nonsynonymous":0.01144217540965842,
       "synonymous":0.04302880442669659
      },
     "ajXP_037006028_2":{
       "Confidence Intervals":{
         "LB":0.2969225154407703,
         "MLE":0.5109778402275691,
         "UB":0.8096511084034063
        },
       "Lineage dN/dS":0.5109778402275691,
       "Nucleotide GTR":0.01848898823217973,
       "Standard MG94":0.01927211847443452,
       "dN":0.009500542111451042,
       "dS":0.05120279889707357,
       "nonsynonymous":0.007274397056304041,
       "original name":"ajXP_037006028.2",
       "synonymous":0.01199772141813047
      },
     "drXP_024414225_1":{
       "Confidence Intervals":{
         "LB":0.263289876058506,
         "MLE":0.4586240649955525,
         "UB":0.728853576068583
        },
       "Lineage dN/dS":0.4586240649955525,
       "Nucleotide GTR":0.02599272183024693,
       "Standard MG94":0.02533009412981437,
       "dN":0.01366356286379478,
       "dS":0.06345293814781469,
       "nonsynonymous":0.01046194841399774,
       "original name":"drXP_024414225.1",
       "synonymous":0.01486814571581662
      },
     "mbXP_005859481_1":{
       "Confidence Intervals":{
         "LB":0.6829356791291628,
         "MLE":1.016056858038194,
         "UB":1.449953321675808
        },
       "Lineage dN/dS":1.016056858038194,
       "Nucleotide GTR":0.02477288918392842,
       "Standard MG94":0.02397429311319847,
       "dN":0.02045647670907276,
       "dS":0.03546949790033677,
       "nonsynonymous":0.01566316239738273,
       "original name":"mbXP_005859481.1",
       "synonymous":0.008311130715815736
      },
     "mdXP_059516695_1":{
       "Confidence Intervals":{
         "LB":0.4652500456883165,
         "MLE":0.6843037125320302,
         "UB":0.9667919207087083
        },
       "Lineage dN/dS":0.6843037125320302,
       "Nucleotide GTR":0.01904014243011316,
       "Standard MG94":0.01494670757763188,
       "dN":0.01828342404108554,
       "dS":0.004043284926287305,
       "nonsynonymous":0.01399929440482398,
       "original name":"mdXP_059516695.1",
       "synonymous":0.0009474131728078993
      },
     "mlXP_023600127_1":{
       "Confidence Intervals":{
         "LB":0.4240170329287681,
         "MLE":0.617165338639143,
         "UB":0.8608408773854683
        },
       "Lineage dN/dS":0.617165338639143,
       "Nucleotide GTR":0.04999081360216935,
       "Standard MG94":0.05247148359070337,
       "dN":0.03296705140173407,
       "dS":0.1162063169396249,
       "nonsynonymous":0.02524228816193003,
       "original name":"mlXP_023600127.1",
       "synonymous":0.02722919542877333
      },
     "mmXP_036167544_1":{
       "Confidence Intervals":{
         "LB":0.5416626799887153,
         "MLE":0.7110570451782543,
         "UB":0.9162507958270266
        },
       "Lineage dN/dS":0.7110570451782543,
       "Nucleotide GTR":0.2222718089818511,
       "Standard MG94":0.231881473985026,
       "dN":0.2093658877133,
       "dS":0.3054558864507886,
       "nonsynonymous":0.1603077571159251,
       "original name":"mmXP_036167544.1",
       "synonymous":0.0715737168691009
      },
     "moXP_036119267_1":{
       "Confidence Intervals":{
         "LB":0.1570208533427493,
         "MLE":0.2740767589442504,
         "UB":0.4360464833459993
        },
       "Lineage dN/dS":0.2740767589442504,
       "Nucleotide GTR":0.08118766187308465,
       "Standard MG94":0.08270653369871103,
       "dN":0.05991420942392848,
       "dS":0.1571852457787993,
       "nonsynonymous":0.04587525043848706,
       "original name":"moXP_036119267.1",
       "synonymous":0.03683128326022402
      },
     "paXP_024900830_1":{
       "Confidence Intervals":{
         "LB":0.2383202334224564,
         "MLE":0.357722624009459,
         "UB":0.5151287703703511
        },
       "Lineage dN/dS":0.357722624009459,
       "Nucleotide GTR":0.0002248392147226002,
       "Standard MG94":0.001393811910320602,
       "dN":0.00182035275871659,
       "dS":4.267710268693018e-10,
       "nonsynonymous":0.001393811910320602,
       "original name":"paXP_024900830.1",
       "synonymous":1e-10
      },
     "pdXP_028370191_2":{
       "Confidence Intervals":{
         "LB":7.143955455133708,
         "MLE":11.58509525423156,
         "UB":17.82204759111287
        },
       "Lineage dN/dS":11.58509525423156,
       "Nucleotide GTR":0.007047636722317903,