{
 "analysis":{
   "authors":"Sergei L Kosakovsky Pond",
   "contact":"spond@temple.edu",
   "info":"Fit an MG94xREV model with several selectable options frequency estimator and \nreport the fit results including dN/dS ratios, and synonymous and non-synonymous branch lengths. v0.2 adds LRT test for dN/dS != 1. \nv0.3 adds LRT test support for dN/dS != 1 for local models. v0.4 adds the lineage option",
   "requirements":"in-frame codon alignment and a phylogenetic tree",
   "version":"0.4"
  },
 "branch attributes":{
   "0":{
     "MolossusPhyllostomus":{
       "Nucleotide GTR":0.7455475047019172,
       "Standard MG94":900.5139373052224,
       "dN":0.4291912053387206,
       "dS":3814.510769431995,
       "nonsynonymous":0.3279064139249988,
       "synonymous":900.1860308912978
      },
     "Myobl":{
       "Nucleotide GTR":0.8192423746138756,
       "Standard MG94":5.04113710570513,
       "dN":0.5607479865657364,
       "dS":19.54625982491473,
       "nonsynonymous":0.4284171229587996,
       "synonymous":4.612719982746326
      },
     "Myodm":{
       "Nucleotide GTR":0.0389393720303962,
       "Standard MG94":0.04325648089233481,
       "dN":0.04451312974550017,
       "dS":0.03918811867079195,
       "nonsynonymous":0.03400848052304749,
       "synonymous":0.009248000369287274
      },
     "Phyllostomidae":{
       "Nucleotide GTR":0.04196479599565573,
       "Standard MG94":0.05351972604073085,
       "dN":0.03312712528445105,
       "dS":0.1195401471845315,
       "nonsynonymous":0.02530945816351401,
       "synonymous":0.0282102678772168
      },
     "Phyllostomus":{
       "Nucleotide GTR":0.009500519787644055,
       "Standard MG94":0.01311201019592451,
       "dN":0.01244036166995383,
       "dS":0.01528645175319095,
       "nonsynonymous":0.009504561911759536,
       "synonymous":0.003607448284164979
      },
     "Pipistrellus":{
       "Nucleotide GTR":0.07748034102544006,
       "Standard MG94":0.07593370455412,
       "dN":0.05039350756497007,
       "dS":0.158619311038132,
       "nonsynonymous":0.03850114854448265,
       "synonymous":0.03743255600963743
      },
     "Pteropodidae":{
       "Nucleotide GTR":0.1044134943458235,
       "Standard MG94":0.1081950960980466,
       "dN":0.08584127142496029,
       "dS":0.1805649196791497,
       "nonsynonymous":0.06558359800850692,
       "synonymous":0.04261149808953962
      },
     "Pteropus":{
       "Nucleotide GTR":0.01284017722590781,
       "Standard MG94":0.008481831667143372,
       "dN":1.308883227385996e-10,
       "dS":0.03594150223236983,
       "nonsynonymous":1e-10,
       "synonymous":0.008481831667143372
      },
     "Pteropusgv":{
       "Nucleotide GTR":0.02710252462150287,
       "Standard MG94":0.03256010538374102,
       "dN":0.03428571883522704,
       "dS":0.02697348462064728,
       "nonsynonymous":0.02619463533328327,
       "synonymous":0.006365470050457758
      },
     "Vespertilionidae":{
       "Nucleotide GTR":0.01085814488687432,
       "Standard MG94":0.01074933781454512,
       "dN":0.01406962797096414,
       "dS":4.237469410245289e-10,
       "nonsynonymous":0.01074933781454512,
       "synonymous":1e-10
      },
     "Yangochiroptera":{
       "Nucleotide GTR":0.08196146422119235,
       "Standard MG94":0.0839427166625135,
       "dN":0.0619782631477654,
       "dS":0.1550519630292648,
       "nonsynonymous":0.04735201876758997,
       "synonymous":0.03659069789492345
      },
     "YangochiropteraAfterSaccopteryx":{
       "Nucleotide GTR":0.04763222573449038,
       "Standard MG94":0.03944690301755142,
       "dN":0.05163138973199506,
       "dS":4.237469410245289e-10,
       "nonsynonymous":0.03944690301755142,
       "synonymous":1e-10
      },
     "ajXP_053520509_1":{
       "Confidence Intervals":{
         "LB":0.3649420538408767,
         "MLE":0.4974014465730368,
         "UB":0.6579298660030257
        },
       "Lineage dN/dS":0.4974014465730368,
       "Nucleotide GTR":0.1287450459719684,
       "Standard MG94":0.1277816133161143,
       "dN":0.0923983350224192,
       "dS":0.2423338944261485,
       "nonsynonymous":0.07059326079603778,
       "original name":"ajXP_053520509.1",
       "synonymous":0.05718835252007657
      },
     "drXP_024414403_2":{
       "Confidence Intervals":{
         "LB":0.5810930703974597,
         "MLE":0.8151846279053396,
         "UB":1.106779708413185
        },
       "Lineage dN/dS":0.8151846279053396,
       "Nucleotide GTR":0.05175059908635643,
       "Standard MG94":0.04827869026560324,
       "dN":0.05226459343191089,
       "dS":0.03537445069248261,
       "nonsynonymous":0.03993067703701105,
       "original name":"drXP_024414403.2",
       "synonymous":0.008348013228592239
      },
     "mbXP_014399719_1":{
       "Confidence Intervals":{
         "LB":0.1364631813113942,
         "MLE":0.1627120363674895,
         "UB":0.1934535121898455
        },
       "Lineage dN/dS":0.1627120363674895,
       "Nucleotide GTR":0.05124434545710721,
       "Standard MG94":0.04609339168329221,
       "dN":0.06033086726759432,
       "dS":4.237469410245289e-10,
       "nonsynonymous":0.04609339168329222,
       "original name":"mbXP_014399719.1",
       "synonymous":1e-10
      },
     "mdXP_059516697_1":{
       "Confidence Intervals":{
         "LB":0.1800743304728468,
         "MLE":0.2270599578184299,
         "UB":0.2856897989951723
        },
       "Lineage dN/dS":0.2270599578184299,
       "Nucleotide GTR":0.01800412804174759,
       "Standard MG94":0.01785597497865728,
       "dN":0.01304853411878901,
       "dS":0.03341991770404405,
       "nonsynonymous":0.009969211802682025,
       "original name":"mdXP_059516697.1",
       "synonymous":0.007886763175975238
      },
     "mlXP_023600126_1":{
       "Confidence Intervals":{
         "LB":0.1093868010987384,
         "MLE":0.1305928622729903,
         "UB":0.1556150346437672
        },
       "Lineage dN/dS":0.1305928622729903,
       "Nucleotide GTR":0.05586923538888035,
       "Standard MG94":0.0610409203608591,
       "dN":0.05026890851990087,
       "dS":0.09591497918276153,
       "nonsynonymous":0.03840595361611762,
       "original name":"mlXP_023600126.1",
       "synonymous":0.02263496674474151
      },
     "mmXP_036167545_1":{
       "Confidence Intervals":{
         "LB":0.2982510236036906,
         "MLE":0.3612813804883638,
         "UB":0.4347082595266341
        },
       "Lineage dN/dS":0.3612813804883638,
       "Nucleotide GTR":0.2453207220057422,
       "Standard MG94":0.2486743972241378,
       "dN":0.2198924404093494,
       "dS":0.3418551019790148,
       "nonsynonymous":0.1680000444718833,
       "original name":"mmXP_036167545.1",
       "synonymous":0.08067435275225417
      },
     "moXP_036119267_1":{
       "Confidence Intervals":{
         "LB":0.2425161843266178,
         "MLE":0.4267157113760348,
         "UB":0.6565607628253951
        },
       "Lineage dN/dS":0.4267157113760348,
       "Nucleotide GTR":0.1564345521896159,
       "Standard MG94":0.1637057982839564,
       "dN":0.1527156559356386,
       "dS":0.1992860479508764,
       "nonsynonymous":0.1166763029278257,
       "original name":"moXP_036119267.1",
       "synonymous":0.04702949535613063
      },
     "paXP_006909524_1":{
       "Confidence Intervals":{
         "LB":0.2514833298073544,
         "MLE":0.3134370334763711,
         "UB":0.3917687744413088
        },
       "Lineage dN/dS":0.3134370334763711,
       "Nucleotide GTR":0.98897150047464,
       "Standard MG94":1.815008126276483,
       "dN":0.7809097887857617,
       "dS":5.162869861088207,
       "nonsynonymous":0.5966229625734732,
       "original name":"paXP_006909524.1",
       "synonymous":1.218385163703011
      },
     "pdXP_028370187_1":{
       "Confidence Intervals":{
         "LB":0.402535721254023,
         "MLE":0.5867235046777795,
         "UB":0.8173716270873875
        },
       "Lineage dN/dS":0.5867235046777795,
       "Nucleotide GTR":0.02887398311356245,