{
 "analysis":{
   "authors":"Sergei L Kosakovsky Pond",
   "contact":"spond@temple.edu",
   "info":"Fit an MG94xREV model with several selectable options frequency estimator and \nreport the fit results including dN/dS ratios, and synonymous and non-synonymous branch lengths. v0.2 adds LRT test for dN/dS != 1. \nv0.3 adds LRT test support for dN/dS != 1 for local models. v0.4 adds the lineage option",
   "requirements":"in-frame codon alignment and a phylogenetic tree",
   "version":"0.4"
  },
 "branch attributes":{
   "0":{
     "MolossusPhyllostomus":{
       "Nucleotide GTR":0.04070755058198339,
       "Standard MG94":0.04573606894983514,
       "dN":0.02684667364632322,
       "dS":0.1087461273710681,
       "nonsynonymous":0.02065472232032121,
       "synonymous":0.0250813466295139
      },
     "Myobl":{
       "Nucleotide GTR":0.01308000928818782,
       "Standard MG94":0.01193045375157098,
       "dN":0.008399557789836479,
       "dS":0.02370859472714913,
       "nonsynonymous":0.006462272982050564,
       "synonymous":0.005468180769520419
      },
     "Myodm":{
       "Nucleotide GTR":0.0179862062423107,
       "Standard MG94":0.02011495429440509,
       "dN":0.0227685503895308,
       "dS":0.01126325511115275,
       "nonsynonymous":0.01751718265463427,
       "synonymous":0.002597771639770822
      },
     "Myotis":{
       "Nucleotide GTR":0.02993162452264415,
       "Standard MG94":0.03162288753259247,
       "dN":0.02555045981708951,
       "dS":0.05187891050022135,
       "nonsynonymous":0.01965746891517732,
       "synonymous":0.01196541861741517
      },
     "Phyllostomidae":{
       "Nucleotide GTR":0.09240135667362921,
       "Standard MG94":0.09154073007104065,
       "dN":0.1017936325566811,
       "dS":0.05733974193843977,
       "nonsynonymous":0.07831581826983648,
       "synonymous":0.0132249118012041
      },
     "Phyllostomus":{
       "Nucleotide GTR":0.008179311352927007,
       "Standard MG94":0.006435728406776351,
       "dN":0.005520780983819822,
       "dS":0.009487752552945263,
       "nonsynonymous":0.004247460959757491,
       "synonymous":0.002188267447018865
      },
     "Pipistrellus":{
       "Nucleotide GTR":0.1078113629914741,
       "Standard MG94":0.1064347322467413,
       "dN":0.1298143963141243,
       "dS":0.02844631731422564,
       "nonsynonymous":0.09987383704854551,
       "synonymous":0.006560895198195859
      },
     "Pteropodidae":{
       "Nucleotide GTR":0.1091777615477592,
       "Standard MG94":0.1040199292808662,
       "dN":0.08578201901708832,
       "dS":0.1648568048259609,
       "nonsynonymous":0.0659971438628163,
       "synonymous":0.03802278541804988
      },
     "Pteropus":{
       "Nucleotide GTR":0.02384582820668971,
       "Standard MG94":0.0136936625481883,
       "dN":0.003589468986460635,
       "dS":0.04739859679272374,
       "nonsynonymous":0.002761589244517188,
       "synonymous":0.01093207330367109
      },
     "Pteropusgv":{
       "Nucleotide GTR":0.00470922873496674,
       "Standard MG94":0.01412221933927881,
       "dN":0.01835583204090814,
       "dS":4.3357371905663e-10,
       "nonsynonymous":0.01412221933927881,
       "synonymous":1e-10
      },
     "Vespertilionidae":{
       "Nucleotide GTR":0.09886028539888389,
       "Standard MG94":0.09544061131315466,
       "dN":0.09072754080186973,
       "dS":0.1111621758994096,
       "nonsynonymous":0.06980202414480048,
       "synonymous":0.02563858716835428
      },
     "Yangochiroptera":{
       "Nucleotide GTR":0.089982938567796,
       "Standard MG94":0.09964936836119115,
       "dN":0.07565399937484003,
       "dS":0.1796916130903226,
       "nonsynonymous":0.05820506369224191,
       "synonymous":0.04144430466894897
      },
     "YangochiropteraAfterSaccopteryx":{
       "Nucleotide GTR":0.02093383135881692,
       "Standard MG94":0.02218343062620819,
       "dN":0.02126219965872202,
       "dS":0.02525641502555317,
       "nonsynonymous":0.01635825859306326,
       "synonymous":0.005825172033144928
      },
     "ajXP_053520509_1":{
       "Confidence Intervals":{
         "LB":0.5202177099026796,
         "MLE":0.672081895568268,
         "UB":0.8474421611303889
        },
       "Lineage dN/dS":0.672081895568268,
       "Nucleotide GTR":0.1128924527012005,
       "Standard MG94":0.1155134460156448,
       "dN":0.0808489762168848,
       "dS":0.2311450071146298,
       "nonsynonymous":0.062201864396363,
       "original name":"ajXP_053520509.1",
       "synonymous":0.05331158161928157
      },
     "drXP_024414403_2":{
       "Confidence Intervals":{
         "LB":0.9353489739530236,
         "MLE":1.220571017729382,
         "UB":1.558098302198652
        },
       "Lineage dN/dS":1.220571017729382,
       "Nucleotide GTR":0.05124551822747012,
       "Standard MG94":0.05172430397745841,
       "dN":0.05549545640354875,
       "dS":0.03914473057845429,
       "nonsynonymous":0.04269591298927174,
       "original name":"drXP_024414403.2",
       "synonymous":0.009028390988186604
      },
     "mbXP_014385142_1":{
       "Confidence Intervals":{
         "LB":0.6591681406203216,
         "MLE":0.8351071385974295,
         "UB":1.041307127687421
        },
       "Lineage dN/dS":0.8351071385974295,
       "Nucleotide GTR":0.07028592864480672,
       "Standard MG94":0.07134813783965756,
       "dN":0.08407110896367388,
       "dS":0.02890764988677495,
       "nonsynonymous":0.0646808403038031,
       "original name":"mbXP_014385142.1",
       "synonymous":0.006667297535854396
      },
     "mdXP_059516694_1":{
       "Confidence Intervals":{
         "LB":0.6629766680297756,
         "MLE":0.8487348722285342,
         "UB":1.069471148574743
        },
       "Lineage dN/dS":0.8487348722285342,
       "Nucleotide GTR":0.02497774942334207,
       "Standard MG94":0.02494795168833679,
       "dN":0.03242694366614948,
       "dS":4.3357371905663e-10,
       "nonsynonymous":0.02494795168833679,
       "original name":"mdXP_059516694.1",
       "synonymous":1e-10
      },
     "mlXP_023600126_1":{
       "Confidence Intervals":{
         "LB":0.5333642289275767,
         "MLE":0.6939620185859281,
         "UB":0.8820929629125956
        },
       "Lineage dN/dS":0.6939620185859281,
       "Nucleotide GTR":0.03095772894274645,
       "Standard MG94":0.02951104997253486,
       "dN":0.03155990783935306,
       "dS":0.02267659858800513,
       "nonsynonymous":0.02428089011936276,
       "original name":"mlXP_023600126.1",
       "synonymous":0.005230159853172118
      },
     "mmXP_036167556_1":{
       "Confidence Intervals":{
         "LB":0.5701847438127947,
         "MLE":0.7364055894090894,
         "UB":0.9330164933482387
        },
       "Lineage dN/dS":0.7364055894090894,
       "Nucleotide GTR":0.02105153558349013,
       "Standard MG94":0.02117821301407061,
       "dN":0.02122514383369907,
       "dS":0.02102166413365212,
       "nonsynonymous":0.01632974937116551,
       "original name":"mmXP_036167556.1",
       "synonymous":0.00484846364290508
      },
     "moXP_036119449_1":{
       "Confidence Intervals":{
         "LB":0.3236997809455464,
         "MLE":0.4258077947421941,
         "UB":0.5469621789984843
        },
       "Lineage dN/dS":0.4258077947421941,
       "Nucleotide GTR":0.1882062586474015,
       "Standard MG94":0.1956997617057087,
       "dN":0.1362282531170078,
       "dS":0.3940810846841221,
       "nonsynonymous":0.1048083936722487,
       "original name":"moXP_036119449.1",
       "synonymous":0.09089136803346015
      },
     "paXP_006909524_1":{
       "Confidence Intervals":{
         "LB":0.3271561596760562,
         "MLE":0.3998832743453085,
         "UB":0.4941818231412272
        },
       "Lineage dN/dS":0.3998832743453085,
       "Nucleotide GTR":1.173580770961151,
       "Standard MG94":1.676524154366731,
       "dN":0.9339113717673987,
       "dS":4.153685231473266,
       "nonsynonymous":0.718512852272397,
       "original name":"paXP_006909524.1",