{
 "analysis":{
   "authors":"Sergei L Kosakovsky Pond",
   "contact":"spond@temple.edu",
   "info":"Fit an MG94xREV model with several selectable options frequency estimator and \nreport the fit results including dN/dS ratios, and synonymous and non-synonymous branch lengths. v0.2 adds LRT test for dN/dS != 1. \nv0.3 adds LRT test support for dN/dS != 1 for local models. v0.4 adds the lineage option",
   "requirements":"in-frame codon alignment and a phylogenetic tree",
   "version":"0.4"
  },
 "branch attributes":{
   "0":{
     "AjPh":{
       "Nucleotide GTR":0.008710085949494604,
       "Standard MG94":0.009971429571901157,
       "dN":0.005276801489352116,
       "dS":0.02413480511268581,
       "nonsynonymous":0.003963161882914827,
       "synonymous":0.00600826768898633
      },
     "MolossusPhyllostomus":{
       "Nucleotide GTR":0.00726616647130426,
       "Standard MG94":0.008780438468986679,
       "dN":0.001175016217979681,
       "dS":0.03172548322932982,
       "nonsynonymous":0.0008825004117173203,
       "synonymous":0.007897938057269347
      },
     "Myobl":{
       "Nucleotide GTR":0.01318441297115419,
       "Standard MG94":0.01677485759146756,
       "dN":0.01032683791142142,
       "dS":0.0362280970423926,
       "nonsynonymous":0.007756010997224408,
       "synonymous":0.009018846594243155
      },
     "Myodm":{
       "Nucleotide GTR":0.002631292860106216,
       "Standard MG94":0.001813235572995319,
       "dN":0.002072961118136817,
       "dS":0.001029661162266565,
       "nonsynonymous":0.00155690535350668,
       "synonymous":0.0002563302194886404
      },
     "Myotis":{
       "Nucleotide GTR":0.01023387370623611,
       "Standard MG94":0.008462614889098108,
       "dN":0.002827880931173459,
       "dS":0.02546222629924542,
       "nonsynonymous":0.002123890758154022,
       "synonymous":0.006338724130944087
      },
     "Phyllostomidae":{
       "Nucleotide GTR":0.03093235545721164,
       "Standard MG94":0.03832760797465731,
       "dN":0.01898417255534328,
       "dS":0.0966854449055659,
       "nonsynonymous":0.01425813519834567,
       "synonymous":0.0240694727763117
      },
     "Phyllostomus":{
       "Nucleotide GTR":0.03042598059137354,
       "Standard MG94":0.04147877457142727,
       "dN":0.01336940797864765,
       "dS":0.1262828332245581,
       "nonsynonymous":0.01004114484977892,
       "synonymous":0.03143762972164834
      },
     "Pipistrellus":{
       "Nucleotide GTR":0.03422858659340845,
       "Standard MG94":0.04770577831815939,
       "dN":0.01357680096376957,
       "dS":0.150670595678238,
       "nonsynonymous":0.01019690814219719,
       "synonymous":0.03750887017596221
      },
     "Pteropodidae":{
       "Nucleotide GTR":0.03907051080102266,
       "Standard MG94":0.048892412775882,
       "dN":0.01856041912349956,
       "dS":0.1404019870052696,
       "nonsynonymous":0.01393987356727499,
       "synonymous":0.03495253920860703
      },
     "Pteropus":{
       "Nucleotide GTR":0.02157490084129053,
       "Standard MG94":0.0193886890038303,
       "dN":0.01284922111627223,
       "dS":0.03911782151438623,
       "nonsynonymous":0.009650456522935601,
       "synonymous":0.00973823248089473
      },
     "Pteropusgv":{
       "Nucleotide GTR":0.004567973244188462,
       "Standard MG94":0.003839472645489193,
       "dN":0.002506132532434367,
       "dS":0.007862069624999832,
       "nonsynonymous":0.00188224039621702,
       "synonymous":0.001957232249272164
      },
     "Vespertilionidae":{
       "Nucleotide GTR":0.01930036793791632,
       "Standard MG94":0.02853828477661108,
       "dN":0.01077060347089504,
       "dS":0.08214217807697165,
       "nonsynonymous":0.008089302813072524,
       "synonymous":0.02044898196353855
      },
     "Yangochiroptera":{
       "Nucleotide GTR":0.01896308005853943,
       "Standard MG94":0.02098531357724587,
       "dN":0.006725815899274392,
       "dS":0.0640052540463953,
       "nonsynonymous":0.005051449681647875,
       "synonymous":0.015933863895598
      },
     "YangochiropteraAfterSaccopteryx":{
       "Nucleotide GTR":0.01064994266490888,
       "Standard MG94":0.01128670764617554,
       "dN":0.006423576263388841,
       "dS":0.02595844625197043,
       "nonsynonymous":0.00482445145045333,
       "synonymous":0.006462256195722223
      },
     "ajXP_036982711_2":{
       "Confidence Intervals":{
         "LB":0.09194806614650727,
         "MLE":0.1234068294678159,
         "UB":0.1612262646117707
        },
       "Lineage dN/dS":0.1234068294678159,
       "Nucleotide GTR":0.03788901246291822,
       "Standard MG94":0.03853597778718567,
       "dN":0.01836289835700423,
       "dS":0.09939679461010216,
       "nonsynonymous":0.01379152484230628,
       "original name":"ajXP_036982711.2",
       "synonymous":0.02474445294487934
      },
     "drXP_045038620_2":{
       "Confidence Intervals":{
         "LB":0.09191532596533422,
         "MLE":0.1237942861095003,
         "UB":0.162131039634437
        },
       "Lineage dN/dS":0.1237942861095003,
       "Nucleotide GTR":0.0431811572564597,
       "Standard MG94":0.04218165975517104,
       "dN":0.02053091766178425,
       "dS":0.1075004849343559,
       "nonsynonymous":0.01541982400941833,
       "original name":"drXP_045038620.2",
       "synonymous":0.02676183574575278
      },
     "mbXP_014388937_1":{
       "Confidence Intervals":{
         "LB":0.1864775652145136,
         "MLE":0.224555192914715,
         "UB":0.2668772469690176
        },
       "Lineage dN/dS":0.224555192914715,
       "Nucleotide GTR":0.1220051007742352,
       "Standard MG94":0.1239713306641614,
       "dN":0.1084595747606635,
       "dS":0.1707692495397581,
       "nonsynonymous":0.08145897726036848,
       "original name":"mbXP_014388937.1",
       "synonymous":0.04251235340379312
      },
     "mdXP_059532751_1":{
       "Confidence Intervals":{
         "LB":0.06250140853147551,
         "MLE":0.09235648537440365,
         "UB":0.1295913626455976
        },
       "Lineage dN/dS":0.09235648537440365,
       "Nucleotide GTR":0.008037578604429597,
       "Standard MG94":0.007635986988547091,
       "dN":0.003985137658638362,
       "dS":0.01865035259815322,
       "nonsynonymous":0.00299305283679018,
       "original name":"mdXP_059532751.1",
       "synonymous":0.00464293415175691
      },
     "mlXP_023608941_1":{
       "Confidence Intervals":{
         "LB":0.07040504305779355,
         "MLE":0.07942406060516465,
         "UB":0.08952332814338078
        },
       "Lineage dN/dS":0.07942406060516465,
       "Nucleotide GTR":0.6210934916146482,
       "Standard MG94":583.5156114019873,
       "dN":0.4654488800066153,
       "dS":2342.538534135947,
       "nonsynonymous":0.3495771564289223,
       "original name":"mlXP_023608941.1",
       "synonymous":583.1660342455585
      },
     "mmXP_036183558_1":{
       "Confidence Intervals":{
         "LB":0.04790672960574094,
         "MLE":0.07350445135793035,
         "UB":0.1060919817357063
        },
       "Lineage dN/dS":0.07350445135793035,
       "Nucleotide GTR":0.007750696322814073,
       "Standard MG94":0.008782208629372571,
       "dN":1.331462515346745e-10,
       "dS":0.03527753833561539,
       "nonsynonymous":1e-10,
       "original name":"mmXP_036183558.1",
       "synonymous":0.008782208629372569
      },
     "moXP_036099575_1":{
       "Confidence Intervals":{
         "LB":0.0645992969654713,
         "MLE":0.09486681569489823,
         "UB":0.1327146549467132
        },
       "Lineage dN/dS":0.09486681569489823,
       "Nucleotide GTR":0.05499446672904745,
       "Standard MG94":0.05674138921676691,
       "dN":0.02481565252469928,
       "dS":0.1530591784505512,
       "nonsynonymous":0.01863789046906566,
       "original name":"moXP_036099575.1",
       "synonymous":0.03810349874770134
      },
     "paXP_006919081_1":{
       "Confidence Intervals":{
         "LB":0.07774600801803688,
         "MLE":0.1157370315098308,