{
 "analysis":{
   "authors":"Sergei L Kosakovsky Pond",
   "contact":"spond@temple.edu",
   "info":"Fit an MG94xREV model with several selectable options frequency estimator and \nreport the fit results including dN/dS ratios, and synonymous and non-synonymous branch lengths. v0.2 adds LRT test for dN/dS != 1. \nv0.3 adds LRT test support for dN/dS != 1 for local models. v0.4 adds the lineage option",
   "requirements":"in-frame codon alignment and a phylogenetic tree",
   "version":"0.4"
  },
 "branch attributes":{
   "0":{
     "AjPh":{
       "Nucleotide GTR":0.0108811744187823,
       "Standard MG94":0.01455631558413539,
       "dN":0.01324199607620795,
       "dS":0.01880748919300536,
       "nonsynonymous":0.01011483134855243,
       "synonymous":0.004441484235582935
      },
     "MolossusPhyllostomus":{
       "Nucleotide GTR":0.004498417332511101,
       "Standard MG94":0.005997619554784787,
       "dN":0.002682437892306803,
       "dS":0.01672059270334621,
       "nonsynonymous":0.002048966540051985,
       "synonymous":0.003948653014732804
      },
     "Myobl":{
       "Nucleotide GTR":0.03056021044663877,
       "Standard MG94":0.03235624328097611,
       "dN":0.01488461622482088,
       "dS":0.08886831618041259,
       "nonsynonymous":0.01136953839402619,
       "synonymous":0.02098670488694987
      },
     "Myodm":{
       "Nucleotide GTR":0.003632305625653786,
       "Standard MG94":0.007138827476117532,
       "dN":1.309166274740019e-10,
       "dS":0.0302294038403107,
       "nonsynonymous":1e-10,
       "synonymous":0.007138827476117532
      },
     "Myotis":{
       "Nucleotide GTR":0.02933711865873478,
       "Standard MG94":0.02612560324384153,
       "dN":0.02491917077604213,
       "dS":0.03002781563364338,
       "nonsynonymous":0.01903438184808932,
       "synonymous":0.0070912213957522
      },
     "Phyllostomidae":{
       "Nucleotide GTR":0.0629662391766755,
       "Standard MG94":0.06722402377339652,
       "dN":0.08004581431432012,
       "dS":0.02575187241501973,
       "nonsynonymous":0.06114258811793486,
       "synonymous":0.006081435655461691
      },
     "Phyllostomus":{
       "Nucleotide GTR":0.01852246910172942,
       "Standard MG94":0.01865054268236651,
       "dN":0.01581379738327773,
       "dS":0.02782601080700015,
       "nonsynonymous":0.01207928869571447,
       "synonymous":0.006571253986652037
      },
     "Pipistrellus":{
       "Nucleotide GTR":0.08083376980769758,
       "Standard MG94":0.08629929512343638,
       "dN":0.07253863841350096,
       "dS":0.1308082142204724,
       "nonsynonymous":0.05540826999069012,
       "synonymous":0.03089102513274633
      },
     "Pteropodidae":{
       "Nucleotide GTR":0.163563274218821,
       "Standard MG94":0.2020941006074227,
       "dN":0.1092913582911115,
       "dS":0.5022650762235366,
       "nonsynonymous":0.08348164812969627,
       "synonymous":0.1186124524777263
      },
     "Pteropus":{
       "Nucleotide GTR":0.1178710350518611,
       "Standard MG94":0.1533031667261123,
       "dN":0.1025774116026825,
       "dS":0.3173758980293099,
       "nonsynonymous":0.07835323410164451,
       "synonymous":0.07494993262446777
      },
     "Pteropusgv":{
       "Nucleotide GTR":0.01036790296298812,
       "Standard MG94":0.005986098168063316,
       "dN":0.007836797838911504,
       "dS":4.234505448050277e-10,
       "nonsynonymous":0.005986098168063316,
       "synonymous":1e-10
      },
     "Vespertilionidae":{
       "Nucleotide GTR":0.07676177670732692,
       "Standard MG94":0.07648818382535795,
       "dN":0.09216871606714377,
       "dS":0.02576941686097374,
       "nonsynonymous":0.07040260495974594,
       "synonymous":0.006085578865612024
      },
     "Yangochiroptera":{
       "Nucleotide GTR":0.05599697792295837,
       "Standard MG94":0.04451103454613698,
       "dN":0.00749104609169824,
       "dS":0.1642523888887772,
       "nonsynonymous":0.005721997454590596,
       "synonymous":0.03878903709154633
      },
     "ajXP_037006028_2":{
       "Confidence Intervals":{
         "LB":0.6766689706964075,
         "MLE":1.035771104948557,
         "UB":1.503808450298774
        },
       "Lineage dN/dS":1.035771104948557,
       "Nucleotide GTR":0.02497942971306871,
       "Standard MG94":0.02566956879936528,
       "dN":0.01649870116703221,
       "dS":0.05533279011949466,
       "nonsynonymous":0.01260244896723192,
       "original name":"ajXP_037006028.2",
       "synonymous":0.01306711983213339
      },
     "drXP_024414225_1":{
       "Confidence Intervals":{
         "LB":0.8239247146814949,
         "MLE":1.302496989457481,
         "UB":1.935269513551634
        },
       "Lineage dN/dS":1.302496989457481,
       "Nucleotide GTR":0.02859518762444736,
       "Standard MG94":0.02426522640564173,
       "dN":0.0166866101493049,
       "dS":0.04877830197544534,
       "nonsynonymous":0.01274598228755825,
       "original name":"drXP_024414225.1",
       "synonymous":0.01151924411808342
      },
     "mbXP_005852975_1":{
       "Confidence Intervals":{
         "LB":0.3355612564714754,
         "MLE":0.4160885538183749,
         "UB":0.5156857541501833
        },
       "Lineage dN/dS":0.4160885538183749,
       "Nucleotide GTR":0.8879605255683851,
       "Standard MG94":5.066410840311041,
       "dN":0.637415378013019,
       "dS":19.39202079250395,
       "nonsynonymous":0.4868864943374746,
       "original name":"mbXP_005852975.1",
       "synonymous":4.579524345973566
      },
     "mdXP_059516697_1":{
       "Confidence Intervals":{
         "LB":0.6123262397682683,
         "MLE":0.9095509321199599,
         "UB":1.292320873548561
        },
       "Lineage dN/dS":0.9095509321199599,
       "Nucleotide GTR":0.02225646165362707,
       "Standard MG94":0.02042706564503931,
       "dN":0.01590969940319227,
       "dS":0.03503851136513199,
       "nonsynonymous":0.01215254296582892,
       "original name":"mdXP_059516697.1",
       "synonymous":0.008274522679210394
      },
     "mlXP_023600127_1":{
       "Confidence Intervals":{
         "LB":0.6053637766329166,
         "MLE":0.8748992271704958,
         "UB":1.219392157611835
        },
       "Lineage dN/dS":0.8748992271704958,
       "Nucleotide GTR":0.01711567232668564,
       "Standard MG94":0.01387308799724496,
       "dN":0.01816217893249365,
       "dS":4.234505448050277e-10,
       "nonsynonymous":0.01387308799724496,
       "original name":"mlXP_023600127.1",
       "synonymous":1e-10
      },
     "mmXP_036167544_1":{
       "Confidence Intervals":{
         "LB":0.628577063491787,
         "MLE":0.828954723252698,
         "UB":1.072613309795008
        },
       "Lineage dN/dS":0.828954723252698,
       "Nucleotide GTR":0.1790703572338244,
       "Standard MG94":0.1811570913832922,
       "dN":0.1621866080386836,
       "dS":0.2425172231135763,
       "nonsynonymous":0.1238854156023012,
       "original name":"mmXP_036167544.1",
       "synonymous":0.05727167578099119
      },
     "moXP_036119267_1":{
       "Confidence Intervals":{
         "LB":0.361820553701221,
         "MLE":0.586423102173685,
         "UB":0.8897564115685914
        },
       "Lineage dN/dS":0.586423102173685,
       "Nucleotide GTR":0.09534222804454895,
       "Standard MG94":0.09770315091265273,
       "dN":0.08628056319197476,
       "dS":0.1346495731260176,
       "nonsynonymous":0.06590496933562455,
       "original name":"moXP_036119267.1",
       "synonymous":0.03179818157702814
      },
     "paXP_024900830_1":{
       "Confidence Intervals":{
         "LB":0.172342209947602,
         "MLE":0.2412110136046671,
         "UB":0.3264835349998215
        },
       "Lineage dN/dS":0.2412110136046671,
       "Nucleotide GTR":0.002065473540230085,
       "Standard MG94":0.006917871644978789,
       "dN":1.309166274740019e-10,
       "dS":0.02929376516957521,
       "nonsynonymous":1e-10,
       "original name":"paXP_024900830.1",
       "synonymous":0.006917871644978789
      },