{
 "analysis":{
   "authors":"Sergei L Kosakovsky Pond",
   "contact":"spond@temple.edu",
   "info":"Fit an MG94xREV model with several selectable options frequency estimator and \nreport the fit results including dN/dS ratios, and synonymous and non-synonymous branch lengths. v0.2 adds LRT test for dN/dS != 1. \nv0.3 adds LRT test support for dN/dS != 1 for local models. v0.4 adds the lineage option",
   "requirements":"in-frame codon alignment and a phylogenetic tree",
   "version":"0.4"
  },
 "branch attributes":{
   "0":{
     "AjPh":{
       "Nucleotide GTR":0.0221112068002286,
       "Standard MG94":0.0222984279853892,
       "dN":0.02694042613417419,
       "dS":0.007982946551262769,
       "nonsynonymous":0.02034369434314835,
       "synonymous":0.001954733642240862
      },
     "MolossusPhyllostomus":{
       "Nucleotide GTR":0.02207931878281767,
       "Standard MG94":0.02647701468343908,
       "dN":0.02861380112330093,
       "dS":0.01988736823634994,
       "nonsynonymous":0.02160732058019143,
       "synonymous":0.004869694103247659
      },
     "Myobl":{
       "Nucleotide GTR":0.005839173487714423,
       "Standard MG94":0.004735359023262877,
       "dN":0.003018507456123733,
       "dS":0.01002996620464753,
       "nonsynonymous":0.002279384622725005,
       "synonymous":0.002455974400537867
      },
     "Myodm":{
       "Nucleotide GTR":0.0123945050322947,
       "Standard MG94":0.01272176325694692,
       "dN":0.007465557887418092,
       "dS":0.02893140142777227,
       "nonsynonymous":0.005637513935611304,
       "synonymous":0.007084249321335615
      },
     "Myotis":{
       "Nucleotide GTR":0.01537864683804431,
       "Standard MG94":0.01519230007048566,
       "dN":0.01783459548815992,
       "dS":0.007043711944681714,
       "nonsynonymous":0.01346755086715482,
       "synonymous":0.001724749203330842
      },
     "Phyllostomidae":{
       "Nucleotide GTR":0.06755559115715266,
       "Standard MG94":0.06748724574349453,
       "dN":0.04580241222472811,
       "dS":0.1343612128779446,
       "nonsynonymous":0.03458706517254251,
       "synonymous":0.03290018057095211
      },
     "Phyllostomus":{
       "Nucleotide GTR":0.01353568798254257,
       "Standard MG94":0.01427634158800056,
       "dN":0.01145163439572787,
       "dS":0.02298747030277771,
       "nonsynonymous":0.008647545095088501,
       "synonymous":0.005628796492912063
      },
     "Pipistrellus":{
       "Nucleotide GTR":0.03877495385014812,
       "Standard MG94":0.03835179405045417,
       "dN":0.02921419653228033,
       "dS":0.06653127698673572,
       "nonsynonymous":0.02206070096194466,
       "synonymous":0.01629109308850949
      },
     "Pteropodidae":{
       "Nucleotide GTR":0.06406508882423802,
       "Standard MG94":0.0652338954505656,
       "dN":0.04693440774676681,
       "dS":0.1216677776024413,
       "nonsynonymous":0.03544187610921717,
       "synonymous":0.02979201934134844
      },
     "Pteropus":{
       "Nucleotide GTR":0.01766850267886988,
       "Standard MG94":0.01523321405974259,
       "dN":0.001611683529101018,
       "dS":0.05724072056140416,
       "nonsynonymous":0.001217040774730967,
       "synonymous":0.01401617328501163
      },
     "Pteropusgv":{
       "Nucleotide GTR":0.002439424747711622,
       "Standard MG94":0.002425232710973582,
       "dN":0.003211648858171717,
       "dS":4.0839050286725e-10,
       "nonsynonymous":0.002425232710973582,
       "synonymous":1e-10
      },
     "Vespertilionidae":{
       "Nucleotide GTR":0.04975810285027744,
       "Standard MG94":0.05040666647932501,
       "dN":0.04541100510900429,
       "dS":0.06581281170080244,
       "nonsynonymous":0.03429149944220248,
       "synonymous":0.01611516703712263
      },
     "Yangochiroptera":{
       "Nucleotide GTR":0.003703762938752791,
       "Standard MG94":0.006182125954747941,
       "dN":0.008186768087780521,
       "dS":4.0839050286725e-10,
       "nonsynonymous":0.006182125954747941,
       "synonymous":1e-10
      },
     "YangochiropteraAfterSaccopteryx":{
       "Nucleotide GTR":0.008851945597973282,
       "Standard MG94":0.007740559886448234,
       "dN":0.005965259021947444,
       "dS":0.01321541914988887,
       "nonsynonymous":0.004504583766262939,
       "synonymous":0.003235976120185299
      },
     "ajXP_036985862_1":{
       "Confidence Intervals":{
         "LB":0.2830895657241588,
         "MLE":0.4200209697290009,
         "UB":0.5919530056497683
        },
       "Lineage dN/dS":0.4200209697290009,
       "Nucleotide GTR":0.05071896948628168,
       "Standard MG94":0.05310803616954591,
       "dN":0.03006426247294454,
       "dS":0.1241728457520859,
       "nonsynonymous":0.02270261663106826,
       "original name":"ajXP_036985862.1",
       "synonymous":0.03040541953847762
      },
     "drXP_024412873_1":{
       "Confidence Intervals":{
         "LB":0.221950381146172,
         "MLE":0.3612244652031618,
         "UB":0.5473747216446205
        },
       "Lineage dN/dS":0.3612244652031618,
       "Nucleotide GTR":0.03720151359096257,
       "Standard MG94":0.03792221536675787,
       "dN":0.02365091866307342,
       "dS":0.0819335390369275,
       "nonsynonymous":0.01785966776545857,
       "original name":"drXP_024412873.1",
       "synonymous":0.02006254760129927
      },
     "mbXP_014394659_1":{
       "Confidence Intervals":{
         "LB":0.615650815509454,
         "MLE":0.7915500738735585,
         "UB":0.9961569982752406
        },
       "Lineage dN/dS":0.7915500738735585,
       "Nucleotide GTR":0.1940861934862305,
       "Standard MG94":0.1951009696825272,
       "dN":0.1713722975561093,
       "dS":0.2682779409769081,
       "nonsynonymous":0.1294094467177746,
       "original name":"mbXP_014394659.1",
       "synonymous":0.06569152296475257
      },
     "mdXP_059551317_1":{
       "Confidence Intervals":{
         "LB":0.6051954566279273,
         "MLE":0.8803018226499267,
         "UB":1.225960105327328
        },
       "Lineage dN/dS":0.8803018226499267,
       "Nucleotide GTR":0.009399932189779681,
       "Standard MG94":0.009483836307505574,
       "dN":0.009372295640759008,
       "dS":0.00982781713058677,
       "nonsynonymous":0.007077360872453309,
       "original name":"mdXP_059551317.1",
       "synonymous":0.00240647543505226
      },
     "mlXP_006100205_1":{
       "Confidence Intervals":{
         "LB":0.6935600591420047,
         "MLE":1.028207183124465,
         "UB":1.457785608832414
        },
       "Lineage dN/dS":1.028207183124465,
       "Nucleotide GTR":0.00315786932235357,
       "Standard MG94":0.004633017752991329,
       "dN":0.00613533955276013,
       "dS":4.0839050286725e-10,
       "nonsynonymous":0.004633017752991329,
       "original name":"mlXP_006100205.1",
       "synonymous":1e-10
      },
     "mmXP_036170037_1":{
       "Confidence Intervals":{
         "LB":0.628670486506295,
         "MLE":0.9197683349173469,
         "UB":1.291417755609643
        },
       "Lineage dN/dS":0.9197683349173469,
       "Nucleotide GTR":0.006245411897049679,
       "Standard MG94":0.005160067852401899,
       "dN":0.006833293131528962,
       "dS":4.0839050286725e-10,
       "nonsynonymous":0.0051600678524019,
       "original name":"mmXP_036170037.1",
       "synonymous":1e-10
      },
     "moXP_036097190_1":{
       "Confidence Intervals":{
         "LB":0.8831052706731131,
         "MLE":1.332512392710461,
         "UB":1.92104032694676
        },
       "Lineage dN/dS":1.332512392710461,
       "Nucleotide GTR":0.05686122534517286,
       "Standard MG94":0.05677959550789738,
       "dN":0.05995607930919198,
       "dS":0.04698362113958796,
       "nonsynonymous":0.04527501329804601,
       "original name":"moXP_036097190.1",
       "synonymous":0.01150458220985131
      },
     "paXP_006923224_1":{
       "Confidence Intervals":{
         "LB":0.1597925308598727,
         "MLE":0.2993074339565341,
         "UB":0.4976258453301109
        },